prompt_id,mode,baseline_impl,draft_model,target_model,strategy,candidate_length_k,top_k,top_p,temperature,n,prompt_chars_mean,generated_tokens_mean,acceptance_rate_mean,top1_match_rate_mean,avg_accepted_prefix_length_mean,total_generation_time_mean,tokens_per_s_mean,proposed_tokens_mean,accepted_tokens_mean,accepted_tokens_per_draft_second_mean,rejection_events_mean,verify_rounds_mean,draft_time_mean,verify_time_mean,rebuild_time_mean,draft_time_ratio_mean,verify_time_ratio_mean,rebuild_time_ratio_mean,target_decode_step_time_mean,draft_decode_step_time_mean,draft_target_latency_ratio_mean,prompt_chars_std,generated_tokens_std,acceptance_rate_std,top1_match_rate_std,avg_accepted_prefix_length_std,total_generation_time_std,tokens_per_s_std,proposed_tokens_std,accepted_tokens_std,accepted_tokens_per_draft_second_std,rejection_events_std,verify_rounds_std,draft_time_std,verify_time_std,rebuild_time_std,draft_time_ratio_std,verify_time_ratio_std,rebuild_time_ratio_std,target_decode_step_time_std,draft_decode_step_time_std,draft_target_latency_ratio_std
explain_sd_simple,baseline,hf,,EleutherAI/pythia-1.4b,greedy,,,,1.0,3,45.0,128.0,,,,3.2947041988372803,38.882594368177,,,,,,0.0,3.2947041988372803,0.0,0.0,1.0,0.0,,,,0.0,0.0,,,,0.09434633531094085,1.1304817550794128,,,,,,0.0,0.09434633531094085,0.0,0.0,0.0,0.0,,,
explain_sd_simple,baseline,manual,,EleutherAI/pythia-1.4b,greedy,,,,1.0,3,45.0,128.0,,,,3.365681250890096,38.03508950140178,,,,,,0.0,3.365681250890096,0.0,0.0,1.0,0.0,,,,0.0,0.0,,,,0.035188901705365254,0.3975114649965053,,,,,,0.0,0.035188901705365254,0.0,0.0,0.0,0.0,,,
explain_sd_simple,speculative,manual,EleutherAI/pythia-70m,EleutherAI/pythia-1.4b,greedy,1,,,1.0,3,45.0,128.0,0.7432432432432432,0.7432432432432432,0.7432432432432432,5.043375889460246,25.385819634107538,74.0,55.0,99.2413563097314,19.0,74.0,0.5546973546346029,1.9395842552185059,2.4905194441477456,0.10996893242472872,0.3846075357528669,0.4938001377615026,0.031685251742601395,0.009004471823573112,0.28418495446152436,0.0,0.0,0.0,0.0,0.0,0.07733363347381654,0.3909318892789546,0.0,0.0,2.928151120778118,0.0,0.0,0.01670622823675556,0.02502839439202515,0.04882302848269514,0.002093382232200233,0.003218462384756247,0.004198325792439322,0.0,0.0,0.0
explain_sd_simple,speculative,manual,EleutherAI/pythia-70m,EleutherAI/pythia-1.4b,greedy,2,,,1.0,3,45.0,128.0,0.631578947368421,0.631578947368421,1.263157894736842,4.522840181986491,28.319138792791215,114.0,72.0,82.69337456232577,29.0,57.0,0.8710371653238932,1.7023286024729412,1.8957626819610596,0.19262835716902255,0.37652479841518055,0.4190115150367223,0.031685251742601395,0.009004471823573112,0.28418495446152436,0.0,0.0,0.0,0.0,0.0,0.11514364201093373,0.720424142856759,0.0,0.0,1.6711023412020753,0.0,0.0,0.017355367515724456,0.02047024842708267,0.07417734366912881,0.0026475546542833795,0.005824943429866867,0.005895006149255688,0.0,0.0,0.0
explain_sd_simple,speculative,manual,EleutherAI/pythia-70m,EleutherAI/pythia-1.4b,greedy,4,,,1.0,3,45.0,128.0,0.44324324324324327,0.44324324324324327,1.7446808510638299,4.237335046132405,30.210735854728263,185.0,82.0,61.59691737153517,35.0,47.0,1.3314655621846516,1.350632667541504,1.49322509765625,0.3142462871955637,0.3187530116823732,0.35236995653381914,0.031685251742601395,0.009004471823573112,0.28418495446152436,0.0,0.0,0.0,0.0,0.0,0.042579310021304155,0.3055443000498655,0.0,0.0,0.8092808805426035,0.0,0.0,0.017515325595586807,0.016619454824125256,0.036695421913592416,0.0046836443523734835,0.003092216990345144,0.00658200073235363,0.0,0.0,0.0
explain_sd_simple,speculative,manual,EleutherAI/pythia-70m,EleutherAI/pythia-1.4b,greedy,6,,,1.0,3,45.0,128.0,0.34523809523809523,0.34523809523809523,2.0714285714285716,4.694885969161987,27.2805608549302,252.0,87.0,44.59871756334809,37.0,42.0,1.954128662745158,1.2742335001627605,1.3867887655893962,0.4160516553358734,0.27157469556618524,0.29538648472397383,0.031685251742601395,0.009004471823573112,0.28418495446152436,0.0,0.0,0.0,0.0,0.0,0.11684314414121554,0.6772701358144727,0.0,0.0,1.8483888958694552,0.0,0.0,0.08206342915630178,0.005083368561870716,0.03664397629037358,0.007201819273791056,0.0067714884931337465,0.003139555198953178,0.0,0.0,0.0
explain_sd_simple,speculative,manual,EleutherAI/pythia-70m,EleutherAI/pythia-1.4b,greedy,8,,,1.0,3,45.0,128.0,0.26993865030674846,0.26993865030674846,2.1463414634146343,5.177938461303711,24.728547375839486,326.0,88.0,35.10650253960807,37.0,41.0,2.5087658564249673,1.236279805501302,1.341205358505249,0.48447043404724494,0.2387794007147071,0.2590366324758041,0.031685251742601395,0.009004471823573112,0.28418495446152436,0.0,0.0,0.0,0.0,0.0,0.0946931400791097,0.45304310100723083,0.0,0.0,1.0077073821863936,0.0,0.0,0.07343042573806309,0.030487921484691018,0.02416909194493724,0.008977844108823244,0.00504848263429529,0.0025620792138018,0.0,0.0,0.0
explain_sd_simple,baseline,hf,,EleutherAI/pythia-1.4b,top_k,,50,,1.0,3,45.0,128.0,,,,3.6475538412729898,35.11085295474455,,,,,,0.0,3.6475538412729898,0.0,0.0,1.0,0.0,,,,0.0,0.0,,,,0.0843527331155496,0.8148562853096858,,,,,,0.0,0.0843527331155496,0.0,0.0,0.0,0.0,,,
explain_sd_simple,baseline,manual,,EleutherAI/pythia-1.4b,top_k,,50,,1.0,3,45.0,128.0,,,,3.6313118934631348,35.25044449507544,,,,,,0.0,3.6313118934631348,0.0,0.0,1.0,0.0,,,,0.0,0.0,,,,0.023533530890713323,0.22769092221209034,,,,,,0.0,0.023533530890713323,0.0,0.0,0.0,0.0,,,
explain_sd_simple,speculative,manual,EleutherAI/pythia-70m,EleutherAI/pythia-1.4b,top_k,1,50,,1.0,3,45.0,128.0,0.5161571044781039,0.3576813409589109,0.5161571044781039,6.695078293482463,19.11929290416282,84.66666666666667,43.666666666666664,63.90645402008216,41.0,84.66666666666667,0.6833805243174235,2.3234976132710776,2.972467581431071,0.10208353252914676,0.3470377844361753,0.4439851448039728,0.031685251742601395,0.009004471823573112,0.28418495446152436,0.0,0.0,0.02784554386660917,0.060049239018170796,0.02784554386660917,0.04242661580207415,0.12169040247577333,1.247219128924647,1.699673171197595,2.3724385314759133,2.943920288775949,1.247219128924647,0.012995950573022936,0.028092306161989572,0.015541796520426684,0.0023826434217895038,0.002708944405154316,0.0019396543241764444,0.0,0.0,0.0
explain_sd_simple,speculative,manual,EleutherAI/pythia-70m,EleutherAI/pythia-1.4b,top_k,2,50,,1.0,3,45.0,128.0,0.4748395427442938,0.24719911890927043,0.9448213478064225,6.124323685963948,20.901600034455864,132.0,62.666666666666664,60.67965363529737,43.0,66.33333333333333,1.032817045847575,2.073185920715332,2.2659095923105874,0.16866503303684963,0.3385189647801319,0.36995429385434303,0.031685251742601395,0.009004471823573112,0.28418495446152436,0.0,0.0,0.008593451444293626,0.0264708906423119,0.01375196363230284,0.04887797065246214,0.16703411752052785,1.4142135623730951,0.4714045207910317,0.6239643410344055,1.4142135623730951,0.4714045207910317,0.009772530023779352,0.024004015925207,0.05393034365625988,0.0029318887135459737,0.003080546776895508,0.006822719766715785,0.0,0.0,0.0
explain_sd_simple,speculative,manual,EleutherAI/pythia-70m,EleutherAI/pythia-1.4b,top_k,4,50,,1.0,3,45.0,128.0,0.30995886936191036,0.20281933713577743,1.2272984078068823,6.456715742746989,19.842710634655074,229.66666666666666,71.0,39.58728174257277,51.333333333333336,58.0,1.7969696521759033,1.7582789262135823,1.9831376870473225,0.27827168798570323,0.27232038552205257,0.30720896364023365,0.031685251742601395,0.009004471823573112,0.28418495446152436,0.0,0.0,0.021519956152077198,0.03188804278979394,0.08486316594187539,0.19847956191759805,0.5982855525399882,8.73053390247253,2.160246899469287,2.3253646629179427,1.247219128924647,2.160246899469287,0.06471480139159899,0.05766824867281301,0.051179391818874015,0.0022664071149119504,0.00347930439786708,0.00390739278830451,0.0,0.0,0.0
explain_sd_simple,speculative,manual,EleutherAI/pythia-70m,EleutherAI/pythia-1.4b,top_k,6,50,,1.0,3,45.0,128.0,0.18853726932621626,0.11742841811097374,1.1113211951447246,7.513082265853882,17.12463040310695,362.0,67.33333333333333,25.231965726515156,60.0,61.333333333333336,2.697028716405233,1.7888348897298176,1.994359811147054,0.3589790344829565,0.23787907206697032,0.26556348045933825,0.031685251742601395,0.009004471823573112,0.28418495446152436,0.0,0.0,0.029486224373361816,0.02921317912438623,0.1666863825376616,0.5495181279943381,1.1991904347441087,31.15552385479446,4.9216076867444665,3.615898459119584,5.354126134736337,4.988876515698588,0.19936417344610344,0.15405768490545707,0.13404861023782835,0.004928965718773636,0.0029709729610808717,0.0020573534191386527,0.0,0.0,0.0
explain_sd_simple,speculative,manual,EleutherAI/pythia-70m,EleutherAI/pythia-1.4b,top_k,8,50,,1.0,3,45.0,128.0,0.18599729546991212,0.14239831718127863,1.4626111455748552,7.781065781911214,17.126019736818268,433.0,73.66666666666667,24.12597250509702,51.666666666666664,55.0,3.284555991490682,1.6508673032124836,1.7877089182535808,0.42218958578951277,0.21314682979445881,0.22857680409266518,0.031685251742601395,0.009004471823573112,0.28418495446152436,0.0,0.0,0.0764689926415468,0.08901248016393465,0.597895873626197,1.4430600536955944,3.6454310136029235,89.84801982607445,11.55662388223981,9.17988844588177,14.613540144521982,11.343133018115703,0.6075469851834866,0.2740696808448999,0.37291400169853617,0.005835956138536899,0.006358742899081114,0.006337508735718648,0.0,0.0,0.0
explain_sd_simple,baseline,hf,,EleutherAI/pythia-1.4b,top_p,,,0.9,1.0,3,45.0,128.0,,,,3.465664863586426,36.964429851041714,,,,,,0.0,3.465664863586426,0.0,0.0,1.0,0.0,,,,0.0,0.0,,,,0.09995422895297988,1.0639629266659776,,,,,,0.0,0.09995422895297988,0.0,0.0,0.0,0.0,,,
explain_sd_simple,baseline,manual,,EleutherAI/pythia-1.4b,top_p,,,0.9,1.0,3,45.0,128.0,,,,3.512692928314209,36.444562725193336,,,,,,0.0,3.512692928314209,0.0,0.0,1.0,0.0,,,,0.0,0.0,,,,0.042470488949221105,0.4369570751355435,,,,,,0.0,0.042470488949221105,0.0,0.0,0.0,0.0,,,
explain_sd_simple,speculative,manual,EleutherAI/pythia-70m,EleutherAI/pythia-1.4b,top_p,1,,0.9,1.0,3,45.0,128.0,0.5257155735857562,0.33604631507775523,0.5257155735857562,6.224487066268921,20.579382707594636,84.0,44.0,67.27659653718345,40.0,84.0,0.6555287837982178,2.283947149912516,2.959450642267863,0.10533096503969437,0.3667479671448489,0.4756849058501643,0.031685251742601395,0.009004471823573112,0.28418495446152436,0.0,0.0,0.05439505632745223,0.0945200264085282,0.05439505632745223,0.16885101464771954,0.5691500742945388,2.943920288775949,2.943920288775949,6.192012977386272,5.887840577551898,2.943920288775949,0.016999068507841567,0.10340623356428202,0.03136572680716764,0.00161737878528198,0.0069252130766475845,0.008826864978747743,0.0,0.0,0.0
explain_sd_simple,speculative,manual,EleutherAI/pythia-70m,EleutherAI/pythia-1.4b,top_p,2,,0.9,1.0,3,45.0,128.0,0.40802917411095896,0.2409853612806625,0.814372989393702,5.913410504659017,21.683719442642257,141.66666666666666,57.666666666666664,53.30808606351526,49.0,71.0,1.086612065633138,2.0966456731160483,2.341385285059611,0.18371218905435893,0.3547279510294702,0.395873857750883,0.031685251742601395,0.009004471823573112,0.28418495446152436,0.0,0.0,0.030724174597277804,0.04711107597251475,0.06332437951708038,0.2440916520164598,0.9207316006875309,4.496912521077347,2.494438257849294,4.913073912428274,5.715476066494082,2.449489742783178,0.05522809821866879,0.06298233191276074,0.11094550907859575,0.0038407365690606996,0.004156127788445082,0.005221606279065224,0.0,0.0,0.0
explain_sd_simple,speculative,manual,EleutherAI/pythia-70m,EleutherAI/pythia-1.4b,top_p,4,,0.9,1.0,3,45.0,128.0,0.29185225023888717,0.13180219271450677,1.1394418423106947,6.051520586013794,21.255829091709685,235.66666666666666,68.33333333333333,38.34031856830666,53.666666666666664,60.333333333333336,1.8020405769348145,1.7638805707295735,1.9934723377227783,0.29755447349380415,0.29223846985301954,0.32886271642018317,0.031685251742601395,0.009004471823573112,0.28418495446152436,0.0,0.0,0.03289935809872886,0.00956588805118736,0.1251559469548065,0.4162049682269892,1.5147869469693669,13.572848714334889,3.681787005729087,5.244260394948255,4.9216076867444665,3.2998316455372216,0.14445921960061595,0.059581822298555534,0.18613060549869798,0.003962794481070007,0.011437448630843564,0.01001134923276429,0.0,0.0,0.0
explain_sd_simple,speculative,manual,EleutherAI/pythia-70m,EleutherAI/pythia-1.4b,top_p,6,,0.9,1.0,3,45.0,128.0,0.25849004526442987,0.1387624955480688,1.5217864923747277,5.964196125666301,21.53255939369147,300.3333333333333,77.33333333333333,34.49758551201529,48.0,51.0,2.2504477500915527,1.516160488128662,1.6395634810129802,0.3774960869523303,0.2540233606331319,0.2748374409091156,0.031685251742601395,0.009004471823573112,0.28418495446152436,0.0,0.0,0.019648867615762816,0.002215213156481756,0.11371839475690977,0.3456451846441021,1.2287388958139935,15.412837362262522,2.0548046676563256,2.5709019378422946,2.160246899469287,2.449489742783178,0.11997806382807943,0.10735947007411294,0.10521554808293523,0.0070718426143131655,0.0035545201274279335,0.0054857215188656135,0.0,0.0,0.0
explain_sd_simple,speculative,manual,EleutherAI/pythia-70m,EleutherAI/pythia-1.4b,top_p,8,,0.9,1.0,3,45.0,128.0,0.15581576474433617,0.07754195522052665,1.2238863287250383,7.481012264887492,17.150312637494498,455.0,70.66666666666667,21.42992403066019,57.0,58.0,3.3092195987701416,1.6386525630950928,1.8049633502960205,0.4425275550104493,0.219005755811553,0.2410538789131828,0.031685251742601395,0.009004471823573112,0.28418495446152436,0.0,0.0,0.012959248173730026,0.005124987487110104,0.11269174892181925,0.3686327801999692,0.8184898618906065,17.72004514666935,3.2998316455372216,1.8281625541963809,3.559026084010437,2.8284271247461903,0.13656555459448036,0.0868554265365326,0.12335902621698822,0.004409989151997533,0.0016344172118778694,0.004619530544079971,0.0,0.0,0.0
sampling_diff,baseline,hf,,EleutherAI/pythia-1.4b,greedy,,,,1.0,3,77.0,128.0,,,,3.4400229454040527,37.23886093504014,,,,,,0.0,3.4400229454040527,0.0,0.0,1.0,0.0,,,,0.0,0.0,,,,0.09786055018254358,1.0479254821865422,,,,,,0.0,0.09786055018254358,0.0,0.0,0.0,0.0,,,
sampling_diff,baseline,manual,,EleutherAI/pythia-1.4b,greedy,,,,1.0,3,77.0,128.0,,,,3.330868403116862,38.42906600130669,,,,,,0.0,3.330868403116862,0.0,0.0,1.0,0.0,,,,0.0,0.0,,,,0.013681677586788347,0.1580005932345477,,,,,,0.0,0.013681677586788347,0.0,0.0,0.0,0.0,,,
sampling_diff,speculative,manual,EleutherAI/pythia-70m,EleutherAI/pythia-1.4b,greedy,1,,,1.0,3,77.0,128.0,0.6973684210526315,0.6973684210526315,0.6973684210526315,5.16591199239095,24.789120014838666,76.0,53.0,90.87876784762832,23.0,76.0,0.583666721979777,1.9902608394622803,2.528132994969686,0.11296858222187119,0.3853023886462168,0.4893719468266133,0.03215070441365242,0.008942389860749245,0.2781397802578771,0.0,0.0,0.0,0.0,0.0,0.11070281941516122,0.5276987300244423,0.0,0.0,2.588725849356469,0.0,0.0,0.016579988504143703,0.042168803608177985,0.06052773599884362,0.0009689945506754973,0.0049728049598253025,0.0036393327983710194,0.0,0.0,0.0
sampling_diff,speculative,manual,EleutherAI/pythia-70m,EleutherAI/pythia-1.4b,greedy,2,,,1.0,3,77.0,128.0,0.5447154471544715,0.5447154471544715,1.0806451612903225,4.843720277150472,26.430534951647317,123.0,67.0,74.21688952640558,33.0,62.0,0.9027976195017496,1.850782871246338,2.0266844431559243,0.18640955156938696,0.38205954221744226,0.41843053269558544,0.03215070441365242,0.008942389860749245,0.2781397802578771,0.0,0.0,0.0,0.0,0.0,0.06338716821663809,0.3489378315562378,0.0,0.0,0.48140431521698784,0.0,0.0,0.0058811170880362,0.04229506770009192,0.02483098319349226,0.002140904482346161,0.004604677510589235,0.0030252067583858484,0.0,0.0,0.0
sampling_diff,speculative,manual,EleutherAI/pythia-70m,EleutherAI/pythia-1.4b,greedy,4,,,1.0,3,77.0,128.0,0.42408376963350786,0.42408376963350786,1.6875,4.475853284200032,28.602923095513262,191.0,81.0,56.83765991374346,36.0,48.0,1.4254392782847087,1.422417402267456,1.5525906085968018,0.3184746096009405,0.3177879893370801,0.34687120350926537,0.03215070441365242,0.008942389860749245,0.2781397802578771,0.0,0.0,0.0,0.0,0.0,0.05912526824659271,0.38034115403630575,0.0,0.0,0.8583829536966441,0.0,0.0,0.021707504952199547,0.02316532854006969,0.024647258020630027,0.0025493863948231337,0.0017064264055629639,0.001529443810217949,0.0,0.0,0.0
sampling_diff,speculative,manual,EleutherAI/pythia-70m,EleutherAI/pythia-1.4b,greedy,6,,,1.0,3,77.0,128.0,0.3755274261603376,0.3755274261603376,2.225,4.194207827250163,30.519126262610527,237.0,89.0,51.81691158583817,31.0,40.0,1.7178711891174316,1.1402205626169841,1.2598497867584229,0.40956816174942323,0.27184777125120463,0.3004039574163189,0.03215070441365242,0.008942389860749245,0.2781397802578771,0.0,0.0,0.0,0.0,0.0,0.022091950897091053,0.16106632819485373,0.0,0.0,0.6705798442751435,0.0,0.0,0.02204000414233929,0.020901075284135835,0.016011306972265778,0.0034528837596960824,0.004260444070278375,0.005226636443427763,0.0,0.0,0.0
sampling_diff,speculative,manual,EleutherAI/pythia-70m,EleutherAI/pythia-1.4b,greedy,8,,,1.0,3,77.0,128.0,0.2620481927710843,0.2620481927710843,2.0714285714285716,5.123478730519612,24.983113844434545,332.0,87.0,35.76742065822287,37.0,42.0,2.4335620403289795,1.2596150239308674,1.3366750081380208,0.4750008603374985,0.24584642255023048,0.26087738903260704,0.03215070441365242,0.008942389860749245,0.2781397802578771,0.0,0.0,0.0,0.0,0.0,0.009626552265993994,0.04699545524867245,0.0,0.0,0.7912879120509974,0.0,0.0,0.053382330563569544,0.024775963079395762,0.04533849161498988,0.01119558429426462,0.004541703186449228,0.008394531695398787,0.0,0.0,0.0
sampling_diff,baseline,hf,,EleutherAI/pythia-1.4b,top_k,,50,,1.0,3,77.0,104.33333333333333,,,,2.7725369135538735,38.10754288857486,,,,,,0.0,2.7725369135538735,0.0,0.0,1.0,0.0,,,,0.0,33.46972097616325,,,,0.9545185980297052,1.3902939742669025,,,,,,0.0,0.9545185980297052,0.0,0.0,0.0,0.0,,,
sampling_diff,baseline,manual,,EleutherAI/pythia-1.4b,top_k,,50,,1.0,3,77.0,128.0,,,,3.5564889113108316,36.04211754804866,,,,,,0.0,3.5564889113108316,0.0,0.0,1.0,0.0,,,,0.0,0.0,,,,0.13572759149302463,1.3514459287406306,,,,,,0.0,0.13572759149302463,0.0,0.0,0.0,0.0,,,
sampling_diff,speculative,manual,EleutherAI/pythia-70m,EleutherAI/pythia-1.4b,top_k,1,50,,1.0,3,77.0,128.0,0.5761052869486605,0.3608894452267946,0.5761052869486605,6.065574248631795,21.13908876993841,81.33333333333333,46.666666666666664,75.28787138501316,34.666666666666664,81.33333333333333,0.6248850027720133,2.119489908218384,2.709848324457804,0.10292951562265466,0.3495466402063308,0.4470850966364245,0.03215070441365242,0.008942389860749245,0.2781397802578771,0.0,0.0,0.061434417765429954,0.1077984999439617,0.061434417765429954,0.24987342871292575,0.88358412513315,3.0912061651652345,3.0912061651652345,9.90495811675566,6.182412330330469,3.0912061651652345,0.039209000123826526,0.07034789650674855,0.06435102758508825,0.002358943020901318,0.002853661681079754,0.007926424790531387,0.0,0.0,0.0
sampling_diff,speculative,manual,EleutherAI/pythia-70m,EleutherAI/pythia-1.4b,top_k,2,50,,1.0,3,77.0,128.0,0.43677248677248676,0.2687665343915344,0.8735449735449735,6.128497838973999,20.923032025008304,137.33333333333334,59.666666666666664,57.28764327114448,46.333333333333336,68.66666666666667,1.0450015862782795,2.0356653531392417,2.2822717825571694,0.17055877044255313,0.3321896691238554,0.37245374329672976,0.03215070441365242,0.008942389860749245,0.2781397802578771,0.0,0.0,0.04664044422778261,0.04660249858982386,0.09328088845556522,0.2560180130509416,0.886015528821283,6.79869268479038,3.2998316455372216,5.29877772913424,4.496912521077347,3.39934634239519,0.03767799307579766,0.08407802026098826,0.0898781898640445,0.0014115474459937903,0.003846779628181186,0.0028722630047709956,0.0,0.0,0.0
sampling_diff,speculative,manual,EleutherAI/pythia-70m,EleutherAI/pythia-1.4b,top_k,4,50,,1.0,3,77.0,128.0,0.33865950340053924,0.2373876966879955,1.3419088847660277,6.092186292012532,21.16541333802968,221.0,73.33333333333333,44.62602681851924,48.333333333333336,55.666666666666664,1.6681311130523682,1.661975622177124,1.890579064687093,0.2737182568366569,0.2726284442346767,0.3109576771143843,0.03215070441365242,0.008942389860749245,0.2781397802578771,0.0,0.0,0.06277629303855818,0.050268468366785744,0.23885229473618452,0.5208776011011504,1.8149555589295596,24.097026095903757,5.734883511361751,7.404374320236634,9.392668535736915,5.734883511361751,0.14992654129831684,0.15544051815993892,0.11878222196732294,0.0014500820420969636,0.0025429082380850933,0.007829065375359878,0.0,0.0,0.0
sampling_diff,speculative,manual,EleutherAI/pythia-70m,EleutherAI/pythia-1.4b,top_k,6,50,,1.0,3,77.0,128.0,0.21356614135141988,0.13004461428359892,1.2648387096774194,7.415010452270508,17.43942341580221,339.0,71.33333333333333,27.287482930330807,55.0,57.333333333333336,2.665977636973063,1.7385977109273274,1.968994140625,0.35937900576206033,0.23458686566187764,0.26549991805038603,0.03215070441365242,0.008942389860749245,0.2781397802578771,0.0,0.0,0.03671393073196387,0.028761042838270426,0.22556869203157445,0.7222054776772444,1.819088074940173,29.06314963431642,5.557777333511022,5.212244952426384,5.715476066494082,5.2493385826745405,0.27291684763477336,0.16991478759905787,0.1950943274478173,0.0052554615436368616,0.006578433211076445,0.002146069342084255,0.0,0.0,0.0
sampling_diff,speculative,manual,EleutherAI/pythia-70m,EleutherAI/pythia-1.4b,top_k,8,50,,1.0,3,77.0,128.0,0.19113665035847258,0.11611390927413151,1.503236057822734,7.472533067067464,17.3608064590996,407.6666666666667,76.33333333333333,25.113330229121807,50.333333333333336,52.0,3.1105104287465415,1.566562016805013,1.726528485616048,0.41626604849826504,0.20976810927204576,0.2311826153215712,0.03215070441365242,0.008942389860749245,0.2781397802578771,0.0,0.0,0.03507040054963964,0.03219235433845213,0.28805626956311153,0.8936437002334604,1.9367793395851625,45.25728916121935,6.649979114420001,4.771757810630882,7.542472332656507,6.377042156569663,0.3737512007830009,0.18072395555281578,0.20242025509461356,0.004012027141478525,0.00285108671728868,0.0076541672208751315,0.0,0.0,0.0
sampling_diff,baseline,hf,,EleutherAI/pythia-1.4b,top_p,,,0.9,1.0,3,77.0,128.0,,,,3.757601499557495,34.10098940226068,,,,,,0.0,3.757601499557495,0.0,0.0,1.0,0.0,,,,0.0,0.0,,,,0.12433625330967076,1.1094618499770184,,,,,,0.0,0.12433625330967076,0.0,0.0,0.0,0.0,,,
sampling_diff,baseline,manual,,EleutherAI/pythia-1.4b,top_p,,,0.9,1.0,3,77.0,128.0,,,,3.676788091659546,34.8268875323009,,,,,,0.0,3.676788091659546,0.0,0.0,1.0,0.0,,,,0.0,0.0,,,,0.07332895223436556,0.6967261824679828,,,,,,0.0,0.07332895223436556,0.0,0.0,0.0,0.0,,,
sampling_diff,speculative,manual,EleutherAI/pythia-70m,EleutherAI/pythia-1.4b,top_p,1,,0.9,1.0,3,77.0,128.0,0.5479902473005921,0.3467816091954023,0.5479902473005921,5.789172013600667,22.19911829933895,83.33333333333333,45.0,73.5599243754163,38.333333333333336,83.33333333333333,0.6218721866607666,2.1459418137868247,2.7091315587361655,0.10730605495961623,0.3706189104881765,0.46812999563356333,0.03215070441365242,0.008942389860749245,0.2781397802578771,0.0,0.0,0.11279081000713617,0.09736778827561385,0.11279081000713617,0.35846165463418106,1.4354289256884367,5.9066817155564495,5.715476066494082,15.526800008655403,11.61416759345623,5.9066817155564495,0.05096389801480437,0.13855177749643488,0.15413230205762005,0.0030262415454076794,0.0010970098901398435,0.004218622054461779,0.0,0.0,0.0
sampling_diff,speculative,manual,EleutherAI/pythia-70m,EleutherAI/pythia-1.4b,top_p,2,,0.9,1.0,3,77.0,128.0,0.48238667257683215,0.3047324172576832,0.9600484853565839,5.565861940383911,23.073313858221603,131.33333333333334,63.0,62.28227673463115,41.333333333333336,66.0,1.0173214276631672,1.9826240539550781,2.197523276011149,0.18283173586455154,0.35581528122548783,0.3951685795804741,0.03215070441365242,0.008942389860749245,0.2781397802578771,0.0,0.0,0.05090386318033729,0.0593676652613975,0.10205952181867813,0.3257320068840441,1.298310529738559,6.944222218666553,3.559026084010437,6.600488123314631,5.557777333511022,3.559026084010437,0.05476599099363704,0.15612558618282021,0.09501197249461991,0.0015209652336277163,0.007729499139651333,0.0062203164915680224,0.0,0.0,0.0
sampling_diff,speculative,manual,EleutherAI/pythia-70m,EleutherAI/pythia-1.4b,top_p,4,,0.9,1.0,3,77.0,128.0,0.32954360962535517,0.20074166605141153,1.2993197278911566,5.590492169062297,23.162935228177908,222.0,71.66666666666667,44.34336406022977,49.0,56.333333333333336,1.6385890642801921,1.6373977661132812,1.8375393549601238,0.29390603033333473,0.2930181812878886,0.3278411493777611,0.03215070441365242,0.008942389860749245,0.2781397802578771,0.0,0.0,0.06311961804175427,0.06830946818596642,0.250133011031976,0.610619335746841,2.4495574115320498,23.678400846904054,6.128258770283412,7.3182373392792845,8.981462390204987,6.128258770283412,0.13668506485546467,0.17350843191550597,0.24467650324549678,0.007357807832358728,0.0027754026329357808,0.00815276886952006,0.0,0.0,0.0
sampling_diff,speculative,manual,EleutherAI/pythia-70m,EleutherAI/pythia-1.4b,top_p,6,,0.9,1.0,3,77.0,128.0,0.21548338857809818,0.14454057780916826,1.2705820105820105,6.580100695292155,19.909061845093657,341.0,71.0,29.480329527718975,56.333333333333336,58.0,2.5045575300852456,1.6357254187266033,1.829497496287028,0.3808862491520876,0.24856796209365525,0.27746078575260313,0.03215070441365242,0.008942389860749245,0.2781397802578771,0.0,0.0,0.05160539730223425,0.029278135341971476,0.31234840168229083,1.0436709405439553,2.8824985416125815,48.14561246884289,8.640987597877148,7.376118160784988,9.285592184789413,8.640987597877148,0.3850669861919599,0.2599744631321123,0.3203081315643096,0.003759083411924835,0.0037472657761711643,0.007354500828538993,0.0,0.0,0.0
sampling_diff,speculative,manual,EleutherAI/pythia-70m,EleutherAI/pythia-1.4b,top_p,8,,0.9,1.0,3,77.0,128.0,0.19808962212062986,0.10532108335725907,1.536344577854012,6.579551060994466,19.54505838034055,395.3333333333333,77.33333333333333,27.450895190388966,49.333333333333336,51.0,2.8438142935434976,1.4738603432973225,1.6030556360880535,0.4321474648972524,0.22400552635201482,0.24358854707044542,0.03215070441365242,0.008942389860749245,0.2781397802578771,0.0,0.0,0.029823393238102295,0.030352696403747822,0.2363086550355999,0.4438121972784939,1.347997504458557,32.96799795087486,4.784233364802441,3.711570518460421,4.642796092394707,4.320493798938574,0.1985470253938432,0.10119029326762212,0.11314347619726534,0.0016917188126336095,0.0021954703780554213,0.0013710751402414513,0.0,0.0,0.0
draft_target_interaction,baseline,hf,,EleutherAI/pythia-1.4b,greedy,,,,1.0,3,80.0,128.0,,,,3.4067189693450928,37.57731104647484,,,,,,0.0,3.4067189693450928,0.0,0.0,1.0,0.0,,,,0.0,0.0,,,,0.03717609346415495,0.4125912071439884,,,,,,0.0,0.03717609346415495,0.0,0.0,0.0,0.0,,,
draft_target_interaction,baseline,manual,,EleutherAI/pythia-1.4b,greedy,,,,1.0,3,80.0,128.0,,,,3.323869307835897,38.531299064536405,,,,,,0.0,3.323869307835897,0.0,0.0,1.0,0.0,,,,0.0,0.0,,,,0.08002922645010921,0.9121961997194681,,,,,,0.0,0.08002922645010921,0.0,0.0,0.0,0.0,,,
draft_target_interaction,speculative,manual,EleutherAI/pythia-70m,EleutherAI/pythia-1.4b,greedy,1,,,1.0,3,80.0,128.0,0.8695652173913043,0.8695652173913043,0.8695652173913043,4.698433876037598,27.282839118547752,69.0,60.0,114.26931388034623,9.0,69.0,0.5257782141367594,1.8629329999287922,2.2525784174601235,0.1119141287984771,0.39671445458353044,0.479169746640977,0.03281744010746479,0.008941655978560448,0.272466589389053,0.0,0.0,0.0,0.0,0.0,0.18170302772442215,1.0270362429517303,0.0,0.0,4.131630313309095,0.0,0.0,0.019440874147195506,0.04542327176418509,0.11983762101751262,0.0007172439459944326,0.005523541346102114,0.006836037728382653,0.0,0.0,0.0
draft_target_interaction,speculative,manual,EleutherAI/pythia-70m,EleutherAI/pythia-1.4b,greedy,2,,,1.0,3,80.0,128.0,0.8526315789473684,0.8526315789473684,1.6875,3.904282887776693,32.79836506238093,95.0,81.0,110.15560692566328,8.0,48.0,0.7360285917917887,1.4583771228790283,1.668809175491333,0.1884830121185994,0.37348389262962467,0.42752394661681337,0.03281744010746479,0.008941655978560448,0.272466589389053,0.0,0.0,0.0,0.0,0.0,0.08059494684839434,0.6712476947522719,0.0,0.0,3.3724707288605105,0.0,0.0,0.023032445537087515,0.0395612507158788,0.017316705527108445,0.0024424571834584566,0.002592729969495167,0.00470522450617071,0.0,0.0,0.0
draft_target_interaction,speculative,manual,EleutherAI/pythia-70m,EleutherAI/pythia-1.4b,greedy,4,,,1.0,3,80.0,128.0,0.7272727272727273,0.7272727272727273,2.909090909090909,3.141704241434733,40.74252037862238,132.0,96.0,93.33733195927185,11.0,33.0,1.0286468664805095,0.9850405057271322,1.0760451157887776,0.3274107621845782,0.3135367753022985,0.34250587701578106,0.03281744010746479,0.008941655978560448,0.272466589389053,0.0,0.0,0.0,0.0,0.0,0.008555444003459938,0.11093310967459145,0.0,0.0,1.0097867681977257,0.0,0.0,0.01104595541657248,0.026068515546418567,0.028109626662289767,0.0027605493587216138,0.008248383589683621,0.008987187425616779,0.0,0.0,0.0
draft_target_interaction,speculative,manual,EleutherAI/pythia-70m,EleutherAI/pythia-1.4b,greedy,6,,,1.0,3,80.0,128.0,0.6375,0.6375,3.7777777777777777,2.8264323075612388,45.300483941519865,160.0,102.0,87.88251565199747,11.0,27.0,1.1609464486440022,0.778335968653361,0.8394996325174967,0.4107793670315549,0.2753729749422041,0.29698310951954293,0.03281744010746479,0.008941655978560448,0.272466589389053,0.0,0.0,0.0,0.0,0.0,0.04924746555385475,0.7869260899994772,0.0,0.0,1.4205135535221332,0.0,0.0,0.01893339682573508,0.0165620884681603,0.020415290573484655,0.004549879203608113,0.0030388266201606317,0.0022757812361174673,0.0,0.0,0.0
draft_target_interaction,speculative,manual,EleutherAI/pythia-70m,EleutherAI/pythia-1.4b,greedy,8,,,1.0,3,80.0,128.0,0.5675675675675675,0.5675675675675675,4.375,2.8252295653025308,45.34599570536492,185.0,105.0,77.89095763509773,11.0,24.0,1.349758466084798,0.6879640420277914,0.7354726791381836,0.4776732345095632,0.2435390275544411,0.26037797163394816,0.03281744010746479,0.008941655978560448,0.272466589389053,0.0,0.0,0.0,0.0,0.0,0.08341503779113693,1.3530688444587595,0.0,0.0,2.781323111030343,0.0,0.0,0.048186493590427065,0.017535644849668276,0.01939066554804421,0.0039488456563753545,0.0013991151005890543,0.004073247561928304,0.0,0.0,0.0
draft_target_interaction,baseline,hf,,EleutherAI/pythia-1.4b,top_k,,50,,1.0,3,80.0,128.0,,,,3.578794797261556,35.771696681807875,,,,,,0.0,3.578794797261556,0.0,0.0,1.0,0.0,,,,0.0,0.0,,,,0.04441437924457053,0.4404454162208991,,,,,,0.0,0.04441437924457053,0.0,0.0,0.0,0.0,,,
draft_target_interaction,baseline,manual,,EleutherAI/pythia-1.4b,top_k,,50,,1.0,3,80.0,128.0,,,,3.423316399256388,37.4224251068391,,,,,,0.0,3.423316399256388,0.0,0.0,1.0,0.0,,,,0.0,0.0,,,,0.10044248500506786,1.0833549661964141,,,,,,0.0,0.10044248500506786,0.0,0.0,0.0,0.0,,,
draft_target_interaction,speculative,manual,EleutherAI/pythia-70m,EleutherAI/pythia-1.4b,top_k,1,50,,1.0,3,80.0,128.0,0.6067510548523206,0.48132911392405064,0.6067510548523206,5.869295756022136,21.81518475042138,79.66666666666667,48.333333333333336,79.37724537840316,31.333333333333332,79.66666666666667,0.6094502607981364,2.0651439825693765,2.63758118947347,0.10380565196343591,0.35180668308173796,0.44948032415803396,0.03281744010746479,0.008941655978560448,0.272466589389053,0.0,0.0,0.009547433332476589,0.026628388278860476,0.009547433332476589,0.10365681889788274,0.38370877834564954,0.4714045207910317,0.4714045207910317,2.040218260295912,0.9428090415820634,0.4714045207910317,0.021353546700565152,0.05301347341068791,0.017224550531921085,0.0018067219547126462,0.002866049791133836,0.005491150234857696,0.0,0.0,0.0
draft_target_interaction,speculative,manual,EleutherAI/pythia-70m,EleutherAI/pythia-1.4b,top_k,2,50,,1.0,3,80.0,128.0,0.43955392433653306,0.28612836438923395,0.8791078486730661,6.149271011352539,20.8262555617514,136.66666666666666,60.0,56.86243817152802,46.333333333333336,68.33333333333333,1.0565264225006104,2.0712589422861734,2.2465895811716714,0.17175123420991634,0.33684954061949457,0.36534734731096424,0.03281744010746479,0.008941655978560448,0.272466589389053,0.0,0.0,0.02145970280566013,0.034161281551945755,0.04291940561132026,0.13878791095970064,0.4776329425914606,3.39934634239519,1.4142135623730951,1.6368506252637343,0.4714045207910317,1.699673171197595,0.05059170618750134,0.04685500670250914,0.05347013204277981,0.005595234827751564,0.0035762985369855605,0.0032765103991172695,0.0,0.0,0.0
draft_target_interaction,speculative,manual,EleutherAI/pythia-70m,EleutherAI/pythia-1.4b,top_k,4,50,,1.0,3,80.0,128.0,0.3117469182913573,0.18298284183351177,1.224378170891091,6.158562819163005,20.843459660156245,227.66666666666666,70.66666666666667,42.301830558360614,52.666666666666664,58.0,1.676415999730428,1.7303194999694824,1.8524831930796306,0.2723694493508157,0.2808343158894845,0.3009220278619991,0.03281744010746479,0.008941655978560448,0.272466589389053,0.0,0.0,0.02893976984754245,0.011100043299448038,0.11845358790818879,0.3310851246997911,1.1054035409612244,10.656244908763854,3.0912061651652345,3.5929927921110565,4.0276819911981905,2.943920288775949,0.07156698020265792,0.10889809514581149,0.0896614867610208,0.0031107033926026585,0.003064448457051929,0.004800510078435997,0.0,0.0,0.0
draft_target_interaction,speculative,manual,EleutherAI/pythia-70m,EleutherAI/pythia-1.4b,top_k,6,50,,1.0,3,80.0,128.0,0.25043237117644074,0.14802481447993532,1.4803187591030957,6.552920579910278,19.91551834987368,311.6666666666667,75.33333333333333,33.35897833480236,50.333333333333336,53.0,2.3135557174682617,1.521152098973592,1.7525506019592285,0.35436491841309276,0.23156416088330625,0.2663403202076733,0.03281744010746479,0.008941655978560448,0.272466589389053,0.0,0.0,0.06426965363703639,0.05827032300207287,0.40122879898757086,0.8652851576494629,2.8952710124457584,42.35039026450117,7.542472332656507,7.41018133410341,7.3181661333667165,7.788880963698615,0.24905221748478645,0.227417555371372,0.2814453866528367,0.010747134148362168,0.0051894004683966915,0.008811761098356912,0.0,0.0,0.0
draft_target_interaction,speculative,manual,EleutherAI/pythia-70m,EleutherAI/pythia-1.4b,top_k,8,50,,1.0,3,80.0,128.0,0.2010831644934769,0.13034263692322556,1.5518291424088526,6.776517470677693,18.95161083264716,392.0,78.0,28.182195296577365,48.333333333333336,50.666666666666664,2.792361577351888,1.409034013748169,1.6043845017751057,0.41170541786475934,0.20801429866402982,0.23686440627875047,0.03281744010746479,0.008941655978560448,0.272466589389053,0.0,0.0,0.026589617108992436,0.035568998726915914,0.1841579780138663,0.3853403218713505,1.1058620919024271,31.016124838541646,3.7416573867739413,3.4663500682651978,4.496912521077347,3.39934634239519,0.20068026713415024,0.07038091240410621,0.07892779560967504,0.006359588749792872,0.0015674466538627004,0.0019825803258855185,0.0,0.0,0.0
draft_target_interaction,baseline,hf,,EleutherAI/pythia-1.4b,top_p,,,0.9,1.0,3,80.0,112.66666666666667,,,,3.051472822825114,36.93455295443249,,,,,,0.0,3.051472822825114,0.0,0.0,1.0,0.0,,,,0.0,21.684607956387456,,,,0.5907402983352716,0.685279786941874,,,,,,0.0,0.5907402983352716,0.0,0.0,0.0,0.0,,,
draft_target_interaction,baseline,manual,,EleutherAI/pythia-1.4b,top_p,,,0.9,1.0,3,80.0,128.0,,,,3.502455552419027,36.554685887970415,,,,,,0.0,3.502455552419027,0.0,0.0,1.0,0.0,,,,0.0,0.0,,,,0.05468959963140475,0.5698415963799858,,,,,,0.0,0.05468959963140475,0.0,0.0,0.0,0.0,,,
draft_target_interaction,speculative,manual,EleutherAI/pythia-70m,EleutherAI/pythia-1.4b,top_p,1,,0.9,1.0,3,80.0,128.0,0.5564697815652856,0.33896561857184837,0.5564697815652856,5.7357603708903,22.316154015527005,82.66666666666667,46.0,74.25611859124275,36.666666666666664,82.66666666666667,0.6197796662648519,2.114609956741333,2.6931091944376626,0.10805526325016825,0.3686677781083439,0.46953368213046826,0.03281744010746479,0.008941655978560448,0.272466589389053,0.0,0.0,0.00318610166858472,0.06304032388287426,0.00318610166858472,0.005363054647383849,0.020852471629562847,0.4714045207910317,0.0,1.6450640600684552,0.4714045207910317,0.4714045207910317,0.013637532363030322,0.04648000903728111,0.034997887968160384,0.0023724679984737022,0.007940012633397846,0.006395194190167657,0.0,0.0,0.0
draft_target_interaction,speculative,manual,EleutherAI/pythia-70m,EleutherAI/pythia-1.4b,top_p,2,,0.9,1.0,3,80.0,128.0,0.4049480644753793,0.22385593691476846,0.8041575013405999,5.828568617502849,22.077144781787364,142.33333333333334,57.0,55.19609335448499,50.666666666666664,71.66666666666667,1.0514252185821533,2.0758986473083496,2.3173360029856362,0.18009036398771902,0.35616520994684103,0.39781841925521916,0.03281744010746479,0.008941655978560448,0.272466589389053,0.0,0.0,0.0647983452298089,0.06315570503978492,0.12831075232600445,0.4205757693820004,1.6144261721409872,9.843215373488933,5.354126134736337,10.313990318757266,7.84573486395988,4.9216076867444665,0.1003072855057583,0.15067362516710017,0.14999236461120125,0.0042669385472944715,0.004898467860236426,0.004265226781112025,0.0,0.0,0.0
draft_target_interaction,speculative,manual,EleutherAI/pythia-70m,EleutherAI/pythia-1.4b,top_p,4,,0.9,1.0,3,80.0,128.0,0.25659455095987604,0.1294137853890176,1.013219616204691,6.468640089035034,20.033308119240854,254.0,64.0,34.65285814138496,59.0,64.33333333333333,1.879900614420573,1.9520494143168132,2.093688646952311,0.2911406144149064,0.3011162475094771,0.3234866321871372,0.03281744010746479,0.008941655978560448,0.272466589389053,0.0,0.0,0.04976020830612585,0.017289258969787585,0.19669375730259855,0.6911556051095833,2.2991466940785754,23.62202362203543,5.887840577551898,6.650639471040545,8.04155872120988,6.018490028422596,0.1720083098856562,0.24493687360972352,0.23407906398386644,0.004993772931113677,0.006338149548633556,0.001913116322369544,0.0,0.0,0.0
draft_target_interaction,speculative,manual,EleutherAI/pythia-70m,EleutherAI/pythia-1.4b,top_p,6,,0.9,1.0,3,80.0,128.0,0.14866082427058036,0.08471278796482049,0.872061272061272,7.885725577672322,16.310821244338694,404.6666666666667,59.333333333333336,20.24587305553737,67.66666666666667,69.0,2.9610535303751626,2.005831480026245,2.1916650931040444,0.3756432553352327,0.2541482162258832,0.27780132008456787,0.03281744010746479,0.008941655978560448,0.272466589389053,0.0,0.0,0.025158620431956564,0.01968504868747907,0.1484299294937039,0.5622727510848629,1.107410518888376,32.8870119584549,5.9066817155564495,3.175090046544245,6.649979114420001,5.656854249492381,0.19404154800054946,0.16778524337195638,0.17092902189282555,0.002075316634929802,0.003010387210699696,0.0017818743453895647,0.0,0.0,0.0
draft_target_interaction,speculative,manual,EleutherAI/pythia-70m,EleutherAI/pythia-1.4b,top_p,8,,0.9,1.0,3,80.0,128.0,0.14344622355744474,0.08514201981554725,1.128019908528383,7.942383289337158,16.120059558593145,477.0,68.33333333333333,19.68614118204886,59.333333333333336,60.666666666666664,3.4714531898498535,1.7613525390625,1.9175577958424885,0.4371629650244791,0.22169398292725775,0.2414404944900815,0.03281744010746479,0.008941655978560448,0.272466589389053,0.0,0.0,0.00717713994353584,0.004769442117386739,0.05876622941156486,0.1256506178608486,0.25222070175841693,12.754084313139327,1.699673171197595,0.541540103160487,1.8856180831641267,1.699673171197595,0.02148940062255693,0.06461456301138838,0.03272740956807649,0.005719422930307748,0.004583800690579859,0.002425675377402764,0.0,0.0,0.0
low_acceptance_reason,baseline,hf,,EleutherAI/pythia-1.4b,greedy,,,,1.0,3,73.0,128.0,,,,3.2800413767496743,39.02561342279142,,,,,,0.0,3.2800413767496743,0.0,0.0,1.0,0.0,,,,0.0,0.0,,,,0.021772322222923773,0.25843941500322454,,,,,,0.0,0.021772322222923773,0.0,0.0,0.0,0.0,,,
low_acceptance_reason,baseline,manual,,EleutherAI/pythia-1.4b,greedy,,,,1.0,3,73.0,128.0,,,,3.405802090962728,37.616317198710185,,,,,,0.0,3.405802090962728,0.0,0.0,1.0,0.0,,,,0.0,0.0,,,,0.10055987509519883,1.1310494907543767,,,,,,0.0,0.10055987509519883,0.0,0.0,0.0,0.0,,,
low_acceptance_reason,speculative,manual,EleutherAI/pythia-70m,EleutherAI/pythia-1.4b,greedy,1,,,1.0,3,73.0,128.0,0.7066666666666667,0.7066666666666667,0.7066666666666667,5.269996325174968,24.306337129159502,75.0,53.0,87.74391389580352,22.0,75.0,0.6056160926818848,2.016130050023397,2.58821169535319,0.1148498271466,0.38262690860471604,0.4911254815149977,0.03217747621238232,0.008913686498999596,0.2770163340395693,0.0,0.0,0.0,0.0,0.0,0.1442876258723296,0.6536211882695172,0.0,0.0,4.424445255156888,0.0,0.0,0.03145182689954455,0.04509646915362314,0.07042670894023222,0.0030896068640198647,0.003140058406294188,0.0010084174101260754,0.0,0.0,0.0
low_acceptance_reason,speculative,manual,EleutherAI/pythia-70m,EleutherAI/pythia-1.4b,greedy,2,,,1.0,3,73.0,128.0,0.5982905982905983,0.5982905982905983,1.1864406779661016,4.703339735666911,27.245181915525773,117.0,70.0,79.15619766013351,28.0,59.0,0.8859662214914957,1.778079350789388,1.9751499493916829,0.1883410090668896,0.37815628156324815,0.4198310552642035,0.03217747621238232,0.008913686498999596,0.2770163340395693,0.0,0.0,0.0,0.0,0.0,0.15859655471660852,0.9039798384728278,0.0,0.0,3.437238281408906,0.0,0.0,0.0377495110144113,0.04573440951903433,0.08556630463664215,0.0038190088948497126,0.004128190138876111,0.005421311157757277,0.0,0.0,0.0
low_acceptance_reason,speculative,manual,EleutherAI/pythia-70m,EleutherAI/pythia-1.4b,greedy,4,,,1.0,3,73.0,128.0,0.43617021276595747,0.43617021276595747,1.7446808510638299,4.56152065594991,28.06541547717914,188.0,82.0,56.77337279186186,37.0,47.0,1.4448610146840413,1.3958133061726887,1.645733912785848,0.3168563837228436,0.30589747202466566,0.36078539688681677,0.03217747621238232,0.008913686498999596,0.2770163340395693,0.0,0.0,0.0,0.0,0.0,0.05815391076647617,0.3606399016399647,0.0,0.0,1.0860339603757962,0.0,0.0,0.027285741060592866,0.056916759415764503,0.02141905950718995,0.009316602654120355,0.008931373527387262,0.0005094303813246839,0.0,0.0,0.0
low_acceptance_reason,speculative,manual,EleutherAI/pythia-70m,EleutherAI/pythia-1.4b,greedy,6,,,1.0,3,73.0,128.0,0.3333333333333333,0.3333333333333333,2.0,4.555507262547811,28.09886113308723,258.0,86.0,45.48015592217922,36.0,43.0,1.891179084777832,1.238787571589152,1.3472403685251872,0.4151641074330712,0.2719019063102732,0.2957489457539908,0.03217747621238232,0.008913686498999596,0.2770163340395693,0.0,0.0,0.0,0.0,0.0,0.027151264305016826,0.1681675865461048,0.0,0.0,0.5184399257909315,0.0,0.0,0.021448711034981437,0.0334360187358941,0.006529478741819705,0.005902807588042371,0.005923677862328669,0.002217929283581208,0.0,0.0,0.0
low_acceptance_reason,speculative,manual,EleutherAI/pythia-70m,EleutherAI/pythia-1.4b,greedy,8,,,1.0,3,73.0,128.0,0.2691131498470948,0.2691131498470948,2.1463414634146343,4.932403564453125,25.954168036844884,327.0,88.0,37.4943295629201,36.0,41.0,2.3474610646565757,1.1969704627990723,1.30020276705424,0.47594273049404323,0.24264543862636143,0.2636180541090147,0.03217747621238232,0.008913686498999596,0.2770163340395693,0.0,0.0,0.0,0.0,0.0,0.055713576115431186,0.2949222030591886,0.0,0.0,0.5107157311282291,0.0,0.0,0.03226626413495972,0.030907349075417038,0.011477779965381036,0.005377177941999764,0.004216645440550936,0.0019387196329034477,0.0,0.0,0.0
low_acceptance_reason,baseline,hf,,EleutherAI/pythia-1.4b,top_k,,50,,1.0,3,73.0,128.0,,,,3.526984453201294,36.32287294805773,,,,,,0.0,3.526984453201294,0.0,0.0,1.0,0.0,,,,0.0,0.0,,,,0.10244704039813188,1.075785365644146,,,,,,0.0,0.10244704039813188,0.0,0.0,0.0,0.0,,,
low_acceptance_reason,baseline,manual,,EleutherAI/pythia-1.4b,top_k,,50,,1.0,3,73.0,128.0,,,,3.58896533648173,35.70851706187438,,,,,,0.0,3.58896533648173,0.0,0.0,1.0,0.0,,,,0.0,0.0,,,,0.124132561832816,1.2618900384695957,,,,,,0.0,0.124132561832816,0.0,0.0,0.0,0.0,,,
low_acceptance_reason,speculative,manual,EleutherAI/pythia-70m,EleutherAI/pythia-1.4b,top_k,1,50,,1.0,3,73.0,128.0,0.6247678018575852,0.373890608875129,0.6247678018575852,5.873130798339844,21.88951860019379,79.0,49.0,80.26320680990005,30.0,79.0,0.6137801806131998,2.0482540925343833,2.630657911300659,0.10468137154720024,0.34884274344071853,0.4482691407048084,0.03217747621238232,0.008913686498999596,0.2770163340395693,0.0,0.0,0.08406470711319948,0.049274552934141756,0.08406470711319948,0.3967692411232593,1.4114170708599612,4.242640687119285,4.242640687119285,10.037485716334483,8.48528137423857,4.242640687119285,0.026794685962121777,0.13015587283701757,0.14614634881395083,0.0029510812296295727,0.001908282132435897,0.005770717574213913,0.0,0.0,0.0
low_acceptance_reason,speculative,manual,EleutherAI/pythia-70m,EleutherAI/pythia-1.4b,top_k,2,50,,1.0,3,73.0,128.0,0.5056557087310003,0.32331801578885355,1.0054542621162537,5.583304484685262,23.038017293000497,128.0,64.33333333333333,68.15534553220073,40.0,64.33333333333333,0.9524656136830648,1.8489533265431721,2.0950821240743003,0.17058920408010542,0.33152328050200297,0.37538790262653,0.03217747621238232,0.008913686498999596,0.2770163340395693,0.0,0.0,0.05523881182121843,0.06943875745293104,0.10633598937899612,0.39987781742243456,1.571179562221507,7.0710678118654755,3.7712361663282534,8.45587844039515,5.0990195135927845,3.2998316455372216,0.06887859650679687,0.10313699809103495,0.13950855526278233,0.0014075342493130424,0.005429055016313175,0.004471221372420687,0.0,0.0,0.0
low_acceptance_reason,speculative,manual,EleutherAI/pythia-70m,EleutherAI/pythia-1.4b,top_k,4,50,,1.0,3,73.0,128.0,0.3203549973984201,0.1598746849385419,1.2618507743646787,6.138975699742635,20.975354349098893,226.0,71.66666666666667,42.80938050150349,49.333333333333336,57.333333333333336,1.691668430964152,1.6905981699625652,1.846004803975423,0.2755397841697067,0.2753309917301922,0.3006577701962767,0.03217747621238232,0.008913686498999596,0.2770163340395693,0.0,0.0,0.04348593039967872,0.011204638486965691,0.1655123593736059,0.4614808405658141,1.6625945699786842,16.87206764645835,4.109609335312651,5.879313438967657,5.734883511361751,4.109609335312651,0.13080309629911524,0.1314629413194176,0.1423649395078731,0.0037494817265936774,0.0010074864538005203,0.0009863169146968676,0.0,0.0,0.0
low_acceptance_reason,speculative,manual,EleutherAI/pythia-70m,EleutherAI/pythia-1.4b,top_k,6,50,,1.0,3,73.0,128.0,0.24464644128621119,0.14991289362985233,1.4344948018193633,6.488135814666748,19.859345983383243,311.3333333333333,75.33333333333333,33.26299010968593,51.333333333333336,53.0,2.2868436177571616,1.5506704648335774,1.694658597310384,0.35263514014895925,0.2389016357713589,0.2612469640779692,0.03217747621238232,0.008913686498999596,0.2770163340395693,0.0,0.0,0.03384002139122443,0.02769503511228528,0.18601031965656592,0.5357759600899017,1.5885520988387891,24.71616654922217,4.189935029992179,4.289479956137581,4.642796092394707,3.7416573867739413,0.1749934545518243,0.13722089477899993,0.13806793454348765,0.0027623109013505984,0.0022742417395229387,0.005301107210181049,0.0,0.0,0.0
low_acceptance_reason,speculative,manual,EleutherAI/pythia-70m,EleutherAI/pythia-1.4b,top_k,8,50,,1.0,3,73.0,128.0,0.1954498285455107,0.11244361551966155,1.5330917874396135,6.918424844741821,18.778250124233146,402.6666666666667,77.0,27.37259647647009,50.0,51.333333333333336,2.884220600128174,1.4497952461242676,1.5893051624298096,0.41662272077459256,0.2095004851027882,0.22961428404464984,0.03217747621238232,0.008913686498999596,0.2770163340395693,0.0,0.0,0.0350310890840993,0.019471051239568122,0.2749910625506189,0.87667693741846,2.1855815260519806,48.609555530665865,5.715476066494082,5.114017927606421,6.377042156569663,6.182412330330469,0.38176309138455394,0.18702136636602956,0.2077736184652388,0.003538214855907832,0.0013476406871194445,0.0012434199008022676,0.0,0.0,0.0
low_acceptance_reason,baseline,hf,,EleutherAI/pythia-1.4b,top_p,,,0.9,1.0,3,73.0,128.0,,,,3.5780527591705322,35.78423309233861,,,,,,0.0,3.5780527591705322,0.0,0.0,1.0,0.0,,,,0.0,0.0,,,,0.06127616586136096,0.6181091039604326,,,,,,0.0,0.06127616586136096,0.0,0.0,0.0,0.0,,,
low_acceptance_reason,baseline,manual,,EleutherAI/pythia-1.4b,top_p,,,0.9,1.0,3,73.0,128.0,,,,3.58721915880839,35.72331285555662,,,,,,0.0,3.58721915880839,0.0,0.0,1.0,0.0,,,,0.0,0.0,,,,0.12135890713673554,1.2145205395470773,,,,,,0.0,0.12135890713673554,0.0,0.0,0.0,0.0,,,
low_acceptance_reason,speculative,manual,EleutherAI/pythia-70m,EleutherAI/pythia-1.4b,top_p,1,,0.9,1.0,3,73.0,128.0,0.6068400167084378,0.3936925647451963,0.6068400167084378,5.630827903747559,22.759298423351222,80.0,48.333333333333336,81.21728819654668,31.666666666666668,80.0,0.5972627798716227,2.0633111000061035,2.6734599272410073,0.10609702230026083,0.3663872921745959,0.4747549305258514,0.03217747621238232,0.008913686498999596,0.2770163340395693,0.0,0.0,0.06560562455257087,0.11307667485507482,0.06560562455257087,0.19326636853704016,0.7953470957105866,3.265986323710904,3.2998316455372216,8.223386329774586,6.548960901462833,3.265986323710904,0.021747143863535583,0.07889688393177718,0.09737308028928851,0.002623110444420611,0.002767085175751952,0.0010246652290435416,0.0,0.0,0.0
low_acceptance_reason,speculative,manual,EleutherAI/pythia-70m,EleutherAI/pythia-1.4b,top_p,2,,0.9,1.0,3,73.0,128.0,0.45641377118223175,0.2541346325764348,0.9109296300679897,5.674623092015584,22.58189971523955,134.33333333333334,61.0,60.578389072727106,43.333333333333336,67.33333333333333,1.0125115712483723,2.010004917780558,2.2744592825571694,0.17835296173992404,0.35419438344412885,0.4009208755658829,0.03217747621238232,0.008913686498999596,0.2770163340395693,0.0,0.0,0.0499828868050541,0.02260479666683133,0.10196238868109038,0.18946725661416383,0.7590058344996046,6.236095644623235,3.7416573867739413,6.822913088071854,7.760297817881877,3.2998316455372216,0.049800008848374835,0.06967172962174216,0.05940727487569172,0.004059877997795408,0.0004721757331682636,0.0040230011992818445,0.0,0.0,0.0
low_acceptance_reason,speculative,manual,EleutherAI/pythia-70m,EleutherAI/pythia-1.4b,top_p,4,,0.9,1.0,3,73.0,128.0,0.29532217010945727,0.1433740753434548,1.1678809957498482,6.034958362579346,21.349245556158216,236.0,69.0,39.030834137492846,53.0,59.666666666666664,1.7861580848693848,1.7580825487772624,1.9874682426452637,0.2962003639381051,0.2911251178450273,0.32916405185404707,0.03217747621238232,0.008913686498999596,0.2770163340395693,0.0,0.0,0.041327511739708826,0.029809532455879806,0.16314715728437723,0.47424983594161263,1.7751030410573732,16.87206764645835,4.546060565661952,5.551337494616105,5.715476066494082,4.189935029992179,0.12888127989281833,0.1567099794173266,0.16816715195903506,0.0065619666128382765,0.0062773554115123755,0.0027898245672846283,0.0,0.0,0.0
low_acceptance_reason,speculative,manual,EleutherAI/pythia-70m,EleutherAI/pythia-1.4b,top_p,6,,0.9,1.0,3,73.0,128.0,0.2434886122577148,0.13232565713810504,1.422555260831123,6.5220902760823565,19.728414355927136,311.0,75.33333333333333,31.290557672894256,49.0,53.333333333333336,2.4337294896443686,1.6314981778462727,1.8223281701405842,0.3728801252869724,0.2504943642966959,0.2792417959453819,0.03217747621238232,0.008913686498999596,0.2770163340395693,0.0,0.0,0.024350215301393006,0.01431449646202108,0.15778296380535076,0.48223683166987746,1.3906176201004514,16.08311744241976,3.858612300930075,4.005761258959839,4.320493798938574,3.39934634239519,0.20492186279869665,0.08898412064482951,0.1500828090035065,0.0037257601379866194,0.004693248397882119,0.0022658117156440136,0.0,0.0,0.0
low_acceptance_reason,speculative,manual,EleutherAI/pythia-70m,EleutherAI/pythia-1.4b,top_p,8,,0.9,1.0,3,73.0,128.0,0.18415612494181116,0.11042027323463496,1.447078330474557,7.294541676839192,17.55683279971687,414.0,76.0,23.818496423290146,51.333333333333336,52.666666666666664,3.1939496994018555,1.5837028821309407,1.7538849512736003,0.43789417104483574,0.21712072201070273,0.2403759371466484,0.03217747621238232,0.008913686498999596,0.2770163340395693,0.0,0.0,0.013712020785857428,0.0029261221484588634,0.10359147967503696,0.16849271014961295,0.4098340003515614,17.568911937472585,2.449489742783178,1.226539696927328,2.494438257849294,2.0548046676563256,0.06154205647968291,0.03313689321741461,0.060327668161153654,0.0017436763822914288,0.000947342040284005,0.0028172767710420653,0.0,0.0,0.0
ALL,baseline,hf,,EleutherAI/pythia-1.4b,greedy,,,,1.0,12,68.75,128.0,,,,3.355371872584025,38.18109494312085,,,,,,0.0,3.355371872584025,0.0,0.0,1.0,0.0,,,,13.935117509371782,0.0,,,,0.09936245886240395,1.1259254056014494,,,,,,0.0,0.09936245886240395,0.0,0.0,0.0,0.0,,,
ALL,baseline,manual,,EleutherAI/pythia-1.4b,greedy,,,,1.0,12,68.75,128.0,,,,3.3565552632013955,38.15294294148877,,,,,,0.0,3.3565552632013955,0.0,0.0,1.0,0.0,,,,13.935117509371782,0.0,,,,0.0744633010703762,0.8389887261978494,,,,,,0.0,0.0744633010703762,0.0,0.0,0.0,0.0,,,
ALL,speculative,manual,EleutherAI/pythia-70m,EleutherAI/pythia-1.4b,greedy,1,,,1.0,12,68.75,128.0,0.7542108870884614,0.7542108870884614,0.7542108870884614,5.044429520765941,25.441028974163366,73.5,55.25,98.03333798337736,18.25,73.5,0.567439595858256,1.952227036158244,2.4648606379826865,0.11242536764791924,0.3873128218968325,0.4883668281860226,0.03220771811902523,0.0089505510404706,0.27795191453700596,13.935117509371782,0.0,0.06877214111048821,0.06877214111048821,0.06877214111048821,0.25368434363897757,1.324871819023316,2.692582403567252,2.8613807855648994,10.886321679704693,5.539629951540085,2.692582403567252,0.03721545060138468,0.0710018025516455,0.1502574970472144,0.0026386471042279384,0.007020784511369205,0.007094832516240711,0.0004027707639581976,3.3212092109220174e-05,0.0041788210979793045
ALL,speculative,manual,EleutherAI/pythia-70m,EleutherAI/pythia-1.4b,greedy,2,,,1.0,12,68.75,128.0,0.6568041429402148,0.6568041429402148,1.3044359334983167,4.493545770645142,28.69830518058631,112.25,72.5,86.55551716863204,24.5,56.5,0.8489573995272318,1.6973919868469238,1.8916015625,0.18896548248097464,0.3775561287063739,0.42119926240333116,0.03220771811902523,0.0089505510404706,0.27795191453700596,13.935117509371782,0.0,0.11723097480527775,0.11723097480527775,0.2304599453171651,0.37538280609386554,2.555246015094983,10.473180032826706,5.220153254455275,14.187005870720421,9.7082439194738,5.220153254455275,0.0703565372110621,0.15252567167769654,0.14884706668451742,0.0036302762354446737,0.005412598474686303,0.006118791744779501,0.0004027707639581976,3.3212092109220174e-05,0.0041788210979793045
ALL,speculative,manual,EleutherAI/pythia-70m,EleutherAI/pythia-1.4b,greedy,4,,,1.0,12,68.75,128.0,0.5076924882288589,0.5076924882288589,2.0214881528046424,4.104103306929271,31.905398701510762,174.0,85.25,67.13632050910309,29.75,43.75,1.3076031804084778,1.2884759704271953,1.4418986837069194,0.3192470106759815,0.3139938120866044,0.3506331084864206,0.03220771811902523,0.0089505510404706,0.27795191453700596,13.935117509371782,0.0,0.12695967890468812,0.12695967890468812,0.5129891089913347,0.5701217418956206,5.172011262505173,24.34132288927617,6.219927652312364,15.28252252983932,10.848386976873567,6.219927652312364,0.1678955215121041,0.18036772907900514,0.2199361869471671,0.0074300300783011865,0.00810993724917792,0.008845626185931786,0.0004027707639581976,3.3212092109220174e-05,0.0041788210979793045
ALL,speculative,manual,EleutherAI/pythia-70m,EleutherAI/pythia-1.4b,greedy,6,,,1.0,12,68.75,128.0,0.42289971368294155,0.42289971368294155,2.5185515873015873,4.0677583416303,32.799758048036956,226.75,91.0,57.44457518084074,28.75,38.0,1.681031346321106,1.1078944007555644,1.2083446383476257,0.4128908228874807,0.2726743370174668,0.2971306243534566,0.03220771811902523,0.0089505510404706,0.27795191453700596,13.935117509371782,0.0,0.12485079092750202,0.12485079092750202,0.7315459440808959,0.7425245357873629,7.334193358395041,39.28978874975024,6.442049363362563,17.835744036487778,10.497023387608508,6.442049363362563,0.3156851199904207,0.1976805660529913,0.21902757256704605,0.006123523343654188,0.0054337046493674905,0.0039673812101523225,0.0004027707639581976,3.3212092109220174e-05,0.0041788210979793045
ALL,speculative,manual,EleutherAI/pythia-70m,EleutherAI/pythia-1.4b,greedy,8,,,1.0,12,68.75,128.0,0.3421668901231238,0.3421668901231238,2.68477787456446,4.514762580394745,30.25295624062096,292.5,92.0,46.564802598962196,30.25,37.0,2.1598868568738303,1.0952073335647583,1.1783889532089233,0.4782718148470875,0.24270257236143503,0.2609775118128435,0.03220771811902523,0.0089505510404706,0.27795191453700596,13.935117509371782,0.0,0.130171270498804,0.130171270498804,0.9763293167104174,0.9821411473757096,8.756354599932688,62.10676291677099,7.516648189186454,18.1735781218491,11.121488209767612,7.516648189186454,0.47426561807730744,0.23766588350737247,0.2577423855662752,0.008737207404350486,0.004791394836356864,0.005207958837554729,0.0004027707639581976,3.3212092109220174e-05,0.0041788210979793045
ALL,baseline,hf,,EleutherAI/pythia-1.4b,top_k,,50,,1.0,12,68.75,122.08333333333333,,,,3.3814675013224282,36.328241368296254,,,,,,0.0,3.3814675013224282,0.0,0.0,1.0,0.0,,,,13.935117509371782,19.623363342936116,,,,0.59841474262711,1.4921405493204782,,,,,,0.0,0.59841474262711,0.0,0.0,0.0,0.0,,,
ALL,baseline,manual,,EleutherAI/pythia-1.4b,top_k,,50,,1.0,12,68.75,128.0,,,,3.5500206351280212,36.105876052959395,,,,,,0.0,3.5500206351280212,0.0,0.0,1.0,0.0,,,,13.935117509371782,0.0,,,,0.13104784651004375,1.348267182588313,,,,,,0.0,0.13104784651004375,0.0,0.0,0.0,0.0,,,
ALL,speculative,manual,EleutherAI/pythia-70m,EleutherAI/pythia-1.4b,top_k,1,50,,1.0,12,68.75,128.0,0.5809453120341675,0.3934476272462213,0.5809453120341675,6.1257697741190595,20.9907712561791,81.16666666666667,46.916666666666664,74.70869439834964,34.25,81.16666666666667,0.6328739921251932,2.1390963991483054,2.737638751665751,0.1033750179156094,0.3493084627912406,0.4472049265758099,0.03220771811902523,0.0089505510404706,0.27795191453700596,13.935117509371782,0.0,0.06803468806893077,0.08486515104194377,0.06803468806893077,0.41525545765851063,1.4094940350664846,3.484090826727812,3.4510465401414425,9.725251789680799,6.929706583494956,3.484090826727812,0.04002545485942763,0.13564520877162745,0.16078817252323635,0.0025967835290586425,0.003122829433744216,0.006056726030260592,0.0004027707639581976,3.3212092109220174e-05,0.0041788210979793045
ALL,speculative,manual,EleutherAI/pythia-70m,EleutherAI/pythia-1.4b,top_k,2,50,,1.0,12,68.75,128.0,0.4642054156460785,0.2813530083697231,0.9257321080351789,5.9963492552439375,21.422226228554017,133.5,61.666666666666664,60.74627015254265,43.916666666666664,66.91666666666667,1.0217026670773823,2.00726588567098,2.2224632700284324,0.17039106044235613,0.3347703637563712,0.37078582177214175,0.03220771811902523,0.0089505510404706,0.27795191453700596,13.935117509371782,0.0,0.04730881706339904,0.05470376697580172,0.0917294911189659,0.3445759644816808,1.3224854105800636,6.461423991660043,3.2489314482696545,6.793243400488548,4.367652560459553,3.06752705321766,0.06223292507362109,0.11703407275783784,0.11787805066785542,0.0034918789315155317,0.005052983080785379,0.0059109283172335695,0.0004027707639581976,3.3212092109220174e-05,0.0041788210979793045
ALL,speculative,manual,EleutherAI/pythia-70m,EleutherAI/pythia-1.4b,top_k,4,50,,1.0,12,68.75,128.0,0.32018007211305677,0.19576614014895666,1.26385905945717,6.21161013841629,20.706734495484973,226.08333333333334,71.66666666666667,42.33112990523903,50.416666666666664,57.25,1.708296298980713,1.7102930545806885,1.8930511871973674,0.2749747945857206,0.2752785343441015,0.30493660970322345,0.03220771811902523,0.0089505510404706,0.27795191453700596,13.935117509371782,0.0,0.04373105004064451,0.04191131082175088,0.1693140569171509,0.42300062942041816,1.4735943204331305,16.555252607220734,4.129837231121289,5.493924832813509,6.129958310534329,4.085033659592048,0.1221334323232122,0.12455405132213852,0.11939044955276557,0.0035542178528781376,0.004348013831040906,0.00664119494507617,0.0004027707639581976,3.3212092109220174e-05,0.0041788210979793045
ALL,speculative,manual,EleutherAI/pythia-70m,EleutherAI/pythia-1.4b,top_k,6,50,,1.0,12,68.75,128.0,0.22429555578507201,0.13635268512609008,1.3227433664361508,6.992287278175354,18.584729538041522,331.0,72.33333333333333,29.785354275333564,54.166666666666664,56.166666666666664,2.49085142215093,1.6498137911160786,1.8526407877604167,0.3563395247017672,0.23573293359587827,0.2646626706988417,0.03220771811902523,0.0089505510404706,0.27795191453700596,13.935117509371782,0.0,0.04996036581135202,0.04050027910541676,0.29984189357741153,0.8301294030526978,2.3713125411527827,38.74704289792104,6.587024281789835,6.430203986978966,6.962199524735141,6.618576550554927,0.29711555600610356,0.21020573507069815,0.23606349189989023,0.007226216591746567,0.005420867965826084,0.005713606325414236,0.0004027707639581976,3.3212092109220174e-05,0.0041788210979793045
ALL,speculative,manual,EleutherAI/pythia-70m,EleutherAI/pythia-1.4b,top_k,8,50,,1.0,12,68.75,128.0,0.19341673471684306,0.12532461972457432,1.5126920333115137,7.237135291099548,18.054171788199543,408.8333333333333,76.25,26.19852362681657,50.083333333333336,52.25,3.0179121494293213,1.5190646449724834,1.676981767018636,0.41669594323178244,0.21010743070833066,0.23155952743440916,0.03220771811902523,0.0089505510404706,0.27795191453700596,13.935117509371782,0.0,0.047788019550412515,0.052847170944560644,0.3723357052273672,1.0563011661776665,2.5353445053780104,59.90107585752437,7.660776723022281,6.244903919477842,9.178401579553793,7.58424902896347,0.4591401740246535,0.2146151980009074,0.2535306761729081,0.006292727990885496,0.004090782373985596,0.0060247701883860225,0.0004027707639581976,3.3212092109220174e-05,0.0041788210979793045
ALL,baseline,hf,,EleutherAI/pythia-1.4b,top_p,,,0.9,1.0,12,68.75,124.16666666666667,,,,3.4631979862848916,35.946051325018374,,,,,,0.0,3.4631979862848916,0.0,0.0,1.0,0.0,,,,13.935117509371782,12.713728363029032,,,,0.4023580381774582,1.4713309357110738,,,,,,0.0,0.4023580381774582,0.0,0.0,0.0,0.0,,,
ALL,baseline,manual,,EleutherAI/pythia-1.4b,top_p,,,0.9,1.0,12,68.75,128.0,,,,3.569788932800293,35.88736225025532,,,,,,0.0,3.569788932800293,0.0,0.0,1.0,0.0,,,,13.935117509371782,0.0,,,,0.10541131928517704,1.0468345717972825,,,,,,0.0,0.10541131928517704,0.0,0.0,0.0,0.0,,,
ALL,speculative,manual,EleutherAI/pythia-70m,EleutherAI/pythia-1.4b,top_p,1,,0.9,1.0,12,68.75,128.0,0.5592539047900179,0.3538715268975506,0.5592539047900179,5.845061838626862,21.963488361452953,82.5,45.833333333333336,74.07748192509729,36.666666666666664,82.5,0.6236108541488647,2.1519525051116943,2.758787830670675,0.10669732638743491,0.3681054869789913,0.4720258785350118,0.03220771811902523,0.0089505510404706,0.27795191453700596,13.935117509371782,0.0,0.07667906693054626,0.09663183311571466,0.07667906693054626,0.315957370609236,1.1985779577121372,3.9895697345286076,3.9546035059015576,10.57451552365929,7.930251502246879,3.9895697345286076,0.036317640350897566,0.12746081064959414,0.14981053696639046,0.0026797955221004826,0.005729116214151921,0.006706040506799744,0.0004027707639581976,3.3212092109220174e-05,0.0041788210979793045
ALL,speculative,manual,EleutherAI/pythia-70m,EleutherAI/pythia-1.4b,top_p,2,,0.9,1.0,12,68.75,128.0,0.4379444205863505,0.25592708700738726,0.8723771515397188,5.74561603864034,22.354019449472695,137.41666666666666,59.666666666666664,57.84121130633962,46.083333333333336,69.0,1.0419675707817078,2.0412933230400085,2.2826759616533914,0.1812468126616384,0.355225706411482,0.3974454330381148,0.03220771811902523,0.0089505510404706,0.27795191453700596,13.935117509371782,0.0,0.060274797533793834,0.05890793677209793,0.12091015339556063,0.3357273974111553,1.3049036532421698,8.558215675919575,4.624812308503869,8.297535112118068,7.825794244391783,4.377975178854566,0.07441222230047641,0.1270640808695325,0.12178845538398596,0.004184966414668947,0.0050935779488021065,0.0054819234207885885,0.0004027707639581976,3.3212092109220174e-05,0.0041788210979793045
ALL,speculative,manual,EleutherAI/pythia-70m,EleutherAI/pythia-1.4b,top_p,4,,0.9,1.0,12,68.75,128.0,0.2933281452333939,0.15133292987459768,1.1549655455390975,6.036402801672618,21.450329498821667,236.91666666666666,68.25,39.091843726853554,53.666666666666664,60.166666666666664,1.776672085126241,1.7778525749842327,1.9780421455701191,0.2947003705450376,0.29437450412385313,0.32733863745978214,0.03220771811902523,0.0089505510404706,0.27795191453700596,13.935117509371782,0.0,0.054583804175158415,0.04824852724191206,0.21498476458771434,0.639254942256769,2.330289342582161,22.936355178817948,5.84700778176325,7.140707060066288,7.951240294584375,5.799904213768438,0.1704443534798837,0.20546619077383016,0.22968809412135804,0.006354859833465746,0.008374175940496168,0.00705129963403643,0.0004027707639581976,3.3212092109220174e-05,0.0041788210979793045
ALL,speculative,manual,EleutherAI/pythia-70m,EleutherAI/pythia-1.4b,top_p,6,,0.9,1.0,12,68.75,128.0,0.2165307175927058,0.12508537961504065,1.2717462589622832,6.738028168678284,19.37021420976274,339.25,70.75,28.878586442041474,55.25,57.833333333333336,2.5374470750490823,1.6973038911819458,1.8707635601361592,0.3767264291816557,0.25180847581234156,0.2773353356729171,0.03220771811902523,0.0089505510404706,0.27795191453700596,13.935117509371782,0.0,0.053314671474231724,0.030423914694717467,0.31718812342766495,0.9676024839710428,2.6188288732429212,51.21218116815569,8.991894498194842,7.060817355038069,10.0093706095838,8.886631657845522,0.3591540453163335,0.2506528199727145,0.28543358959027565,0.005389658808835791,0.004482564668378904,0.005064527375504583,0.0004027707639581976,3.3212092109220174e-05,0.0041788210979793045
ALL,speculative,manual,EleutherAI/pythia-70m,EleutherAI/pythia-1.4b,top_p,8,,0.9,1.0,12,68.75,128.0,0.17037693384105548,0.09460633290699198,1.3338322863954977,7.324372073014577,17.593065844036264,435.3333333333333,73.08333333333333,23.09636420659704,54.25,55.583333333333336,3.204609195391337,1.614392081896464,1.7698654333750408,0.4374330389942542,0.22045649677538207,0.24161471440508953,0.03220771811902523,0.0089505510404706,0.27795191453700596,13.935117509371782,0.0,0.02824914932426607,0.02076363551185645,0.21852266374625398,0.5786102898166089,1.4913054457781376,38.8915872079754,4.940619619260546,3.6333750946559653,5.246030245179047,4.872684635347906,0.2620858308727798,0.1283874794032408,0.14478880172559264,0.005297147641302672,0.003766932473922007,0.003271709508945274,0.0004027707639581976,3.3212092109220174e-05,0.0041788210979793045
