prompt_id,prompt_chars,mode,baseline_impl,draft_model,target_model,strategy,candidate_length_k,top_k,top_p,temperature,generated_tokens,acceptance_rate,avg_accepted_prefix_length,total_generation_time,tokens_per_s,proposed_tokens,accepted_tokens,rejected_tokens,verify_rounds,draft_time,verify_time,rebuild_time,draft_time_ratio,verify_time_ratio,rebuild_time_ratio,output_exact_match,output_prefix_match_len,output_prefix_match_ratio
explain_sd_simple,45,baseline,hf,,EleutherAI/pythia-1.4b,greedy,,,,1.0,128,,,3.3419806957244873,38.30064014545472,,,,,0.0,3.3419806957244873,0.0,0.0,1.0,0.0,,,
explain_sd_simple,45,baseline,hf,,EleutherAI/pythia-1.4b,greedy,,,,1.0,128,,,3.4679877758026123,36.909011298454296,,,,,0.0,3.4679877758026123,0.0,0.0,1.0,0.0,,,
explain_sd_simple,45,baseline,hf,,EleutherAI/pythia-1.4b,greedy,,,,1.0,128,,,3.620210886001587,35.357056268446314,,,,,0.0,3.620210886001587,0.0,0.0,1.0,0.0,,,
explain_sd_simple,45,baseline,manual,,EleutherAI/pythia-1.4b,greedy,,,,1.0,128,,,4.021147727966309,31.83170792502465,,,,,0.0,4.021147727966309,0.0,0.0,1.0,0.0,,,
explain_sd_simple,45,baseline,manual,,EleutherAI/pythia-1.4b,greedy,,,,1.0,128,,,3.624152183532715,35.318605157256236,,,,,0.0,3.624152183532715,0.0,0.0,1.0,0.0,,,
explain_sd_simple,45,baseline,manual,,EleutherAI/pythia-1.4b,greedy,,,,1.0,128,,,3.687192916870117,34.71475533985705,,,,,0.0,3.687192916870117,0.0,0.0,1.0,0.0,,,
explain_sd_simple,45,speculative,manual,EleutherAI/pythia-31m,EleutherAI/pythia-1.4b,greedy,1,,,1.0,128,0.6973684210526315,0.6973684210526315,5.505013465881348,23.25153258812371,76,53,23,76,0.6021385192871094,2.1705992221832275,2.6754393577575684,0.1093800265919436,0.39429498867460383,0.4860005110503818,1,128,1.0
explain_sd_simple,45,speculative,manual,EleutherAI/pythia-31m,EleutherAI/pythia-1.4b,greedy,1,,,1.0,128,0.6973684210526315,0.6973684210526315,5.581700563430786,22.932079309056476,76,53,23,76,0.6496381759643555,2.1154212951660156,2.7474734783172607,0.11638714197972957,0.37899225713135964,0.49222874768984903,1,128,1.0
explain_sd_simple,45,speculative,manual,EleutherAI/pythia-31m,EleutherAI/pythia-1.4b,greedy,1,,,1.0,128,0.6973684210526315,0.6973684210526315,5.638351917266846,22.701669189539906,76,53,23,76,0.6043310165405273,2.188777446746826,2.788644790649414,0.10718220951938609,0.38819454316853313,0.49458509003481843,1,128,1.0
explain_sd_simple,45,speculative,manual,EleutherAI/pythia-31m,EleutherAI/pythia-1.4b,greedy,2,,,1.0,128,0.6173913043478261,1.2241379310344827,4.8830156326293945,26.213309485367112,115,71,26,58,0.9237878322601318,1.8061611652374268,2.0971550941467285,0.1891838777019628,0.3698864187876559,0.42947949626314375,1,128,1.0
explain_sd_simple,45,speculative,manual,EleutherAI/pythia-31m,EleutherAI/pythia-1.4b,greedy,2,,,1.0,128,0.6173913043478261,1.2241379310344827,4.9021079540252686,26.111216072851953,115,71,26,58,0.9025499820709229,1.8727092742919922,2.0750930309295654,0.18411466873751972,0.3820212226771249,0.4233062695458683,1,128,1.0
explain_sd_simple,45,speculative,manual,EleutherAI/pythia-31m,EleutherAI/pythia-1.4b,greedy,2,,,1.0,128,0.6173913043478261,1.2241379310344827,4.882522106170654,26.215959132725764,115,71,26,58,0.9134562015533447,1.8699500560760498,2.044189214706421,0.1870869566363859,0.3829885488306873,0.4186748508773617,1,128,1.0
explain_sd_simple,45,speculative,manual,EleutherAI/pythia-31m,EleutherAI/pythia-1.4b,greedy,4,,,1.0,128,0.4941860465116279,1.9767441860465116,4.409113168716431,29.030781270979038,172,85,31,43,1.292912483215332,1.4755058288574219,1.5702002048492432,0.29323640236517706,0.33464911704386285,0.35612608358300674,0,64,0.5
explain_sd_simple,45,speculative,manual,EleutherAI/pythia-31m,EleutherAI/pythia-1.4b,greedy,4,,,1.0,128,0.4941860465116279,1.9767441860465116,4.421562910079956,28.949039650254655,172,85,31,43,1.4293336868286133,1.4095885753631592,1.515575647354126,0.3232643560425484,0.3187987153026099,0.34276921490792933,0,64,0.5
explain_sd_simple,45,speculative,manual,EleutherAI/pythia-31m,EleutherAI/pythia-1.4b,greedy,4,,,1.0,128,0.4941860465116279,1.9767441860465116,4.379943132400513,29.224123722776994,172,85,31,43,1.4074535369873047,1.3820009231567383,1.5112228393554688,0.32134059608575843,0.31552942158847297,0.3450325252344575,0,64,0.5
explain_sd_simple,45,speculative,manual,EleutherAI/pythia-31m,EleutherAI/pythia-1.4b,greedy,6,,,1.0,128,0.3723849372384937,2.225,4.665229797363281,27.437019302316834,239,89,31,40,1.8837780952453613,1.3057670593261719,1.3902027606964111,0.40379106219162986,0.2798934063364193,0.29799234358876237,0,64,0.5
explain_sd_simple,45,speculative,manual,EleutherAI/pythia-31m,EleutherAI/pythia-1.4b,greedy,6,,,1.0,128,0.3723849372384937,2.225,4.653977870941162,27.503353808193953,239,89,31,40,1.8500325679779053,1.2884910106658936,1.440258264541626,0.3975164083888903,0.2768580011329803,0.309468223631748,0,64,0.5
explain_sd_simple,45,speculative,manual,EleutherAI/pythia-31m,EleutherAI/pythia-1.4b,greedy,6,,,1.0,128,0.3723849372384937,2.225,4.532156467437744,28.242625981614626,239,89,31,40,1.7903616428375244,1.2615606784820557,1.4060211181640625,0.3950352675819478,0.27835770621469286,0.31023225439499375,0,64,0.5
explain_sd_simple,45,speculative,manual,EleutherAI/pythia-31m,EleutherAI/pythia-1.4b,greedy,8,,,1.0,128,0.28938906752411575,2.3076923076923075,5.151702880859375,24.846153390478108,311,90,33,39,2.407959461212158,1.2909491062164307,1.3706095218658447,0.467410391651018,0.250586871190266,0.26604980014631746,1,128,1.0
explain_sd_simple,45,speculative,manual,EleutherAI/pythia-31m,EleutherAI/pythia-1.4b,greedy,8,,,1.0,128,0.28938906752411575,2.3076923076923075,5.254536151885986,24.359904718527353,311,90,33,39,2.5061447620391846,1.2652928829193115,1.4031522274017334,0.47694880948524176,0.24080010991363449,0.26703636378980977,1,128,1.0
explain_sd_simple,45,speculative,manual,EleutherAI/pythia-31m,EleutherAI/pythia-1.4b,greedy,8,,,1.0,128,0.28938906752411575,2.3076923076923075,5.019355297088623,25.501283018208305,311,90,33,39,2.431199073791504,1.2046711444854736,1.2888665199279785,0.4843648097997112,0.2400051546827576,0.2567792960732546,1,128,1.0
explain_sd_simple,45,baseline,hf,,EleutherAI/pythia-1.4b,top_k,,50,,1.0,128,,,3.9122838973999023,32.71746206482321,,,,,0.0,3.9122838973999023,0.0,0.0,1.0,0.0,,,
explain_sd_simple,45,baseline,hf,,EleutherAI/pythia-1.4b,top_k,,50,,1.0,128,,,3.977311849594116,32.18254058028223,,,,,0.0,3.977311849594116,0.0,0.0,1.0,0.0,,,
explain_sd_simple,45,baseline,hf,,EleutherAI/pythia-1.4b,top_k,,50,,1.0,128,,,3.8815555572509766,32.97646990029252,,,,,0.0,3.8815555572509766,0.0,0.0,1.0,0.0,,,
explain_sd_simple,45,baseline,manual,,EleutherAI/pythia-1.4b,top_k,,50,,1.0,128,,,3.7473678588867188,34.15730849493561,,,,,0.0,3.7473678588867188,0.0,0.0,1.0,0.0,,,
explain_sd_simple,45,baseline,manual,,EleutherAI/pythia-1.4b,top_k,,50,,1.0,128,,,3.8156681060791016,33.54589456983198,,,,,0.0,3.8156681060791016,0.0,0.0,1.0,0.0,,,
explain_sd_simple,45,baseline,manual,,EleutherAI/pythia-1.4b,top_k,,50,,1.0,128,,,3.7520177364349365,34.1149773246067,,,,,0.0,3.7520177364349365,0.0,0.0,1.0,0.0,,,
explain_sd_simple,45,speculative,manual,EleutherAI/pythia-31m,EleutherAI/pythia-1.4b,top_k,1,50,,1.0,128,0.5609756097560976,0.5609756097560976,6.9198808670043945,18.49742827370538,82,46,36,82,0.73055100440979,2.439243793487549,3.1226484775543213,0.10557277190901183,0.35249794618841374,0.4512575487309091,0,0,0.0
explain_sd_simple,45,speculative,manual,EleutherAI/pythia-31m,EleutherAI/pythia-1.4b,top_k,1,50,,1.0,128,0.4883720930232558,0.4883720930232558,6.908174514770508,18.528773372230336,86,42,44,86,0.706756591796875,2.3985207080841064,3.102212429046631,0.10230728686511095,0.347200364286655,0.4490639925806344,0,0,0.0
explain_sd_simple,45,speculative,manual,EleutherAI/pythia-31m,EleutherAI/pythia-1.4b,top_k,1,50,,1.0,128,0.391304347826087,0.391304347826087,7.806719541549683,16.396131476063147,92,36,56,92,0.8171157836914062,2.696094036102295,3.410000801086426,0.10466826422320837,0.34535556474814816,0.43680329271948193,0,0,0.0
explain_sd_simple,45,speculative,manual,EleutherAI/pythia-31m,EleutherAI/pythia-1.4b,top_k,2,50,,1.0,128,0.4626865671641791,0.9253731343283582,6.343402147293091,20.17844636487712,134,62,46,67,1.1048195362091064,2.134877920150757,2.3798716068267822,0.17416829495518651,0.3365509344322068,0.37517274666912626,0,0,0.0
explain_sd_simple,45,speculative,manual,EleutherAI/pythia-31m,EleutherAI/pythia-1.4b,top_k,2,50,,1.0,128,0.4014084507042254,0.8028169014084507,6.888660430908203,18.581261376404417,142,57,49,71,1.1661112308502197,2.3517775535583496,2.5350987911224365,0.16927982479991097,0.3413983861080362,0.36801041603791296,0,0,0.0
explain_sd_simple,45,speculative,manual,EleutherAI/pythia-31m,EleutherAI/pythia-1.4b,top_k,2,50,,1.0,128,0.45864661654135336,0.9104477611940298,6.5234375,19.621556886227545,133,61,48,67,1.053868055343628,2.2259836196899414,2.440058946609497,0.16155103123830464,0.3412286267309132,0.3740449642706774,0,2,0.015625
explain_sd_simple,45,speculative,manual,EleutherAI/pythia-31m,EleutherAI/pythia-1.4b,top_k,4,50,,1.0,128,0.34101382488479265,1.3454545454545455,6.241882562637329,20.506633810476124,217,74,45,55,1.6603527069091797,1.7750191688537598,1.9481797218322754,0.2660019137251511,0.2843724070489042,0.3121141261922633,0,0,0.0
explain_sd_simple,45,speculative,manual,EleutherAI/pythia-31m,EleutherAI/pythia-1.4b,top_k,4,50,,1.0,128,0.23754789272030652,0.9393939393939394,7.863745450973511,16.277230843497602,261,62,61,66,2.190803050994873,2.197145700454712,2.390686273574829,0.27859536713814376,0.2794019356492155,0.30401369022936375,0,0,0.0
explain_sd_simple,45,speculative,manual,EleutherAI/pythia-31m,EleutherAI/pythia-1.4b,top_k,4,50,,1.0,128,0.256,1.0,7.326793670654297,17.470124825907558,250,64,60,64,1.9982283115386963,2.108834743499756,2.220308303833008,0.272728890884715,0.28782504848555845,0.30303955640595104,0,0,0.0
explain_sd_simple,45,speculative,manual,EleutherAI/pythia-31m,EleutherAI/pythia-1.4b,top_k,6,50,,1.0,128,0.2356687898089172,1.3703703703703705,7.254351615905762,17.64458173206679,314,74,53,54,2.4903619289398193,1.7877790927886963,1.9527416229248047,0.34329214529379803,0.24644229938742476,0.26918210286957395,0,0,0.0
explain_sd_simple,45,speculative,manual,EleutherAI/pythia-31m,EleutherAI/pythia-1.4b,top_k,6,50,,1.0,128,0.12471655328798185,0.7432432432432432,9.822643756866455,13.03111495930232,441,55,73,74,3.450326681137085,2.359255790710449,2.670301914215088,0.3512625283519171,0.2401854173995903,0.2718516501576707,0,0,0.0
explain_sd_simple,45,speculative,manual,EleutherAI/pythia-31m,EleutherAI/pythia-1.4b,top_k,6,50,,1.0,128,0.17333333333333334,1.0317460317460319,8.278322696685791,15.462069393748632,375,65,63,63,3.0072059631347656,2.0058751106262207,2.143867015838623,0.3632627131506596,0.24230453246637373,0.2589735982020749,0,0,0.0
explain_sd_simple,45,speculative,manual,EleutherAI/pythia-31m,EleutherAI/pythia-1.4b,top_k,8,50,,1.0,128,0.13987473903966596,1.098360655737705,8.979341983795166,14.254942091636444,479,67,61,61,3.672682285308838,1.9453635215759277,2.121711015701294,0.40901463514106623,0.21664878396286558,0.236288028625071,0,0,0.0
explain_sd_simple,45,speculative,manual,EleutherAI/pythia-31m,EleutherAI/pythia-1.4b,top_k,8,50,,1.0,128,0.1905940594059406,1.4807692307692308,7.806905746459961,16.395740406888038,404,77,51,52,3.2414679527282715,1.6459064483642578,1.8377506732940674,0.41520521164202784,0.2108269911047144,0.23540064821807216,0,0,0.0
explain_sd_simple,45,speculative,manual,EleutherAI/pythia-31m,EleutherAI/pythia-1.4b,top_k,8,50,,1.0,128,0.11428571428571428,0.8823529411764706,9.714818954467773,13.1757473402151,525,60,68,68,4.000098705291748,2.123487949371338,2.3391098976135254,0.41175226466285636,0.2185823492258455,0.24077750790587674,0,0,0.0
explain_sd_simple,45,baseline,hf,,EleutherAI/pythia-1.4b,top_p,,,0.9,1.0,128,,,3.836106538772583,33.367165042542176,,,,,0.0,3.836106538772583,0.0,0.0,1.0,0.0,,,
explain_sd_simple,45,baseline,hf,,EleutherAI/pythia-1.4b,top_p,,,0.9,1.0,128,,,3.8453598022460938,33.286872121884294,,,,,0.0,3.8453598022460938,0.0,0.0,1.0,0.0,,,
explain_sd_simple,45,baseline,hf,,EleutherAI/pythia-1.4b,top_p,,,0.9,1.0,128,,,3.9181368350982666,32.66858851211861,,,,,0.0,3.9181368350982666,0.0,0.0,1.0,0.0,,,
explain_sd_simple,45,baseline,manual,,EleutherAI/pythia-1.4b,top_p,,,0.9,1.0,128,,,3.6707093715667725,34.870644075361824,,,,,0.0,3.6707093715667725,0.0,0.0,1.0,0.0,,,
explain_sd_simple,45,baseline,manual,,EleutherAI/pythia-1.4b,top_p,,,0.9,1.0,128,,,3.7916085720062256,33.758758998762445,,,,,0.0,3.7916085720062256,0.0,0.0,1.0,0.0,,,
explain_sd_simple,45,baseline,manual,,EleutherAI/pythia-1.4b,top_p,,,0.9,1.0,128,,,3.9256591796875,32.60598899219503,,,,,0.0,3.9256591796875,0.0,0.0,1.0,0.0,,,
explain_sd_simple,45,speculative,manual,EleutherAI/pythia-31m,EleutherAI/pythia-1.4b,top_p,1,,0.9,1.0,128,0.6410256410256411,0.6410256410256411,6.254366874694824,20.465700615978918,78,50,28,78,0.6850438117980957,2.3463165760040283,2.9168505668640137,0.10953048094600651,0.37514853589693115,0.46637023783583825,0,0,0.0
explain_sd_simple,45,speculative,manual,EleutherAI/pythia-31m,EleutherAI/pythia-1.4b,top_p,1,,0.9,1.0,128,0.5609756097560976,0.5609756097560976,6.270915746688843,20.411691875717885,82,46,36,82,0.6714317798614502,2.343480348587036,2.942469596862793,0.10707077036013095,0.3737062405637384,0.4692248653502433,0,0,0.0
explain_sd_simple,45,speculative,manual,EleutherAI/pythia-31m,EleutherAI/pythia-1.4b,top_p,1,,0.9,1.0,128,0.5421686746987951,0.5421686746987951,6.5621819496154785,19.50570724536225,83,45,38,83,0.7123005390167236,2.4609901905059814,3.048959255218506,0.10854629519354642,0.3750262046071714,0.4646258330885148,0,2,0.015625
explain_sd_simple,45,speculative,manual,EleutherAI/pythia-31m,EleutherAI/pythia-1.4b,top_p,2,,0.9,1.0,128,0.3673469387755102,0.7297297297297297,6.679853677749634,19.162096383392896,147,54,55,74,1.1752102375030518,2.410881757736206,2.6757938861846924,0.17593353001393386,0.36091834852113175,0.4005767214778478,0,0,0.0
explain_sd_simple,45,speculative,manual,EleutherAI/pythia-31m,EleutherAI/pythia-1.4b,top_p,2,,0.9,1.0,128,0.4772727272727273,0.9545454545454546,6.177536249160767,20.720234546157315,132,63,44,66,1.1001958847045898,2.13677978515625,2.520193576812744,0.17809622482653245,0.3458951431400401,0.40796095322874365,0,0,0.0
explain_sd_simple,45,speculative,manual,EleutherAI/pythia-31m,EleutherAI/pythia-1.4b,top_p,2,,0.9,1.0,128,0.3835616438356164,0.7671232876712328,6.637414455413818,19.2846176564425,146,56,55,73,1.2729768753051758,2.336250066757202,2.605208396911621,0.19178806504494683,0.35198194755664775,0.3925034988265165,0,2,0.015625
explain_sd_simple,45,speculative,manual,EleutherAI/pythia-31m,EleutherAI/pythia-1.4b,top_p,4,,0.9,1.0,128,0.30434782608695654,1.1864406779661016,6.267283201217651,20.42352258393737,230,70,53,59,1.8458280563354492,1.8312656879425049,2.068068742752075,0.2945180546455646,0.2921945010537762,0.32997850525571853,0,0,0.0
explain_sd_simple,45,speculative,manual,EleutherAI/pythia-31m,EleutherAI/pythia-1.4b,top_p,4,,0.9,1.0,128,0.2768595041322314,1.0806451612903225,6.852317571640015,18.679811415886384,242,67,55,62,2.0251338481903076,2.033881902694702,2.2470617294311523,0.2955399873134627,0.296816643629072,0.32792726051272997,0,0,0.0
explain_sd_simple,45,speculative,manual,EleutherAI/pythia-31m,EleutherAI/pythia-1.4b,top_p,4,,0.9,1.0,128,0.2905982905982906,1.1333333333333333,6.4131693840026855,19.958930185017298,234,68,51,60,1.8573167324066162,1.9520111083984375,2.1147494316101074,0.28960980463725083,0.30437541744455193,0.32975106456493086,0,0,0.0
explain_sd_simple,45,speculative,manual,EleutherAI/pythia-31m,EleutherAI/pythia-1.4b,top_p,6,,0.9,1.0,128,0.23659305993690852,1.4150943396226414,6.642754316329956,19.269115475991065,317,75,52,53,2.5070152282714844,1.6825592517852783,1.8407468795776367,0.37740598385649476,0.2532924102956848,0.2771059701925914,0,0,0.0
explain_sd_simple,45,speculative,manual,EleutherAI/pythia-31m,EleutherAI/pythia-1.4b,top_p,6,,0.9,1.0,128,0.2267080745341615,1.3035714285714286,6.778688669204712,18.88270818240974,322,73,52,56,2.4954750537872314,1.7817785739898682,1.9087772369384766,0.36813536888396514,0.26285003795563155,0.28158502773699706,0,0,0.0
explain_sd_simple,45,speculative,manual,EleutherAI/pythia-31m,EleutherAI/pythia-1.4b,top_p,6,,0.9,1.0,128,0.15326633165829145,0.9104477611940298,7.991970062255859,16.01607601165988,398,61,67,67,3.0209805965423584,2.04630708694458,2.224106550216675,0.37800199112478144,0.25604538943517735,0.2782926528617258,0,0,0.0
explain_sd_simple,45,speculative,manual,EleutherAI/pythia-31m,EleutherAI/pythia-1.4b,top_p,8,,0.9,1.0,128,0.14255765199161424,1.1147540983606556,8.529125452041626,15.007400315510719,477,68,59,61,3.7000129222869873,1.871100902557373,2.1253461837768555,0.4338091804478396,0.2193778146514993,0.24918688272642409,0,0,0.0
explain_sd_simple,45,speculative,manual,EleutherAI/pythia-31m,EleutherAI/pythia-1.4b,top_p,8,,0.9,1.0,128,0.11069418386491557,0.855072463768116,9.558373212814331,13.391400100217698,533,59,69,69,4.163282632827759,2.1249639987945557,2.393226385116577,0.43556393333190824,0.22231439926887825,0.2503800941679201,0,0,0.0
explain_sd_simple,45,speculative,manual,EleutherAI/pythia-31m,EleutherAI/pythia-1.4b,top_p,8,,0.9,1.0,128,0.2299168975069252,1.8043478260869565,6.52310037612915,19.622570958498116,361,83,44,46,2.868563652038574,1.4554862976074219,1.5577619075775146,0.43975463914918295,0.22312799339002612,0.23880698099910286,0,0,0.0
sampling_diff,77,baseline,hf,,EleutherAI/pythia-1.4b,greedy,,,,1.0,128,,,3.5965662002563477,35.5895020063517,,,,,0.0,3.5965662002563477,0.0,0.0,1.0,0.0,,,
sampling_diff,77,baseline,hf,,EleutherAI/pythia-1.4b,greedy,,,,1.0,128,,,3.7252745628356934,34.35988350414792,,,,,0.0,3.7252745628356934,0.0,0.0,1.0,0.0,,,
sampling_diff,77,baseline,hf,,EleutherAI/pythia-1.4b,greedy,,,,1.0,128,,,3.7244036197662354,34.36791848248553,,,,,0.0,3.7244036197662354,0.0,0.0,1.0,0.0,,,
sampling_diff,77,baseline,manual,,EleutherAI/pythia-1.4b,greedy,,,,1.0,128,,,3.7139244079589844,34.46489102624019,,,,,0.0,3.7139244079589844,0.0,0.0,1.0,0.0,,,
sampling_diff,77,baseline,manual,,EleutherAI/pythia-1.4b,greedy,,,,1.0,128,,,3.7626116275787354,34.01892426574167,,,,,0.0,3.7626116275787354,0.0,0.0,1.0,0.0,,,
sampling_diff,77,baseline,manual,,EleutherAI/pythia-1.4b,greedy,,,,1.0,128,,,3.7212963104248047,34.396615943057796,,,,,0.0,3.7212963104248047,0.0,0.0,1.0,0.0,,,
sampling_diff,77,speculative,manual,EleutherAI/pythia-31m,EleutherAI/pythia-1.4b,greedy,1,,,1.0,128,0.6753246753246753,0.6753246753246753,5.646648645401001,22.668313195695564,77,52,25,77,0.5903172492980957,2.204512596130371,2.788182020187378,0.1045429397805526,0.39041079666358736,0.493776431876677,1,128,1.0
sampling_diff,77,speculative,manual,EleutherAI/pythia-31m,EleutherAI/pythia-1.4b,greedy,1,,,1.0,128,0.6753246753246753,0.6753246753246753,5.678843975067139,22.539798691772777,77,52,25,77,0.615473747253418,2.2541098594665527,2.749009370803833,0.10838011221221155,0.39693111298059625,0.4840790454665261,1,128,1.0
sampling_diff,77,speculative,manual,EleutherAI/pythia-31m,EleutherAI/pythia-1.4b,greedy,1,,,1.0,128,0.6753246753246753,0.6753246753246753,5.713480710983276,22.403156057556988,77,52,25,77,0.6147241592407227,2.229870080947876,2.798384428024292,0.10759188493609706,0.3902822454027539,0.48978627382863726,1,128,1.0
sampling_diff,77,speculative,manual,EleutherAI/pythia-31m,EleutherAI/pythia-1.4b,greedy,2,,,1.0,128,0.5238095238095238,1.0476190476190477,5.41906476020813,23.62031192907979,126,66,35,63,1.0363104343414307,2.0642075538635254,2.252401351928711,0.19123418526956837,0.3809158305360878,0.4156439259534154,1,128,1.0
sampling_diff,77,speculative,manual,EleutherAI/pythia-31m,EleutherAI/pythia-1.4b,greedy,2,,,1.0,128,0.5238095238095238,1.0476190476190477,5.586929798126221,22.910615422969773,126,66,35,63,1.0160231590270996,2.2142603397369385,2.282620429992676,0.18185715513516204,0.39632864914099525,0.40856436584512573,1,128,1.0
sampling_diff,77,speculative,manual,EleutherAI/pythia-31m,EleutherAI/pythia-1.4b,greedy,2,,,1.0,128,0.5238095238095238,1.0476190476190477,5.433198928833008,23.55886498481163,126,66,35,63,1.053335189819336,2.055293560028076,2.266967535018921,0.1938701681305052,0.3782842459754241,0.41724361001923427,1,128,1.0
sampling_diff,77,speculative,manual,EleutherAI/pythia-31m,EleutherAI/pythia-1.4b,greedy,4,,,1.0,128,0.36538461538461536,1.4615384615384615,5.298845052719116,24.156207386044713,208,76,38,52,1.6626594066619873,1.6786284446716309,1.8839728832244873,0.3137776987475392,0.31679138151251246,0.35554405997543215,1,128,1.0
sampling_diff,77,speculative,manual,EleutherAI/pythia-31m,EleutherAI/pythia-1.4b,greedy,4,,,1.0,128,0.36538461538461536,1.4615384615384615,5.324415683746338,24.040196634297587,208,76,38,52,1.7064414024353027,1.6967105865478516,1.8501684665679932,0.3204936473394627,0.31866606353206833,0.3474876073661828,1,128,1.0
sampling_diff,77,speculative,manual,EleutherAI/pythia-31m,EleutherAI/pythia-1.4b,greedy,4,,,1.0,128,0.36538461538461536,1.4615384615384615,5.021840810775757,25.488661393913638,208,76,38,52,1.6005525588989258,1.5839264392852783,1.7629823684692383,0.31871829856981826,0.31540753659226384,0.3510629736980649,1,128,1.0
sampling_diff,77,speculative,manual,EleutherAI/pythia-31m,EleutherAI/pythia-1.4b,greedy,6,,,1.0,128,0.2872340425531915,1.7234042553191489,5.466004133224487,23.417472230210453,282,81,40,47,2.266396999359131,1.5019478797912598,1.6091609001159668,0.4146350687119121,0.27477986536121324,0.29439438040942273,1,128,1.0
sampling_diff,77,speculative,manual,EleutherAI/pythia-31m,EleutherAI/pythia-1.4b,greedy,6,,,1.0,128,0.2872340425531915,1.7234042553191489,5.403581142425537,23.687994429291365,282,81,40,47,2.240579605102539,1.4419353008270264,1.6319656372070312,0.41464716565666243,0.26684808885460287,0.30201556971058663,1,128,1.0
sampling_diff,77,speculative,manual,EleutherAI/pythia-31m,EleutherAI/pythia-1.4b,greedy,6,,,1.0,128,0.2872340425531915,1.7234042553191489,5.3911521434783936,23.742605772096404,282,81,40,47,2.186075210571289,1.494283676147461,1.6180596351623535,0.40549313994333397,0.2771733455816261,0.3001324377609523,1,128,1.0
sampling_diff,77,speculative,manual,EleutherAI/pythia-31m,EleutherAI/pythia-1.4b,greedy,8,,,1.0,128,0.22554347826086957,1.8043478260869565,5.8768630027771,21.780327351431172,368,83,40,46,2.801779270172119,1.4312257766723633,1.5431139469146729,0.4767474193031459,0.24353567132601875,0.2625744289403169,1,128,1.0
sampling_diff,77,speculative,manual,EleutherAI/pythia-31m,EleutherAI/pythia-1.4b,greedy,8,,,1.0,128,0.22554347826086957,1.8043478260869565,6.024471998214722,21.246675233602417,368,83,40,46,2.9128997325897217,1.4214355945587158,1.582474708557129,0.4835112078623527,0.23594359721149685,0.2626744234226793,1,128,1.0
sampling_diff,77,speculative,manual,EleutherAI/pythia-31m,EleutherAI/pythia-1.4b,greedy,8,,,1.0,128,0.22554347826086957,1.8043478260869565,5.89381742477417,21.717673075851092,368,83,40,46,2.7498466968536377,1.436760663986206,1.59218168258667,0.46656462164825235,0.24377420616168097,0.2701443848419985,1,128,1.0
sampling_diff,77,baseline,hf,,EleutherAI/pythia-1.4b,top_k,,50,,1.0,57,,,1.642455816268921,34.70412989829087,,,,,0.0,1.642455816268921,0.0,0.0,1.0,0.0,,,
sampling_diff,77,baseline,hf,,EleutherAI/pythia-1.4b,top_k,,50,,1.0,128,,,3.7113735675811768,34.488578869580564,,,,,0.0,3.7113735675811768,0.0,0.0,1.0,0.0,,,
sampling_diff,77,baseline,hf,,EleutherAI/pythia-1.4b,top_k,,50,,1.0,128,,,3.6988885402679443,34.604989743953674,,,,,0.0,3.6988885402679443,0.0,0.0,1.0,0.0,,,
sampling_diff,77,baseline,manual,,EleutherAI/pythia-1.4b,top_k,,50,,1.0,128,,,3.746325731277466,34.166810144496715,,,,,0.0,3.746325731277466,0.0,0.0,1.0,0.0,,,
sampling_diff,77,baseline,manual,,EleutherAI/pythia-1.4b,top_k,,50,,1.0,128,,,3.645388603210449,35.11285460410777,,,,,0.0,3.645388603210449,0.0,0.0,1.0,0.0,,,
sampling_diff,77,baseline,manual,,EleutherAI/pythia-1.4b,top_k,,50,,1.0,128,,,3.810108184814453,33.59484660046035,,,,,0.0,3.810108184814453,0.0,0.0,1.0,0.0,,,
sampling_diff,77,speculative,manual,EleutherAI/pythia-31m,EleutherAI/pythia-1.4b,top_k,1,50,,1.0,128,0.620253164556962,0.620253164556962,6.383732795715332,20.050964552575216,79,49,30,79,0.6631155014038086,2.2901272773742676,2.807048797607422,0.10387582353836645,0.35874422546497675,0.4397190307669945,0,2,0.015625
sampling_diff,77,speculative,manual,EleutherAI/pythia-31m,EleutherAI/pythia-1.4b,top_k,1,50,,1.0,128,0.6,0.6,6.512047052383423,19.65587763269489,80,48,32,80,0.6491272449493408,2.3201234340667725,2.9110896587371826,0.09968098199041098,0.3562817368184713,0.4470314227339186,0,2,0.015625
sampling_diff,77,speculative,manual,EleutherAI/pythia-31m,EleutherAI/pythia-1.4b,top_k,1,50,,1.0,128,0.5238095238095238,0.5238095238095238,6.680535554885864,19.16014052292352,84,44,40,84,0.6817581653594971,2.323800802230835,3.035443067550659,0.10205142383545697,0.3478464837345719,0.4543712165906614,0,0,0.0
sampling_diff,77,speculative,manual,EleutherAI/pythia-31m,EleutherAI/pythia-1.4b,top_k,2,50,,1.0,128,0.49230769230769234,0.9846153846153847,9.09087324142456,14.080055523900596,130,64,40,65,1.564803123474121,3.0940866470336914,3.4185733795166016,0.172129022363193,0.34035087332807656,0.3760445546572051,0,2,0.015625
sampling_diff,77,speculative,manual,EleutherAI/pythia-31m,EleutherAI/pythia-1.4b,top_k,2,50,,1.0,128,0.5,1.0,10.84115219116211,11.806863121463028,128,64,40,64,1.845046043395996,3.7939720153808594,4.060078859329224,0.17018911005604265,0.34996022087705486,0.37450621370660847,0,0,0.0
sampling_diff,77,speculative,manual,EleutherAI/pythia-31m,EleutherAI/pythia-1.4b,top_k,2,50,,1.0,128,0.4626865671641791,0.9253731343283582,10.689634561538696,11.974216636043293,134,62,44,67,1.7820649147033691,3.760145425796509,4.033456325531006,0.16670961990742308,0.35175621805870816,0.37732406120255796,0,0,0.0
sampling_diff,77,speculative,manual,EleutherAI/pythia-31m,EleutherAI/pythia-1.4b,top_k,4,50,,1.0,128,0.3619047619047619,1.4339622641509433,6.926271915435791,18.480360223043082,210,76,47,53,1.8670611381530762,2.0024876594543457,2.0905919075012207,0.2695622061837004,0.2891147913196463,0.3018350900781353,0,2,0.015625
sampling_diff,77,speculative,manual,EleutherAI/pythia-31m,EleutherAI/pythia-1.4b,top_k,4,50,,1.0,128,0.25196850393700787,0.9846153846153847,7.3888421058654785,17.32341795453849,254,64,60,65,2.011772394180298,2.068265199661255,2.2887985706329346,0.27227167198271757,0.2799173632387415,0.3097641738501922,0,2,0.015625
sampling_diff,77,speculative,manual,EleutherAI/pythia-31m,EleutherAI/pythia-1.4b,top_k,4,50,,1.0,128,0.31004366812227074,1.2241379310344827,6.780156135559082,18.878621294381933,229,71,50,58,1.8520123958587646,1.9220547676086426,2.112142562866211,0.27315188010873886,0.28348237550581906,0.31151827784450375,0,0,0.0
sampling_diff,77,speculative,manual,EleutherAI/pythia-31m,EleutherAI/pythia-1.4b,top_k,6,50,,1.0,128,0.19714285714285715,1.1694915254237288,7.988754749298096,16.0225221598205,350,69,57,59,2.784487724304199,1.9759960174560547,2.178382158279419,0.3485509083313452,0.2473471873234898,0.27268106565304373,0,2,0.015625
sampling_diff,77,speculative,manual,EleutherAI/pythia-31m,EleutherAI/pythia-1.4b,top_k,6,50,,1.0,128,0.21364985163204747,1.263157894736842,7.7335920333862305,16.551170458361238,337,72,50,57,2.7770183086395264,1.942453145980835,2.0948238372802734,0.3590851827522095,0.25117088380085034,0.270873331336439,0,0,0.0
sampling_diff,77,speculative,manual,EleutherAI/pythia-31m,EleutherAI/pythia-1.4b,top_k,6,50,,1.0,128,0.21428571428571427,1.2857142857142858,7.430325746536255,17.2267010042822,336,72,56,56,2.694232702255249,1.7423121929168701,1.9476263523101807,0.36259954060711286,0.2344866500272982,0.26211856905709585,0,0,0.0
sampling_diff,77,speculative,manual,EleutherAI/pythia-31m,EleutherAI/pythia-1.4b,top_k,8,50,,1.0,128,0.1773049645390071,1.4150943396226414,9.283353328704834,13.78812110966565,423,75,52,53,3.8568780422210693,1.9706885814666748,2.232825517654419,0.4154617308699551,0.2122819752398259,0.24051928636071115,0,2,0.015625
sampling_diff,77,speculative,manual,EleutherAI/pythia-31m,EleutherAI/pythia-1.4b,top_k,8,50,,1.0,128,0.18052256532066507,1.4339622641509433,7.89579439163208,16.211161746518336,421,76,50,53,3.277914524078369,1.6904969215393066,1.8863904476165771,0.41514689485231343,0.21410092989894544,0.23891078643280828,0,0,0.0
sampling_diff,77,speculative,manual,EleutherAI/pythia-31m,EleutherAI/pythia-1.4b,top_k,8,50,,1.0,128,0.15250544662309368,1.206896551724138,8.260106325149536,15.49616856750119,459,70,58,58,3.434849977493286,1.7621667385101318,1.907442331314087,0.4158360488696377,0.21333463143747494,0.23092224920961363,0,0,0.0
sampling_diff,77,baseline,hf,,EleutherAI/pythia-1.4b,top_p,,,0.9,1.0,128,,,3.83402681350708,33.38526469065437,,,,,0.0,3.83402681350708,0.0,0.0,1.0,0.0,,,
sampling_diff,77,baseline,hf,,EleutherAI/pythia-1.4b,top_p,,,0.9,1.0,128,,,3.7998287677764893,33.68572844267943,,,,,0.0,3.7998287677764893,0.0,0.0,1.0,0.0,,,
sampling_diff,77,baseline,hf,,EleutherAI/pythia-1.4b,top_p,,,0.9,1.0,128,,,3.980487585067749,32.15686452086281,,,,,0.0,3.980487585067749,0.0,0.0,1.0,0.0,,,
sampling_diff,77,baseline,manual,,EleutherAI/pythia-1.4b,top_p,,,0.9,1.0,128,,,3.8375906944274902,33.35426057444504,,,,,0.0,3.8375906944274902,0.0,0.0,1.0,0.0,,,
sampling_diff,77,baseline,manual,,EleutherAI/pythia-1.4b,top_p,,,0.9,1.0,128,,,3.8178675174713135,33.52656932547994,,,,,0.0,3.8178675174713135,0.0,0.0,1.0,0.0,,,
sampling_diff,77,baseline,manual,,EleutherAI/pythia-1.4b,top_p,,,0.9,1.0,128,,,3.8781917095184326,33.0050728760632,,,,,0.0,3.8781917095184326,0.0,0.0,1.0,0.0,,,
sampling_diff,77,speculative,manual,EleutherAI/pythia-31m,EleutherAI/pythia-1.4b,top_p,1,,0.9,1.0,128,0.6842105263157895,0.6842105263157895,5.732565879821777,22.32857025691599,76,52,24,76,0.6171121597290039,2.1685779094696045,2.662065029144287,0.10765025167895491,0.37829097038428183,0.46437582837286984,0,0,0.0
sampling_diff,77,speculative,manual,EleutherAI/pythia-31m,EleutherAI/pythia-1.4b,top_p,1,,0.9,1.0,128,0.6,0.6,6.021961688995361,21.255532102422613,80,48,32,80,0.6382646560668945,2.2239272594451904,2.8597044944763184,0.10598949130368442,0.3693027910671093,0.47487922410768446,0,2,0.015625
sampling_diff,77,speculative,manual,EleutherAI/pythia-31m,EleutherAI/pythia-1.4b,top_p,1,,0.9,1.0,128,0.40217391304347827,0.40217391304347827,7.08359432220459,18.069922440188986,92,37,55,92,0.7392287254333496,2.601400375366211,3.3469512462615967,0.10435785729797177,0.3672429923339527,0.47249335493000716,0,1,0.0078125
sampling_diff,77,speculative,manual,EleutherAI/pythia-31m,EleutherAI/pythia-1.4b,top_p,2,,0.9,1.0,128,0.3986013986013986,0.7916666666666666,6.554889678955078,19.527407213420044,143,57,51,72,1.1892802715301514,2.4210238456726074,2.544276237487793,0.18143406369575021,0.36934623834257196,0.38814936056915894,0,1,0.0078125
sampling_diff,77,speculative,manual,EleutherAI/pythia-31m,EleutherAI/pythia-1.4b,top_p,2,,0.9,1.0,128,0.43795620437956206,0.8695652173913043,6.181302070617676,20.707611201924227,137,60,50,69,1.0815529823303223,2.268519639968872,2.4304847717285156,0.17497170822170263,0.3669970524094104,0.39319948191524734,0,2,0.015625
sampling_diff,77,speculative,manual,EleutherAI/pythia-31m,EleutherAI/pythia-1.4b,top_p,2,,0.9,1.0,128,0.532258064516129,1.064516129032258,5.474509000778198,23.381092255361143,124,66,39,62,0.9659016132354736,1.9670584201812744,2.1992080211639404,0.17643620881766223,0.3593122999526822,0.4017178564965962,0,1,0.0078125
sampling_diff,77,speculative,manual,EleutherAI/pythia-31m,EleutherAI/pythia-1.4b,top_p,4,,0.9,1.0,128,0.2791666666666667,1.098360655737705,6.454441070556641,19.831306630701192,240,67,54,61,1.909505844116211,1.8960967063903809,2.1439499855041504,0.2958437180295663,0.2937662123897676,0.33216663721422013,0,0,0.0
sampling_diff,77,speculative,manual,EleutherAI/pythia-31m,EleutherAI/pythia-1.4b,top_p,4,,0.9,1.0,128,0.42105263157894735,1.6666666666666667,5.075192213058472,25.22071965484498,190,80,40,48,1.4833550453186035,1.5396771430969238,1.6243464946746826,0.29227563864515915,0.30337316863297,0.32005615284781497,0,0,0.0
sampling_diff,77,speculative,manual,EleutherAI/pythia-31m,EleutherAI/pythia-1.4b,top_p,4,,0.9,1.0,128,0.28451882845188287,1.1333333333333333,6.309711456298828,20.286189136623797,239,68,52,60,1.8809893131256104,1.8429772853851318,2.0890514850616455,0.2981101950783923,0.29208582645175213,0.3310851057976981,0,1,0.0078125
sampling_diff,77,speculative,manual,EleutherAI/pythia-31m,EleutherAI/pythia-1.4b,top_p,6,,0.9,1.0,128,0.21621621621621623,1.2857142857142858,6.855190277099609,18.671983537436695,333,72,51,56,2.5728566646575928,1.7793896198272705,1.9213416576385498,0.37531513505211606,0.25956823193828543,0.28027546719701824,0,1,0.0078125
sampling_diff,77,speculative,manual,EleutherAI/pythia-31m,EleutherAI/pythia-1.4b,top_p,6,,0.9,1.0,128,0.2236024844720497,1.2857142857142858,6.730082988739014,19.01908196587971,322,72,54,56,2.463052749633789,1.7398226261138916,1.9320948123931885,0.365976579152894,0.25851429009493904,0.2870833562715393,0,1,0.0078125
sampling_diff,77,speculative,manual,EleutherAI/pythia-31m,EleutherAI/pythia-1.4b,top_p,6,,0.9,1.0,128,0.16020671834625322,0.9253731343283582,8.112151145935059,15.778798705462963,387,62,65,67,2.9942283630371094,2.086505651473999,2.3287127017974854,0.3691041142074252,0.2572074427532742,0.2870647575352916,0,1,0.0078125
sampling_diff,77,speculative,manual,EleutherAI/pythia-31m,EleutherAI/pythia-1.4b,top_p,8,,0.9,1.0,128,0.15418502202643172,1.206896551724138,7.966654539108276,16.066970065244888,454,70,56,58,3.4875879287719727,1.7793750762939453,1.9518818855285645,0.43777320977725553,0.2233528600442005,0.24500646738813436,0,1,0.0078125
sampling_diff,77,speculative,manual,EleutherAI/pythia-31m,EleutherAI/pythia-1.4b,top_p,8,,0.9,1.0,128,0.21108179419525067,1.6326530612244898,6.635485887527466,19.29022262568563,379,80,47,49,2.8790512084960938,1.500603437423706,1.610785961151123,0.4338870215831164,0.2261482373497844,0.24275327963229815,0,2,0.015625
sampling_diff,77,speculative,manual,EleutherAI/pythia-31m,EleutherAI/pythia-1.4b,top_p,8,,0.9,1.0,128,0.2265193370165746,1.7826086956521738,6.354414463043213,20.14347675060199,362,82,44,46,2.7174909114837646,1.4333138465881348,1.572091817855835,0.42765402340191744,0.22556190738331253,0.24740152330305182,0,0,0.0
draft_target_interaction,80,baseline,hf,,EleutherAI/pythia-1.4b,greedy,,,,1.0,128,,,3.6193671226501465,35.365298866470546,,,,,0.0,3.6193671226501465,0.0,0.0,1.0,0.0,,,
draft_target_interaction,80,baseline,hf,,EleutherAI/pythia-1.4b,greedy,,,,1.0,128,,,4.060295343399048,31.524800334560318,,,,,0.0,4.060295343399048,0.0,0.0,1.0,0.0,,,
draft_target_interaction,80,baseline,hf,,EleutherAI/pythia-1.4b,greedy,,,,1.0,128,,,3.912055015563965,32.71937625896282,,,,,0.0,3.912055015563965,0.0,0.0,1.0,0.0,,,
draft_target_interaction,80,baseline,manual,,EleutherAI/pythia-1.4b,greedy,,,,1.0,128,,,3.652651309967041,35.04303836797249,,,,,0.0,3.652651309967041,0.0,0.0,1.0,0.0,,,
draft_target_interaction,80,baseline,manual,,EleutherAI/pythia-1.4b,greedy,,,,1.0,128,,,3.775494337081909,33.902845183163905,,,,,0.0,3.775494337081909,0.0,0.0,1.0,0.0,,,
draft_target_interaction,80,baseline,manual,,EleutherAI/pythia-1.4b,greedy,,,,1.0,128,,,3.6709465980529785,34.86839064013884,,,,,0.0,3.6709465980529785,0.0,0.0,1.0,0.0,,,
draft_target_interaction,80,speculative,manual,EleutherAI/pythia-31m,EleutherAI/pythia-1.4b,greedy,1,,,1.0,128,0.9393939393939394,0.9393939393939394,4.9014410972595215,26.114768587460322,66,62,4,66,0.5392723083496094,1.9439301490783691,2.373040199279785,0.11002321514199684,0.3966037968231942,0.4841515285385337,1,128,1.0
draft_target_interaction,80,speculative,manual,EleutherAI/pythia-31m,EleutherAI/pythia-1.4b,greedy,1,,,1.0,128,0.9393939393939394,0.9393939393939394,4.868914604187012,26.289226738527454,66,62,4,66,0.5508279800415039,1.8855748176574707,2.380629062652588,0.11313157547840759,0.3872679993269907,0.48894450944064033,1,128,1.0
draft_target_interaction,80,speculative,manual,EleutherAI/pythia-31m,EleutherAI/pythia-1.4b,greedy,1,,,1.0,128,0.9393939393939394,0.9393939393939394,4.844225645065308,26.423211753232515,66,62,4,66,0.5320253372192383,1.8947947025299072,2.368549108505249,0.10982670424553805,0.3911450129207106,0.488942770640346,1,128,1.0
draft_target_interaction,80,speculative,manual,EleutherAI/pythia-31m,EleutherAI/pythia-1.4b,greedy,2,,,1.0,128,0.9333333333333333,1.8666666666666667,3.727736234664917,34.33719339091217,90,84,5,45,0.6908507347106934,1.444153070449829,1.5465316772460938,0.1853271506407409,0.38740752551652646,0.4148715413028975,1,128,1.0
draft_target_interaction,80,speculative,manual,EleutherAI/pythia-31m,EleutherAI/pythia-1.4b,greedy,2,,,1.0,128,0.9333333333333333,1.8666666666666667,3.848118305206299,33.263010606202734,90,84,5,45,0.7369332313537598,1.4478349685668945,1.6157376766204834,0.19150482727018253,0.37624492121462355,0.41987733964272267,1,128,1.0
draft_target_interaction,80,speculative,manual,EleutherAI/pythia-31m,EleutherAI/pythia-1.4b,greedy,2,,,1.0,128,0.9333333333333333,1.8666666666666667,3.780421018600464,33.85866266487599,90,84,5,45,0.7461793422698975,1.4076197147369385,1.5883874893188477,0.1973799581048086,0.37234469595083575,0.42016153267153267,1,128,1.0
draft_target_interaction,80,speculative,manual,EleutherAI/pythia-31m,EleutherAI/pythia-1.4b,greedy,4,,,1.0,128,0.853448275862069,3.413793103448276,2.8503243923187256,44.90716928393985,116,99,6,29,0.8816626071929932,0.935718297958374,0.9832592010498047,0.3093200933791837,0.328284843816381,0.3449639639963674,1,128,1.0
draft_target_interaction,80,speculative,manual,EleutherAI/pythia-31m,EleutherAI/pythia-1.4b,greedy,4,,,1.0,128,0.853448275862069,3.413793103448276,2.9749534130096436,43.02588384754147,116,99,6,29,0.9093661308288574,0.9985501766204834,1.0156774520874023,0.305674074374458,0.33565237433761674,0.3414095318756207,1,128,1.0
draft_target_interaction,80,speculative,manual,EleutherAI/pythia-31m,EleutherAI/pythia-1.4b,greedy,4,,,1.0,128,0.853448275862069,3.413793103448276,2.8828067779541016,44.401172141977646,116,99,6,29,0.9061911106109619,0.927955150604248,0.9946134090423584,0.31434333981068147,0.32189294048448447,0.3450156342938202,1,128,1.0
draft_target_interaction,80,speculative,manual,EleutherAI/pythia-31m,EleutherAI/pythia-1.4b,greedy,6,,,1.0,128,0.7737226277372263,4.608695652173913,2.617091178894043,48.90926270826053,137,106,7,23,1.0619981288909912,0.7242467403411865,0.7821447849273682,0.40579332407508295,0.27673729756990967,0.29886034970241077,1,128,1.0
draft_target_interaction,80,speculative,manual,EleutherAI/pythia-31m,EleutherAI/pythia-1.4b,greedy,6,,,1.0,128,0.7737226277372263,4.608695652173913,2.5728213787078857,49.750830376061224,137,106,7,23,1.0366404056549072,0.7285416126251221,0.7634983062744141,0.40291969517741083,0.2831683608719887,0.296755271311472,1,128,1.0
draft_target_interaction,80,speculative,manual,EleutherAI/pythia-31m,EleutherAI/pythia-1.4b,greedy,6,,,1.0,128,0.7737226277372263,4.608695652173913,2.649209976196289,48.316290950927645,137,106,7,23,1.0438942909240723,0.7542870044708252,0.8063380718231201,0.39403984595546704,0.2847214872540316,0.3043692568985614,1,128,1.0
draft_target_interaction,80,speculative,manual,EleutherAI/pythia-31m,EleutherAI/pythia-1.4b,greedy,8,,,1.0,128,0.7077922077922078,5.45,2.540355920791626,50.38664029413352,154,109,7,20,1.1884682178497314,0.6664416790008545,0.6367864608764648,0.4678353171390963,0.26234185278776917,0.2506682058465372,1,128,1.0
draft_target_interaction,80,speculative,manual,EleutherAI/pythia-31m,EleutherAI/pythia-1.4b,greedy,8,,,1.0,128,0.7077922077922078,5.45,2.4827144145965576,51.55647353052488,154,109,7,20,1.1567509174346924,0.6350059509277344,0.6438302993774414,0.46592185981353196,0.25577083984946497,0.2593251545937732,1,128,1.0
draft_target_interaction,80,speculative,manual,EleutherAI/pythia-31m,EleutherAI/pythia-1.4b,greedy,8,,,1.0,128,0.7077922077922078,5.45,2.4854495525360107,51.49973769107328,154,109,7,20,1.194244623184204,0.5947732925415039,0.6512410640716553,0.48049441275750904,0.23930209805893313,0.2620214372917632,1,128,1.0
draft_target_interaction,80,baseline,hf,,EleutherAI/pythia-1.4b,top_k,,50,,1.0,128,,,3.7110273838043213,34.49179614211904,,,,,0.0,3.7110273838043213,0.0,0.0,1.0,0.0,,,
draft_target_interaction,80,baseline,hf,,EleutherAI/pythia-1.4b,top_k,,50,,1.0,128,,,3.7666304111480713,33.982627979947075,,,,,0.0,3.7666304111480713,0.0,0.0,1.0,0.0,,,
draft_target_interaction,80,baseline,hf,,EleutherAI/pythia-1.4b,top_k,,50,,1.0,128,,,3.775688648223877,33.90110041520837,,,,,0.0,3.775688648223877,0.0,0.0,1.0,0.0,,,
draft_target_interaction,80,baseline,manual,,EleutherAI/pythia-1.4b,top_k,,50,,1.0,128,,,3.7412397861480713,34.213257453831105,,,,,0.0,3.7412397861480713,0.0,0.0,1.0,0.0,,,
draft_target_interaction,80,baseline,manual,,EleutherAI/pythia-1.4b,top_k,,50,,1.0,128,,,3.649334192276001,35.07489126945908,,,,,0.0,3.649334192276001,0.0,0.0,1.0,0.0,,,
draft_target_interaction,80,baseline,manual,,EleutherAI/pythia-1.4b,top_k,,50,,1.0,128,,,3.7405893802642822,34.219206383716056,,,,,0.0,3.7405893802642822,0.0,0.0,1.0,0.0,,,
draft_target_interaction,80,speculative,manual,EleutherAI/pythia-31m,EleutherAI/pythia-1.4b,top_k,1,50,,1.0,128,0.6538461538461539,0.6538461538461539,6.048617601394653,21.161860186116996,78,51,27,78,0.6317942142486572,2.183899164199829,2.688143491744995,0.1044526627213104,0.36105756854198867,0.4444227869728745,0,2,0.015625
draft_target_interaction,80,speculative,manual,EleutherAI/pythia-31m,EleutherAI/pythia-1.4b,top_k,1,50,,1.0,128,0.45454545454545453,0.45454545454545453,6.930418968200684,18.46930186866208,88,40,48,88,0.6977882385253906,2.4540653228759766,3.1146657466888428,0.10068485638849545,0.3541005722938444,0.4494195460592032,0,0,0.0
draft_target_interaction,80,speculative,manual,EleutherAI/pythia-31m,EleutherAI/pythia-1.4b,top_k,1,50,,1.0,128,0.6,0.6,6.1783607006073,20.717469601186977,80,48,32,80,0.6111178398132324,2.2104692459106445,2.811652898788452,0.09891261928963824,0.35777601098837875,0.4550807301542109,0,0,0.0
draft_target_interaction,80,speculative,manual,EleutherAI/pythia-31m,EleutherAI/pythia-1.4b,top_k,2,50,,1.0,128,0.5403225806451613,1.0806451612903225,5.777827262878418,22.153656413783565,124,67,36,62,0.9962563514709473,1.9811203479766846,2.172846555709839,0.17242750711357002,0.3428832773705532,0.37606637527397496,0,2,0.015625
draft_target_interaction,80,speculative,manual,EleutherAI/pythia-31m,EleutherAI/pythia-1.4b,top_k,2,50,,1.0,128,0.3624161073825503,0.72,7.144487380981445,17.915910991841727,149,54,57,75,1.1962730884552002,2.4397926330566406,2.6293253898620605,0.16744001698983574,0.34149302853432767,0.3680215597918612,0,0,0.0
draft_target_interaction,80,speculative,manual,EleutherAI/pythia-31m,EleutherAI/pythia-1.4b,top_k,2,50,,1.0,128,0.4411764705882353,0.8823529411764706,6.248344421386719,20.485426437422998,136,60,46,68,1.079637050628662,2.111793041229248,2.344809055328369,0.17278769827945148,0.3379764140403403,0.3752688547869736,0,1,0.0078125
draft_target_interaction,80,speculative,manual,EleutherAI/pythia-31m,EleutherAI/pythia-1.4b,top_k,4,50,,1.0,128,0.31277533039647576,1.2456140350877194,6.246171474456787,20.49255300201822,227,71,49,57,1.7262253761291504,1.7769274711608887,1.9332945346832275,0.27636535166996445,0.2844826592461462,0.30951672437897026,0,2,0.015625
draft_target_interaction,80,speculative,manual,EleutherAI/pythia-31m,EleutherAI/pythia-1.4b,top_k,4,50,,1.0,128,0.3605769230769231,1.4150943396226414,5.7496912479400635,22.262064949288963,208,75,45,53,1.5766830444335938,1.6046969890594482,1.8103115558624268,0.2742204714033072,0.27909272339351465,0.31485369871138824,0,0,0.0
draft_target_interaction,80,speculative,manual,EleutherAI/pythia-31m,EleutherAI/pythia-1.4b,top_k,4,50,,1.0,128,0.2109090909090909,0.8285714285714286,7.451620101928711,17.177472583025217,275,58,65,70,2.0110843181610107,2.106693983078003,2.297668695449829,0.2698855135731463,0.2827162354308327,0.3083448517262872,0,0,0.0
draft_target_interaction,80,speculative,manual,EleutherAI/pythia-31m,EleutherAI/pythia-1.4b,top_k,6,50,,1.0,128,0.2791519434628975,1.6122448979591837,6.112521409988403,20.94062194871606,283,79,45,49,2.169078826904297,1.5032079219818115,1.6181659698486328,0.35485827883724536,0.2459227250354389,0.26472970175685695,0,2,0.015625
draft_target_interaction,80,speculative,manual,EleutherAI/pythia-31m,EleutherAI/pythia-1.4b,top_k,6,50,,1.0,128,0.2125748502994012,1.2241379310344827,7.215678691864014,17.739149076070348,334,71,55,58,2.534320831298828,1.7951011657714844,1.9451689720153809,0.3512241799453159,0.2487778686425627,0.26957533103693243,0,0,0.0
draft_target_interaction,80,speculative,manual,EleutherAI/pythia-31m,EleutherAI/pythia-1.4b,top_k,6,50,,1.0,128,0.1561712846347607,0.9253731343283582,8.488890886306763,15.078530483466798,397,62,66,67,2.9638283252716064,2.099393367767334,2.25357985496521,0.3491419980497677,0.24731067884896693,0.26547400421890316,0,1,0.0078125
draft_target_interaction,80,speculative,manual,EleutherAI/pythia-31m,EleutherAI/pythia-1.4b,top_k,8,50,,1.0,128,0.16937354988399073,1.3272727272727274,7.7498908042907715,16.516361743978646,431,73,55,55,3.2076332569122314,1.6432774066925049,1.8479583263397217,0.41389399385295944,0.21203878198937912,0.23844959535643895,0,2,0.015625
draft_target_interaction,80,speculative,manual,EleutherAI/pythia-31m,EleutherAI/pythia-1.4b,top_k,8,50,,1.0,128,0.18269230769230768,1.4339622641509433,7.369123935699463,17.369771646790806,416,76,52,53,3.066361427307129,1.6314539909362793,1.6854596138000488,0.416109357647284,0.22139049433444288,0.22871912977808648,0,0,0.0
draft_target_interaction,80,speculative,manual,EleutherAI/pythia-31m,EleutherAI/pythia-1.4b,top_k,8,50,,1.0,128,0.2231404958677686,1.7234042553191489,6.499784708023071,19.692959959427885,363,81,46,47,2.691270589828491,1.3644413948059082,1.5807037353515625,0.41405534348029954,0.20992101371014596,0.24319324506247195,0,1,0.0078125
draft_target_interaction,80,baseline,hf,,EleutherAI/pythia-1.4b,top_p,,,0.9,1.0,128,,,3.656430721282959,35.00681669009927,,,,,0.0,3.656430721282959,0.0,0.0,1.0,0.0,,,
draft_target_interaction,80,baseline,hf,,EleutherAI/pythia-1.4b,top_p,,,0.9,1.0,82,,,2.4178125858306885,33.91495291262505,,,,,0.0,2.4178125858306885,0.0,0.0,1.0,0.0,,,
draft_target_interaction,80,baseline,hf,,EleutherAI/pythia-1.4b,top_p,,,0.9,1.0,128,,,3.9584429264068604,32.3359468305351,,,,,0.0,3.9584429264068604,0.0,0.0,1.0,0.0,,,
draft_target_interaction,80,baseline,manual,,EleutherAI/pythia-1.4b,top_p,,,0.9,1.0,128,,,3.901479721069336,32.808064926944475,,,,,0.0,3.901479721069336,0.0,0.0,1.0,0.0,,,
draft_target_interaction,80,baseline,manual,,EleutherAI/pythia-1.4b,top_p,,,0.9,1.0,128,,,3.929967164993286,32.570246677930875,,,,,0.0,3.929967164993286,0.0,0.0,1.0,0.0,,,
draft_target_interaction,80,baseline,manual,,EleutherAI/pythia-1.4b,top_p,,,0.9,1.0,128,,,4.093380689620972,31.269996539670053,,,,,0.0,4.093380689620972,0.0,0.0,1.0,0.0,,,
draft_target_interaction,80,speculative,manual,EleutherAI/pythia-31m,EleutherAI/pythia-1.4b,top_p,1,,0.9,1.0,128,0.4883720930232558,0.4883720930232558,7.063344717025757,18.121726339005356,86,42,44,86,0.7357950210571289,2.6919732093811035,3.2441394329071045,0.1041709063531248,0.3811187641588932,0.4592922422556139,0,0,0.0
draft_target_interaction,80,speculative,manual,EleutherAI/pythia-31m,EleutherAI/pythia-1.4b,top_p,1,,0.9,1.0,128,0.3473684210526316,0.3473684210526316,7.656782150268555,16.71720541187273,95,33,62,95,0.8158001899719238,2.857682943344116,3.56665301322937,0.10654608867816755,0.3732224434835051,0.4658161801174235,0,0,0.0
draft_target_interaction,80,speculative,manual,EleutherAI/pythia-31m,EleutherAI/pythia-1.4b,top_p,1,,0.9,1.0,128,0.5,0.5,6.841154336929321,18.710292692717307,86,43,43,86,0.7503378391265869,2.4991586208343506,3.2262656688690186,0.1096800045974959,0.36531241626045635,0.47159667944534933,0,2,0.015625
draft_target_interaction,80,speculative,manual,EleutherAI/pythia-31m,EleutherAI/pythia-1.4b,top_p,2,,0.9,1.0,128,0.42142857142857143,0.8428571428571429,6.565586090087891,19.49559388052842,140,59,47,70,1.2010786533355713,2.3733131885528564,2.570359230041504,0.18293548159376782,0.3614777349635036,0.3914896849684132,0,0,0.0
draft_target_interaction,80,speculative,manual,EleutherAI/pythia-31m,EleutherAI/pythia-1.4b,top_p,2,,0.9,1.0,128,0.3333333333333333,0.6623376623376623,7.139087677001953,17.929461829183385,153,51,59,77,1.310652256011963,2.5570037364959717,2.7974190711975098,0.18358819996484046,0.35816953820768604,0.39184545669738585,0,0,0.0
draft_target_interaction,80,speculative,manual,EleutherAI/pythia-31m,EleutherAI/pythia-1.4b,top_p,2,,0.9,1.0,128,0.36,0.72,7.070797920227051,18.10262454734243,150,54,58,75,1.305708646774292,2.5660643577575684,2.7181100845336914,0.18466213594354344,0.36291015338127064,0.38441348702077033,0,1,0.0078125
draft_target_interaction,80,speculative,manual,EleutherAI/pythia-31m,EleutherAI/pythia-1.4b,top_p,4,,0.9,1.0,128,0.32286995515695066,1.2857142857142858,6.49568772315979,19.70538077802409,223,72,49,56,1.951697826385498,1.9044468402862549,2.09306263923645,0.300460537754439,0.2931863293698866,0.32222340858133064,0,0,0.0
draft_target_interaction,80,speculative,manual,EleutherAI/pythia-31m,EleutherAI/pythia-1.4b,top_p,4,,0.9,1.0,128,0.26506024096385544,1.0476190476190477,7.206463098526001,17.76183382194532,249,66,57,63,2.113956928253174,2.203397512435913,2.300868034362793,0.2933418098936161,0.3057529723404249,0.3192784036920149,0,0,0.0
draft_target_interaction,80,speculative,manual,EleutherAI/pythia-31m,EleutherAI/pythia-1.4b,top_p,4,,0.9,1.0,128,0.25098039215686274,0.9846153846153847,7.263895273208618,17.62139942629702,255,64,59,65,2.1407065391540527,2.1410727500915527,2.3883042335510254,0.2947050389134337,0.29475545414158966,0.32879111602280303,0,1,0.0078125
draft_target_interaction,80,speculative,manual,EleutherAI/pythia-31m,EleutherAI/pythia-1.4b,top_p,6,,0.9,1.0,128,0.16195372750642673,0.9692307692307692,8.609034538269043,14.868101577594095,389,63,63,65,3.2743630409240723,2.1850051879882812,2.3654847145080566,0.3803403304248359,0.25380374283265505,0.2747677110589996,0,0,0.0
draft_target_interaction,80,speculative,manual,EleutherAI/pythia-31m,EleutherAI/pythia-1.4b,top_p,6,,0.9,1.0,128,0.15538847117794485,0.9253731343283582,8.563411474227905,14.94731397471949,399,62,64,67,3.2002642154693604,2.143444299697876,2.4358110427856445,0.3737137033646865,0.2503026166789601,0.2844440034344212,0,0,0.0
draft_target_interaction,80,speculative,manual,EleutherAI/pythia-31m,EleutherAI/pythia-1.4b,top_p,6,,0.9,1.0,128,0.19491525423728814,1.15,7.643988370895386,16.745185077382136,354,69,56,60,2.806544542312622,1.971224308013916,2.1650853157043457,0.3671570921011062,0.25787903020880903,0.2832402681233719,0,1,0.0078125
draft_target_interaction,80,speculative,manual,EleutherAI/pythia-31m,EleutherAI/pythia-1.4b,top_p,8,,0.9,1.0,128,0.16705336426914152,1.2857142857142858,8.072957515716553,15.855403642445498,431,72,54,56,3.4419195652008057,1.8373141288757324,1.9941039085388184,0.426351750086635,0.22758872758822551,0.24701033105360304,0,0,0.0
draft_target_interaction,80,speculative,manual,EleutherAI/pythia-31m,EleutherAI/pythia-1.4b,top_p,8,,0.9,1.0,128,0.08278145695364239,0.6410256410256411,11.270511627197266,11.357070932886376,604,50,78,78,4.86839747428894,2.5622575283050537,2.7602288722991943,0.43195887066394045,0.22734172263502045,0.24490714916955408,0,0,0.0
draft_target_interaction,80,speculative,manual,EleutherAI/pythia-31m,EleutherAI/pythia-1.4b,top_p,8,,0.9,1.0,128,0.15673289183222958,1.2241379310344827,8.420814990997314,15.200428953354834,453,71,57,58,3.628082036972046,1.891223430633545,2.0806725025177,0.4308469003120037,0.2245891202520718,0.2470868324196821,0,1,0.0078125
low_acceptance_reason,73,baseline,hf,,EleutherAI/pythia-1.4b,greedy,,,,1.0,128,,,3.784482955932617,33.82232169901707,,,,,0.0,3.784482955932617,0.0,0.0,1.0,0.0,,,
low_acceptance_reason,73,baseline,hf,,EleutherAI/pythia-1.4b,greedy,,,,1.0,128,,,3.742271661758423,34.203823658236296,,,,,0.0,3.742271661758423,0.0,0.0,1.0,0.0,,,
low_acceptance_reason,73,baseline,hf,,EleutherAI/pythia-1.4b,greedy,,,,1.0,128,,,3.828490734100342,33.433540496756294,,,,,0.0,3.828490734100342,0.0,0.0,1.0,0.0,,,
low_acceptance_reason,73,baseline,manual,,EleutherAI/pythia-1.4b,greedy,,,,1.0,128,,,3.8077914714813232,33.615286172749606,,,,,0.0,3.8077914714813232,0.0,0.0,1.0,0.0,,,
low_acceptance_reason,73,baseline,manual,,EleutherAI/pythia-1.4b,greedy,,,,1.0,128,,,3.8555562496185303,33.198841285914156,,,,,0.0,3.8555562496185303,0.0,0.0,1.0,0.0,,,
low_acceptance_reason,73,baseline,manual,,EleutherAI/pythia-1.4b,greedy,,,,1.0,128,,,3.9365358352661133,32.515898586084404,,,,,0.0,3.9365358352661133,0.0,0.0,1.0,0.0,,,
low_acceptance_reason,73,speculative,manual,EleutherAI/pythia-31m,EleutherAI/pythia-1.4b,greedy,1,,,1.0,128,0.7671232876712328,0.7671232876712328,5.792396068572998,22.097936412613752,73,56,17,73,0.6573178768157959,2.2484238147735596,2.8227827548980713,0.11347944253710732,0.3881681756833794,0.48732557675281446,1,128,1.0
low_acceptance_reason,73,speculative,manual,EleutherAI/pythia-31m,EleutherAI/pythia-1.4b,greedy,1,,,1.0,128,0.7671232876712328,0.7671232876712328,5.755174398422241,22.24085512249476,73,56,17,73,0.6388154029846191,2.255992889404297,2.787454605102539,0.11099844396717985,0.39199383602046334,0.4843388596298157,1,128,1.0
low_acceptance_reason,73,speculative,manual,EleutherAI/pythia-31m,EleutherAI/pythia-1.4b,greedy,1,,,1.0,128,0.7671232876712328,0.7671232876712328,5.842762470245361,21.907445433876205,73,56,17,73,0.6505827903747559,2.2455053329467773,2.8829004764556885,0.11134849203401473,0.38432254338288707,0.49341394436913055,1,128,1.0
low_acceptance_reason,73,speculative,manual,EleutherAI/pythia-31m,EleutherAI/pythia-1.4b,greedy,2,,,1.0,128,0.6788990825688074,1.3454545454545455,5.137977361679077,24.91252704900396,109,74,24,55,0.9712932109832764,1.9485151767730713,2.1530070304870605,0.18904194055574047,0.3792377894277646,0.4190378584664421,1,128,1.0
low_acceptance_reason,73,speculative,manual,EleutherAI/pythia-31m,EleutherAI/pythia-1.4b,greedy,2,,,1.0,128,0.6788990825688074,1.3454545454545455,4.869249105453491,26.28742075582902,109,74,24,55,0.9123990535736084,1.8850288391113281,2.0045461654663086,0.18737982670710648,0.3871292674264954,0.411674597469504,1,128,1.0
low_acceptance_reason,73,speculative,manual,EleutherAI/pythia-31m,EleutherAI/pythia-1.4b,greedy,2,,,1.0,128,0.6788990825688074,1.3454545454545455,4.585039854049683,27.91687838589789,109,74,24,55,0.8531498908996582,1.7280282974243164,1.9392895698547363,0.18607251366552977,0.376884029895194,0.42296024278652267,1,128,1.0
low_acceptance_reason,73,speculative,manual,EleutherAI/pythia-31m,EleutherAI/pythia-1.4b,greedy,4,,,1.0,128,0.4941860465116279,1.9318181818181819,4.939295053482056,25.91462923636518,172,85,33,44,1.5296580791473389,1.5887298583984375,1.7516367435455322,0.30969157796495184,0.3216511346651442,0.3546329434826293,1,128,1.0
low_acceptance_reason,73,speculative,manual,EleutherAI/pythia-31m,EleutherAI/pythia-1.4b,greedy,4,,,1.0,128,0.4941860465116279,1.9318181818181819,4.4749674797058105,28.60355982037547,172,85,33,44,1.401064395904541,1.439798355102539,1.5599052906036377,0.313089291097295,0.32174498733948187,0.34858472104610416,1,128,1.0
low_acceptance_reason,73,speculative,manual,EleutherAI/pythia-31m,EleutherAI/pythia-1.4b,greedy,4,,,1.0,128,0.4941860465116279,1.9318181818181819,5.595787286758423,22.87435054990251,172,85,33,44,1.6975610256195068,1.807769775390625,2.000354051589966,0.303364109217755,0.32305905902971627,0.35747499843739566,1,128,1.0
low_acceptance_reason,73,speculative,manual,EleutherAI/pythia-31m,EleutherAI/pythia-1.4b,greedy,6,,,1.0,128,0.3651452282157676,2.1463414634146343,4.885979413986206,26.197408780233015,241,88,35,41,1.9283828735351562,1.3801743984222412,1.490241527557373,0.39467683142813187,0.2824765070584347,0.30500364436483896,1,128,1.0
low_acceptance_reason,73,speculative,manual,EleutherAI/pythia-31m,EleutherAI/pythia-1.4b,greedy,6,,,1.0,128,0.3651452282157676,2.1463414634146343,4.8033435344696045,26.6481044050775,241,88,35,41,1.8858880996704102,1.3874015808105469,1.4419200420379639,0.3926198670024242,0.2888407982594455,0.30019090487501093,1,128,1.0
low_acceptance_reason,73,speculative,manual,EleutherAI/pythia-31m,EleutherAI/pythia-1.4b,greedy,6,,,1.0,128,0.3651452282157676,2.1463414634146343,4.909841299057007,26.070089072855353,241,88,35,41,1.9438908100128174,1.4025022983551025,1.4679162502288818,0.39591723878858665,0.28565124877345216,0.2989742765231154,1,128,1.0
low_acceptance_reason,73,speculative,manual,EleutherAI/pythia-31m,EleutherAI/pythia-1.4b,greedy,8,,,1.0,128,0.29508196721311475,2.3076923076923075,5.281210899353027,24.236865832356855,305,90,33,39,2.4591145515441895,1.2917993068695068,1.420593023300171,0.4656346050951009,0.24460286314787358,0.2689900195945972,1,128,1.0
low_acceptance_reason,73,speculative,manual,EleutherAI/pythia-31m,EleutherAI/pythia-1.4b,greedy,8,,,1.0,128,0.29508196721311475,2.3076923076923075,5.376851558685303,23.80575297698889,305,90,33,39,2.5057623386383057,1.3317310810089111,1.441404104232788,0.4660278066614491,0.2476786027052853,0.26807585972956016,1,128,1.0
low_acceptance_reason,73,speculative,manual,EleutherAI/pythia-31m,EleutherAI/pythia-1.4b,greedy,8,,,1.0,128,0.29508196721311475,2.3076923076923075,5.363592863082886,23.86460032807713,305,90,33,39,2.4885318279266357,1.3687069416046143,1.4080476760864258,0.46396732404037794,0.25518471974733536,0.2625194924428153,1,128,1.0
low_acceptance_reason,73,baseline,hf,,EleutherAI/pythia-1.4b,top_k,,50,,1.0,128,,,3.7993006706237793,33.69041070892255,,,,,0.0,3.7993006706237793,0.0,0.0,1.0,0.0,,,
low_acceptance_reason,73,baseline,hf,,EleutherAI/pythia-1.4b,top_k,,50,,1.0,128,,,3.845510721206665,33.2855657622079,,,,,0.0,3.845510721206665,0.0,0.0,1.0,0.0,,,
low_acceptance_reason,73,baseline,hf,,EleutherAI/pythia-1.4b,top_k,,50,,1.0,128,,,3.7442188262939453,34.18603611015313,,,,,0.0,3.7442188262939453,0.0,0.0,1.0,0.0,,,
low_acceptance_reason,73,baseline,manual,,EleutherAI/pythia-1.4b,top_k,,50,,1.0,128,,,3.752357006072998,34.11189281639208,,,,,0.0,3.752357006072998,0.0,0.0,1.0,0.0,,,
low_acceptance_reason,73,baseline,manual,,EleutherAI/pythia-1.4b,top_k,,50,,1.0,128,,,3.742434024810791,34.20233974771843,,,,,0.0,3.742434024810791,0.0,0.0,1.0,0.0,,,
low_acceptance_reason,73,baseline,manual,,EleutherAI/pythia-1.4b,top_k,,50,,1.0,128,,,3.7272374629974365,34.341788327342755,,,,,0.0,3.7272374629974365,0.0,0.0,1.0,0.0,,,
low_acceptance_reason,73,speculative,manual,EleutherAI/pythia-31m,EleutherAI/pythia-1.4b,top_k,1,50,,1.0,128,0.4883720930232558,0.4883720930232558,6.8750715255737305,18.617988121849873,86,42,44,86,0.7002003192901611,2.4471187591552734,3.062375068664551,0.10184625958952898,0.35594084367741313,0.4454317394769203,0,0,0.0
low_acceptance_reason,73,speculative,manual,EleutherAI/pythia-31m,EleutherAI/pythia-1.4b,top_k,1,50,,1.0,128,0.6,0.6,6.359254360198975,20.12814596647067,80,48,32,80,0.6379919052124023,2.2743079662323,2.87260365486145,0.1003249546370465,0.3576375212268029,0.45172020053803436,0,2,0.015625
low_acceptance_reason,73,speculative,manual,EleutherAI/pythia-31m,EleutherAI/pythia-1.4b,top_k,1,50,,1.0,128,0.5925925925925926,0.5925925925925926,7.305389165878296,17.521311608949873,81,48,33,81,0.7390573024749756,2.639045000076294,3.276503801345825,0.10116604135573411,0.3612463265342022,0.44850503196319524,0,2,0.015625
low_acceptance_reason,73,speculative,manual,EleutherAI/pythia-31m,EleutherAI/pythia-1.4b,top_k,2,50,,1.0,128,0.4014084507042254,0.8028169014084507,7.153250694274902,17.893962545230615,142,57,53,71,1.201460361480713,2.5006024837493896,2.603532314300537,0.1679600524055868,0.3495756811306424,0.36396491966712025,0,0,0.0
low_acceptance_reason,73,speculative,manual,EleutherAI/pythia-31m,EleutherAI/pythia-1.4b,top_k,2,50,,1.0,128,0.5,1.0,6.14077091217041,20.8442884176507,128,64,38,64,1.0319561958312988,2.0701284408569336,2.321737051010132,0.16804994203350954,0.3371121428344022,0.3780855993843827,0,2,0.015625
low_acceptance_reason,73,speculative,manual,EleutherAI/pythia-31m,EleutherAI/pythia-1.4b,top_k,2,50,,1.0,128,0.48091603053435117,0.9545454545454546,6.279224395751953,20.384683192178176,131,63,46,66,1.0566027164459229,2.084765672683716,2.371267557144165,0.16826962214644536,0.3320100606842638,0.37763701497089114,0,2,0.015625
low_acceptance_reason,73,speculative,manual,EleutherAI/pythia-31m,EleutherAI/pythia-1.4b,top_k,4,50,,1.0,128,0.41237113402061853,1.6326530612244898,5.501263856887817,23.267380611046047,194,80,38,49,1.5339994430541992,1.5998036861419678,1.684889316558838,0.27884491327089617,0.2908065724095283,0.3062731329364041,0,0,0.0
low_acceptance_reason,73,speculative,manual,EleutherAI/pythia-31m,EleutherAI/pythia-1.4b,top_k,4,50,,1.0,128,0.2661290322580645,1.0476190476190477,8.055751085281372,15.889269497647245,248,66,59,63,2.1998038291931152,2.2283878326416016,2.5518639087677,0.27307246784379513,0.27662074076656606,0.31677541693538663,0,2,0.015625
low_acceptance_reason,73,speculative,manual,EleutherAI/pythia-31m,EleutherAI/pythia-1.4b,top_k,4,50,,1.0,128,0.27983539094650206,1.1147540983606556,6.784044981002808,18.867799426217722,243,68,54,61,1.8542475700378418,1.945927381515503,2.05861759185791,0.273324775297075,0.28683880884702784,0.30344987358170616,0,2,0.015625
low_acceptance_reason,73,speculative,manual,EleutherAI/pythia-31m,EleutherAI/pythia-1.4b,top_k,6,50,,1.0,128,0.2949640287769784,1.7446808510638299,6.0520055294036865,21.15001372323796,278,82,42,47,2.1634750366210938,1.4182145595550537,1.6222984790802002,0.35748067745639756,0.23433794841472866,0.2680596491854243,0,0,0.0
low_acceptance_reason,73,speculative,manual,EleutherAI/pythia-31m,EleutherAI/pythia-1.4b,top_k,6,50,,1.0,128,0.18406593406593408,1.0806451612903225,8.03004789352417,15.9401290873029,364,67,60,62,2.7906293869018555,2.0015552043914795,2.146620273590088,0.34752338017216033,0.2492581901043994,0.26732347080037083,0,2,0.015625
low_acceptance_reason,73,speculative,manual,EleutherAI/pythia-31m,EleutherAI/pythia-1.4b,top_k,6,50,,1.0,128,0.1778975741239892,1.0476190476190477,8.118637800216675,15.766191712184014,371,66,60,63,2.9243619441986084,1.9873924255371094,2.1181766986846924,0.360203523812894,0.2447938280340661,0.2609029680604992,0,2,0.015625
low_acceptance_reason,73,speculative,manual,EleutherAI/pythia-31m,EleutherAI/pythia-1.4b,top_k,8,50,,1.0,128,0.19746835443037974,1.5294117647058822,7.31889009475708,17.48899059048494,395,78,50,51,2.9938292503356934,1.5799281597137451,1.706995964050293,0.4090550905362463,0.21586991186621776,0.23323153400993235,0,0,0.0
low_acceptance_reason,73,speculative,manual,EleutherAI/pythia-31m,EleutherAI/pythia-1.4b,top_k,8,50,,1.0,128,0.14870689655172414,1.15,9.019500970840454,14.191472500952868,464,69,59,60,3.721186399459839,1.9901072978973389,2.088172197341919,0.4125712067097978,0.22064494525043518,0.2315174868424388,0,2,0.015625
low_acceptance_reason,73,speculative,manual,EleutherAI/pythia-31m,EleutherAI/pythia-1.4b,top_k,8,50,,1.0,128,0.1662870159453303,1.3035714285714286,8.453290939331055,15.142031774210908,439,73,55,56,3.4979805946350098,1.8663508892059326,2.025753974914551,0.41380104148075375,0.2207839411420548,0.2396408676163295,0,2,0.015625
low_acceptance_reason,73,baseline,hf,,EleutherAI/pythia-1.4b,top_p,,,0.9,1.0,128,,,3.7004969120025635,34.589949145703095,,,,,0.0,3.7004969120025635,0.0,0.0,1.0,0.0,,,
low_acceptance_reason,73,baseline,hf,,EleutherAI/pythia-1.4b,top_p,,,0.9,1.0,128,,,3.873764753341675,33.04279122514648,,,,,0.0,3.873764753341675,0.0,0.0,1.0,0.0,,,
low_acceptance_reason,73,baseline,hf,,EleutherAI/pythia-1.4b,top_p,,,0.9,1.0,128,,,3.901580333709717,32.80721888360927,,,,,0.0,3.901580333709717,0.0,0.0,1.0,0.0,,,
low_acceptance_reason,73,baseline,manual,,EleutherAI/pythia-1.4b,top_p,,,0.9,1.0,128,,,3.734055995941162,34.27907887271461,,,,,0.0,3.734055995941162,0.0,0.0,1.0,0.0,,,
low_acceptance_reason,73,baseline,manual,,EleutherAI/pythia-1.4b,top_p,,,0.9,1.0,128,,,3.74843430519104,34.14759058808593,,,,,0.0,3.74843430519104,0.0,0.0,1.0,0.0,,,
low_acceptance_reason,73,baseline,manual,,EleutherAI/pythia-1.4b,top_p,,,0.9,1.0,128,,,3.8147566318511963,33.553909817278466,,,,,0.0,3.8147566318511963,0.0,0.0,1.0,0.0,,,
low_acceptance_reason,73,speculative,manual,EleutherAI/pythia-31m,EleutherAI/pythia-1.4b,top_p,1,,0.9,1.0,128,0.6623376623376623,0.6623376623376623,5.974905967712402,21.42293128824035,77,51,26,77,0.6360561847686768,2.2285215854644775,2.8074281215667725,0.10645459329499742,0.37298019374817143,0.46986984175780183,0,0,0.0
low_acceptance_reason,73,speculative,manual,EleutherAI/pythia-31m,EleutherAI/pythia-1.4b,top_p,1,,0.9,1.0,128,0.573170731707317,0.573170731707317,6.357973337173462,20.132201444069665,82,47,35,82,0.6788341999053955,2.393493175506592,2.964721202850342,0.10676895984077563,0.37645536534613044,0.4662997225100594,0,0,0.0
low_acceptance_reason,73,speculative,manual,EleutherAI/pythia-31m,EleutherAI/pythia-1.4b,top_p,1,,0.9,1.0,128,0.6,0.6,6.739973306655884,18.991173136189865,80,48,32,80,0.7256016731262207,2.5271897315979004,3.152216672897339,0.10765646095507111,0.3749554510998197,0.4676897859201386,0,2,0.015625
low_acceptance_reason,73,speculative,manual,EleutherAI/pythia-31m,EleutherAI/pythia-1.4b,top_p,2,,0.9,1.0,128,0.35570469798657717,0.7066666666666667,7.128969430923462,17.954909365268428,149,53,53,75,1.3104643821716309,2.500988245010376,2.8581721782684326,0.18382241568987592,0.3508204473653363,0.4009236125870433,0,2,0.015625
low_acceptance_reason,73,speculative,manual,EleutherAI/pythia-31m,EleutherAI/pythia-1.4b,top_p,2,,0.9,1.0,128,0.3767123287671233,0.7534246575342466,6.42938232421875,19.908599853805335,146,55,56,73,1.1415648460388184,2.318408250808716,2.5629074573516846,0.17755435724185725,0.3605957981493084,0.39862421117772145,0,2,0.015625
low_acceptance_reason,73,speculative,manual,EleutherAI/pythia-31m,EleutherAI/pythia-1.4b,top_p,2,,0.9,1.0,128,0.48091603053435117,0.9545454545454546,5.924049377441406,21.606842185924375,131,63,42,66,1.0256915092468262,2.1272928714752197,2.4013655185699463,0.1731402700917091,0.35909438560317947,0.40535879523797874,0,6,0.046875
low_acceptance_reason,73,speculative,manual,EleutherAI/pythia-31m,EleutherAI/pythia-1.4b,top_p,4,,0.9,1.0,128,0.33031674208144796,1.3035714285714286,6.193946361541748,20.665338788652225,221,73,46,56,1.8309388160705566,1.8647468090057373,2.021484613418579,0.29560133543274886,0.301059566899701,0.3263645655651766,0,0,0.0
low_acceptance_reason,73,speculative,manual,EleutherAI/pythia-31m,EleutherAI/pythia-1.4b,top_p,4,,0.9,1.0,128,0.25691699604743085,1.015625,6.78813910484314,18.85641970841106,253,65,59,64,1.9798638820648193,2.010145425796509,2.2657806873321533,0.29166519004483044,0.29612613924813774,0.33378524693396233,0,2,0.015625
low_acceptance_reason,73,speculative,manual,EleutherAI/pythia-31m,EleutherAI/pythia-1.4b,top_p,4,,0.9,1.0,128,0.2471042471042471,0.9846153846153847,6.784287929534912,18.867123761472616,259,64,61,65,1.9988770484924316,1.992112398147583,2.221374273300171,0.29463328638963915,0.2936361809579255,0.32742924480395014,0,2,0.015625
low_acceptance_reason,73,speculative,manual,EleutherAI/pythia-31m,EleutherAI/pythia-1.4b,top_p,6,,0.9,1.0,128,0.2653061224489796,1.5294117647058822,6.2424845695495605,20.50465621082602,294,78,45,51,2.3202853202819824,1.6331405639648438,1.7407617568969727,0.3716926000266281,0.2616170766254191,0.2788571982041088,0,2,0.015625
low_acceptance_reason,73,speculative,manual,EleutherAI/pythia-31m,EleutherAI/pythia-1.4b,top_p,6,,0.9,1.0,128,0.18732782369146006,1.1147540983606556,7.860542297363281,16.28386377908506,363,68,57,61,3.0211615562438965,2.0101022720336914,2.1567790508270264,0.3843451815350331,0.25572055921739073,0.2743804395722787,0,2,0.015625
low_acceptance_reason,73,speculative,manual,EleutherAI/pythia-31m,EleutherAI/pythia-1.4b,top_p,6,,0.9,1.0,128,0.21987951807228914,1.3035714285714286,7.278142213821411,17.586905592051245,332,73,54,56,2.764429807662964,1.86409330368042,1.9887397289276123,0.3798262972126635,0.2561221323953317,0.27324826452977735,0,2,0.015625
low_acceptance_reason,73,speculative,manual,EleutherAI/pythia-31m,EleutherAI/pythia-1.4b,top_p,8,,0.9,1.0,128,0.1570796460176991,1.2241379310344827,8.115357398986816,15.772564744465907,452,71,57,58,3.5210354328155518,1.8144004344940186,2.0043859481811523,0.4338731197784518,0.2235761587925311,0.2469867745358196,0,2,0.015625
low_acceptance_reason,73,speculative,manual,EleutherAI/pythia-31m,EleutherAI/pythia-1.4b,top_p,8,,0.9,1.0,128,0.1277445109780439,0.9846153846153847,9.079518556594849,14.097663791548511,501,64,64,65,3.9071521759033203,2.10099196434021,2.236569881439209,0.4303259199867361,0.23139904954697937,0.24633132995963658,0,2,0.015625
low_acceptance_reason,73,speculative,manual,EleutherAI/pythia-31m,EleutherAI/pythia-1.4b,top_p,8,,0.9,1.0,128,0.2047244094488189,1.5294117647058822,6.830614328384399,18.739163689582078,381,78,50,51,2.89261794090271,1.552473545074463,1.7080049514770508,0.4234784459843573,0.22728168660075107,0.25005144037769644,0,2,0.015625
