prompt_id,mode,baseline_impl,draft_model,target_model,strategy,candidate_length_k,top_k,top_p,temperature,n,prompt_chars_mean,prompt_chars_std,generated_tokens_mean,generated_tokens_std,acceptance_rate_mean,acceptance_rate_std,avg_accepted_prefix_length_mean,avg_accepted_prefix_length_std,total_generation_time_mean,total_generation_time_std,tokens_per_s_mean,tokens_per_s_std,proposed_tokens_mean,proposed_tokens_std,accepted_tokens_mean,accepted_tokens_std,rejected_tokens_mean,rejected_tokens_std,verify_rounds_mean,verify_rounds_std,draft_time_mean,draft_time_std,verify_time_mean,verify_time_std,rebuild_time_mean,rebuild_time_std,draft_time_ratio_mean,draft_time_ratio_std,verify_time_ratio_mean,verify_time_ratio_std,rebuild_time_ratio_mean,rebuild_time_ratio_std,output_exact_match_mean,output_exact_match_std,output_prefix_match_len_mean,output_prefix_match_len_std,output_prefix_match_ratio_mean,output_prefix_match_ratio_std
explain_sd_simple,baseline,hf,,EleutherAI/pythia-1.4b,greedy,,,,1.0,3,45.0,0.0,128.0,0.0,,,,,3.476726452509562,0.1137549502171201,36.855569237451775,1.2023071018280118,,,,,,,,,0.0,0.0,3.476726452509562,0.1137549502171201,0.0,0.0,0.0,0.0,1.0,0.0,0.0,0.0,,,,,,
explain_sd_simple,baseline,manual,,EleutherAI/pythia-1.4b,greedy,,,,1.0,3,45.0,0.0,128.0,0.0,,,,,3.7774976094563804,0.1741982944852522,33.95502280737931,1.5215142058083355,,,,,,,,,0.0,0.0,3.7774976094563804,0.1741982944852522,0.0,0.0,0.0,0.0,1.0,0.0,0.0,0.0,,,,,,
explain_sd_simple,speculative,manual,EleutherAI/pythia-31m,EleutherAI/pythia-1.4b,greedy,1,,,1.0,3,45.0,0.0,128.0,0.0,0.6973684210526315,0.0,0.6973684210526315,0.0,5.575021982192993,0.05463965739267317,22.96176036224003,0.22545977167275494,76.0,0.0,53.0,0.0,23.0,0.0,76.0,0.0,0.6187025705973307,0.021893081412777855,2.158265988032023,0.031191481125012747,2.7371858755747476,0.0467849234027257,0.11098312603035308,0.003925144690067098,0.3871605963248322,0.006289948740005729,0.49093811625834977,0.0036215140667947413,1.0,0.0,128.0,0.0,1.0,0.0
explain_sd_simple,speculative,manual,EleutherAI/pythia-31m,EleutherAI/pythia-1.4b,greedy,2,,,1.0,3,45.0,0.0,128.0,0.0,0.6173913043478261,0.0,1.2241379310344827,0.0,4.8892152309417725,0.00911875808328283,26.180161563648277,0.048763823227475946,115.0,0.0,71.0,0.0,26.0,0.0,58.0,0.0,0.9132646719614664,0.008671373703293107,1.8496068318684895,0.030741370421132078,2.0721457799275718,0.021723425337223184,0.18679516769195614,0.0020797556703238125,0.37829873009848936,0.005961496801118774,0.4238202055621246,0.00442592273992887,1.0,0.0,128.0,0.0,1.0,0.0
explain_sd_simple,speculative,manual,EleutherAI/pythia-31m,EleutherAI/pythia-1.4b,greedy,4,,,1.0,3,45.0,0.0,128.0,0.0,0.4941860465116279,0.0,1.9767441860465116,0.0,4.403539737065633,0.01744226340045268,29.067981548003562,0.11534212065819667,172.0,0.0,85.0,0.0,31.0,0.0,43.0,0.0,1.3765665690104167,0.05982301559281937,1.4223651091257732,0.03922772581362866,1.5323328971862793,0.02683513215419251,0.3126137848311613,0.013724368267613437,0.32299241797831524,0.00834989202229098,0.34797594124179787,0.005836623370009788,0.0,0.0,64.0,0.0,0.5,0.0
explain_sd_simple,speculative,manual,EleutherAI/pythia-31m,EleutherAI/pythia-1.4b,greedy,6,,,1.0,3,45.0,0.0,128.0,0.0,0.3723849372384937,0.0,2.225,0.0,4.6171213785807295,0.06025461839119998,27.727666364041806,0.3651370724039129,239.0,0.0,89.0,0.0,31.0,0.0,40.0,0.0,1.8413907686869304,0.03862355858242942,1.2852729161580403,0.018190072860947485,1.4121607144673665,0.02089113605296495,0.39878091272082267,0.003684672144243062,0.2783697045613642,0.0012392280278485852,0.305897607205168,0.005598561147619201,0.0,0.0,64.0,0.0,0.5,0.0
explain_sd_simple,speculative,manual,EleutherAI/pythia-31m,EleutherAI/pythia-1.4b,greedy,8,,,1.0,3,45.0,0.0,128.0,0.0,0.28938906752411575,0.0,2.3076923076923075,0.0,5.141864776611328,0.09626387289529129,24.90244704240459,0.4676628680157391,311.0,0.0,90.0,0.0,33.0,0.0,39.0,0.0,2.4484344323476157,0.041895755656483985,1.253637711207072,0.03617415228993822,1.3542094230651855,0.048076523471771576,0.476241336978657,0.006939666740358854,0.2437973785955527,0.004811853123626062,0.26328848666979393,0.004620281277312185,1.0,0.0,128.0,0.0,1.0,0.0
explain_sd_simple,baseline,hf,,EleutherAI/pythia-1.4b,top_k,,50,,1.0,3,45.0,0.0,128.0,0.0,,,,,3.9237171014149985,0.03991954823027863,32.62549084846599,0.33058026738012425,,,,,,,,,0.0,0.0,3.9237171014149985,0.03991954823027863,0.0,0.0,0.0,0.0,1.0,0.0,0.0,0.0,,,,,,
explain_sd_simple,baseline,manual,,EleutherAI/pythia-1.4b,top_k,,50,,1.0,3,45.0,0.0,128.0,0.0,,,,,3.7716845671335855,0.03115893787162996,33.939393463124766,0.27878189355640054,,,,,,,,,0.0,0.0,3.7716845671335855,0.03115893787162996,0.0,0.0,0.0,0.0,1.0,0.0,0.0,0.0,,,,,,
explain_sd_simple,speculative,manual,EleutherAI/pythia-31m,EleutherAI/pythia-1.4b,top_k,1,50,,1.0,3,45.0,0.0,128.0,0.0,0.48021735020181344,0.06950759744609923,0.48021735020181344,0.06950759744609923,7.211591641108195,0.42084611049929394,17.807444373999623,0.9980309616813073,86.66666666666667,4.109609335312651,41.333333333333336,4.109609335312651,45.333333333333336,8.219218670625303,86.66666666666667,4.109609335312651,0.7514744599660238,0.047421029464530175,2.51128617922465,0.13173217879211105,3.211620569229126,0.14052388957865064,0.10418277433244372,0.0013766198866574336,0.3483512917410723,0.0030273066867609276,0.4457082780103418,0.006360135974381115,0.0,0.0,0.0,0.0,0.0,0.0
explain_sd_simple,speculative,manual,EleutherAI/pythia-31m,EleutherAI/pythia-1.4b,top_k,2,50,,1.0,3,45.0,0.0,128.0,0.0,0.44091387813658595,0.027983202076946663,0.8795459323102796,0.054596702147963035,6.585166692733765,0.22683991255126196,19.460421542503028,0.6619282041120735,136.33333333333334,4.0276819911981905,60.0,2.160246899469287,47.666666666666664,1.247219128924647,68.33333333333333,1.8856180831641267,1.108266274134318,0.04588785324894241,2.237546364466349,0.08892557016276888,2.4516764481862388,0.06390145769465905,0.16833305033113405,0.005194299590023782,0.3397259824237187,0.0022461673836164076,0.3724093756592389,0.0031444244409329393,0.0,0.0,0.6666666666666666,0.9428090415820634,0.005208333333333333,0.00736569563735987
explain_sd_simple,speculative,manual,EleutherAI/pythia-31m,EleutherAI/pythia-1.4b,top_k,4,50,,1.0,3,45.0,0.0,128.0,0.0,0.27818723920169974,0.045059257037902076,1.094949494949495,0.1788534947789201,7.144140561421712,0.6746018212618924,18.084663159960428,1.7804878333923058,242.66666666666666,18.696404883173543,66.66666666666667,5.2493385826745405,55.333333333333336,7.3181661333667165,61.666666666666664,4.784233364802441,1.9497946898142497,0.21924682235655124,2.0269998709360757,0.1817881770009585,2.1863914330800376,0.18223753304415022,0.2724420572493366,0.005145254925144946,0.2838664637278927,0.003457281344881499,0.30638912427585935,0.004067674961088605,0.0,0.0,0.0,0.0,0.0,0.0
explain_sd_simple,speculative,manual,EleutherAI/pythia-31m,EleutherAI/pythia-1.4b,top_k,6,50,,1.0,3,45.0,0.0,128.0,0.0,0.17790622547674412,0.04541132901355377,1.0484532151198818,0.25629599538670983,8.451772689819336,1.0556498173853663,15.379255361705914,1.8843500274237504,376.6666666666667,51.86092513208336,64.66666666666667,7.760297817881877,63.0,8.16496580927726,63.666666666666664,8.178562764256865,2.98263152440389,0.39228901645299946,2.0509699980417886,0.23547337531046503,2.2556368509928384,0.3034167265735904,0.35260579559879157,0.008208092360744669,0.24297741641779627,0.0025982972195245308,0.26666911707643987,0.005549617328556792,0.0,0.0,0.0,0.0,0.0,0.0
explain_sd_simple,speculative,manual,EleutherAI/pythia-31m,EleutherAI/pythia-1.4b,top_k,8,50,,1.0,3,45.0,0.0,128.0,0.0,0.14825150424377362,0.03171086596326726,1.1538276092278021,0.24743073254225587,8.833688894907633,0.7856820048210876,14.608809946246527,1.3381593530543376,469.3333333333333,49.86871653540813,68.0,6.97614984548545,60.0,6.97614984548545,60.333333333333336,6.548960901462833,3.638082981109619,0.3106745226890025,1.9049193064371746,0.19705806831098666,2.0995238622029624,0.2052794360342686,0.4119907038153168,0.002532909957030196,0.2153527080978085,0.00329608397776676,0.2374887282496733,0.0023535667566446953,0.0,0.0,0.0,0.0,0.0,0.0
explain_sd_simple,baseline,hf,,EleutherAI/pythia-1.4b,top_p,,,0.9,1.0,3,45.0,0.0,128.0,0.0,,,,,3.866534392038981,0.03668346419930604,33.10754189218169,0.31211300376471257,,,,,,,,,0.0,0.0,3.866534392038981,0.03668346419930604,0.0,0.0,0.0,0.0,1.0,0.0,0.0,0.0,,,,,,
explain_sd_simple,baseline,manual,,EleutherAI/pythia-1.4b,top_p,,,0.9,1.0,3,45.0,0.0,128.0,0.0,,,,,3.795992374420166,0.10412897277864056,33.7451306887731,0.9245917872420505,,,,,,,,,0.0,0.0,3.795992374420166,0.10412897277864056,0.0,0.0,0.0,0.0,1.0,0.0,0.0,0.0,,,,,,
explain_sd_simple,speculative,manual,EleutherAI/pythia-31m,EleutherAI/pythia-1.4b,top_p,1,,0.9,1.0,3,45.0,0.0,128.0,0.0,0.581389975160178,0.04286206313260614,0.581389975160178,0.04286206313260614,6.362488190333049,0.1413663430319264,20.127699912353016,0.44036756946053035,81.0,2.160246899469287,47.0,2.160246899469287,34.0,4.320493798938574,81.0,2.160246899469287,0.6895920435587565,0.016991736772805174,2.3835957050323486,0.05473841328102533,2.969426472981771,0.05720245485557722,0.10838251549989462,0.0010108286642178219,0.3746269936892803,0.0006529833968077919,0.4667403120915321,0.0018956952378394037,0.0,0.0,0.6666666666666666,0.9428090415820634,0.005208333333333333,0.00736569563735987
explain_sd_simple,speculative,manual,EleutherAI/pythia-31m,EleutherAI/pythia-1.4b,top_p,2,,0.9,1.0,3,45.0,0.0,128.0,0.0,0.4093937699612846,0.0484519954822162,0.817132823982139,0.09835731737777594,6.498268127441406,0.22745252282207157,19.722316195330905,0.7074054197203101,141.66666666666666,6.847546194724712,57.666666666666664,3.858612300930075,51.333333333333336,5.185449728701348,71.0,3.559026084010437,1.1827943325042725,0.07074110804414736,2.2946372032165527,0.11570564852848304,2.600398619969686,0.06361453992516113,0.1819392732951377,0.0070198925163396115,0.3529318130726065,0.00616986538774934,0.4003470578443693,0.006312568583793234,0.0,0.0,0.6666666666666666,0.9428090415820634,0.005208333333333333,0.00736569563735987
explain_sd_simple,speculative,manual,EleutherAI/pythia-31m,EleutherAI/pythia-1.4b,top_p,4,,0.9,1.0,3,45.0,0.0,128.0,0.0,0.2906018736058262,0.0112220607317347,1.1334730575299192,0.04319095182490656,6.510923385620117,0.24864055350115136,19.687421394947016,0.7373013525510919,235.33333333333334,4.988876515698588,68.33333333333333,1.247219128924647,53.0,1.632993161855452,60.333333333333336,1.247219128924647,1.909426212310791,0.08195197849996118,1.939052899678548,0.08322367051125255,2.143293301264445,0.07580979132542591,0.2932226155320927,0.002588485852880719,0.2977955207091334,0.00502077890923771,0.3292189434444598,0.0009180653259429497,0.0,0.0,0.0,0.0,0.0,0.0
explain_sd_simple,speculative,manual,EleutherAI/pythia-31m,EleutherAI/pythia-1.4b,top_p,6,,0.9,1.0,3,45.0,0.0,128.0,0.0,0.20552248870978715,0.037170397688178945,1.2097045097960333,0.2164490565317333,7.137804349263509,0.6065304806914309,18.055966556686894,1.4510209568670764,345.6666666666667,37.06151043273271,69.66666666666667,6.182412330330469,57.0,7.0710678118654755,58.666666666666664,6.018490028422596,2.674490292867025,0.24505093594672714,1.8368816375732422,0.1535260729387133,1.9912102222442627,0.16700809774366412,0.37451444795508043,0.004517247946306737,0.2573959458954979,0.004017052292907499,0.2789945502637714,0.001894726733819082,0.0,0.0,0.0,0.0,0.0,0.0
explain_sd_simple,speculative,manual,EleutherAI/pythia-31m,EleutherAI/pythia-1.4b,top_p,8,,0.9,1.0,3,45.0,0.0,128.0,0.0,0.16105624445448502,0.05039948613740483,1.2580581294052426,0.4005687309826804,8.203533013661703,1.2603513069054368,16.007123791408844,2.6402598151781898,457.0,71.62867209900423,70.0,9.899494936611665,57.333333333333336,10.274023338281628,58.666666666666664,9.533566430716728,3.57728640238444,0.5356433258674339,1.8171837329864502,0.27595941003174973,2.025444825490316,0.34831540720830056,0.43637591764297695,0.0024942077811616606,0.22160673577013457,0.0016107039585877283,0.24612465263114902,0.005197254209155005,0.0,0.0,0.0,0.0,0.0,0.0
sampling_diff,baseline,hf,,EleutherAI/pythia-1.4b,greedy,,,,1.0,3,77.0,0.0,128.0,0.0,,,,,3.682081460952759,0.06046946609344217,34.77243466432839,0.5777631702061593,,,,,,,,,0.0,0.0,3.682081460952759,0.06046946609344217,0.0,0.0,0.0,0.0,1.0,0.0,0.0,0.0,,,,,,
sampling_diff,baseline,manual,,EleutherAI/pythia-1.4b,greedy,,,,1.0,3,77.0,0.0,128.0,0.0,,,,,3.7326107819875083,0.02142621896389071,34.29347707834655,0.19612888097342154,,,,,,,,,0.0,0.0,3.7326107819875083,0.02142621896389071,0.0,0.0,0.0,0.0,1.0,0.0,0.0,0.0,,,,,,
sampling_diff,speculative,manual,EleutherAI/pythia-31m,EleutherAI/pythia-1.4b,greedy,1,,,1.0,3,77.0,0.0,128.0,0.0,0.6753246753246753,0.0,0.6753246753246753,0.0,5.679657777150472,0.027290144165632618,22.537089315008444,0.10826690019976362,77.0,0.0,52.0,0.0,25.0,0.0,77.0,0.0,0.6068383852640787,0.011686214692307876,2.2294975121816,0.020249711738258402,2.7785252730051675,0.021282444149842445,0.1068383123096204,0.001654665493909484,0.39254138501564584,0.0031044500383982346,0.4892139170572801,0.003979574516807362,1.0,0.0,128.0,0.0,1.0,0.0
sampling_diff,speculative,manual,EleutherAI/pythia-31m,EleutherAI/pythia-1.4b,greedy,2,,,1.0,3,77.0,0.0,128.0,0.0,0.5238095238095238,0.0,1.0476190476190477,0.0,5.479731162389119,0.07602019165371311,23.363264112287066,0.32105249694867677,126.0,0.0,66.0,0.0,35.0,0.0,63.0,0.0,1.0352229277292888,0.015251970658110322,2.11125381787618,0.0729274638752452,2.267329772313436,0.012339545687265082,0.1889871695117452,0.005155251702131857,0.38517624188416905,0.00795878759785112,0.41381730060592514,0.003771360495322587,1.0,0.0,128.0,0.0,1.0,0.0
sampling_diff,speculative,manual,EleutherAI/pythia-31m,EleutherAI/pythia-1.4b,greedy,4,,,1.0,3,77.0,0.0,128.0,0.0,0.36538461538461536,0.0,1.4615384615384615,0.0,5.215033849080403,0.1370063911643495,24.561688471418645,0.6571776639080249,208.0,0.0,76.0,0.0,38.0,0.0,52.0,0.0,1.6565511226654053,0.043444179866467765,1.6530884901682537,0.04945895891519478,1.8323745727539062,0.05097151595407827,0.3176632148856067,0.002841465884346413,0.3169549938789482,0.0013353092548659387,0.35136488034655994,0.0032959538709933793,1.0,0.0,128.0,0.0,1.0,0.0
sampling_diff,speculative,manual,EleutherAI/pythia-31m,EleutherAI/pythia-1.4b,greedy,6,,,1.0,3,77.0,0.0,128.0,0.0,0.2872340425531915,0.0,1.7234042553191489,0.0,5.42024580637614,0.03275147183132596,23.616024143866074,0.1421565955861684,282.0,0.0,81.0,0.0,40.0,0.0,47.0,0.0,2.231017271677653,0.03348110018021299,1.479388952255249,0.026667920908256152,1.619728724161784,0.009384505030959535,0.41159179143730285,0.004312400655295107,0.2729337665991474,0.004412768752851234,0.2988474626269872,0.0032412962851535365,1.0,0.0,128.0,0.0,1.0,0.0
sampling_diff,speculative,manual,EleutherAI/pythia-31m,EleutherAI/pythia-1.4b,greedy,8,,,1.0,3,77.0,0.0,128.0,0.0,0.22554347826086957,0.0,1.8043478260869565,0.0,5.93171747525533,0.06595156936915587,21.581558553628227,0.2381757307616205,368.0,0.0,83.0,0.0,40.0,0.0,46.0,0.0,2.8215085665384927,0.06801228794378422,1.4298073450724285,0.00633631856270497,1.5725901126861572,0.021216182465963195,0.47560774960458363,0.006965191136135442,0.24108449156639886,0.0036364653894639287,0.26513107906833155,0.003545177551673751,1.0,0.0,128.0,0.0,1.0,0.0
sampling_diff,baseline,hf,,EleutherAI/pythia-1.4b,top_k,,50,,1.0,3,77.0,0.0,104.33333333333333,33.46972097616325,,,,,3.0175726413726807,0.9723677908381979,34.59923283727504,0.0880924437750781,,,,,,,,,0.0,0.0,3.0175726413726807,0.9723677908381979,0.0,0.0,0.0,0.0,1.0,0.0,0.0,0.0,,,,,,
sampling_diff,baseline,manual,,EleutherAI/pythia-1.4b,top_k,,50,,1.0,3,77.0,0.0,128.0,0.0,,,,,3.733940839767456,0.06781432638332188,34.29150378302161,0.6259650961519803,,,,,,,,,0.0,0.0,3.733940839767456,0.06781432638332188,0.0,0.0,0.0,0.0,1.0,0.0,0.0,0.0,,,,,,
sampling_diff,speculative,manual,EleutherAI/pythia-31m,EleutherAI/pythia-1.4b,top_k,1,50,,1.0,3,77.0,0.0,128.0,0.0,0.5813542294554953,0.04152182180937287,0.5813542294554953,0.04152182180937287,6.52543846766154,0.12153865493516448,19.622327569397875,0.3644503331609095,81.0,2.160246899469287,47.0,2.160246899469287,34.0,4.320493798938574,81.0,2.160246899469287,0.6646669705708822,0.013366613486239335,2.3113505045572915,0.015081993418205798,2.917860507965088,0.09336440769078388,0.10186940978807814,0.0017173663437942404,0.35429081533934,0.0046664061801849005,0.4470405566971915,0.005981733300907583,0.0,0.0,1.3333333333333333,0.9428090415820634,0.010416666666666666,0.00736569563735987
sampling_diff,speculative,manual,EleutherAI/pythia-31m,EleutherAI/pythia-1.4b,top_k,2,50,,1.0,3,77.0,0.0,128.0,0.0,0.4849980864906238,0.016086139383519396,0.9699961729812476,0.03217227876703879,10.207219998041788,0.7917962527397344,12.62037842713564,1.0344063417650793,130.66666666666666,2.494438257849294,63.333333333333336,0.9428090415820634,41.333333333333336,1.8856180831641267,65.33333333333333,1.247219128924647,1.730638027191162,0.12004878761286876,3.54940136273702,0.32225215519602984,3.837369521458944,0.2963329728597006,0.16967591744221958,0.0022420237492888954,0.3473557707546132,0.005007184334290832,0.3759582765221238,0.0011519979933582133,0.0,0.0,0.6666666666666666,0.9428090415820634,0.005208333333333333,0.00736569563735987
sampling_diff,speculative,manual,EleutherAI/pythia-31m,EleutherAI/pythia-1.4b,top_k,4,50,,1.0,3,77.0,0.0,128.0,0.0,0.30797231132134684,0.044905182278780036,1.2142385266002702,0.18357859932138065,7.03175671895345,0.25944804931730137,18.2274664906545,0.6596113941688806,231.0,18.01850900231944,70.33333333333333,4.9216076867444665,52.333333333333336,5.557777333511022,58.666666666666664,4.9216076867444665,1.9102819760640461,0.07202705458468983,1.9976025422414143,0.059790026414059776,2.163844347000122,0.08879292835740293,0.2716619194250523,0.0015275881552760996,0.2841715100214023,0.0037863219277886806,0.3077058472576104,0.004212565536660049,0.0,0.0,1.3333333333333333,0.9428090415820634,0.010416666666666666,0.00736569563735987
sampling_diff,speculative,manual,EleutherAI/pythia-31m,EleutherAI/pythia-1.4b,top_k,6,50,,1.0,3,77.0,0.0,128.0,0.0,0.20835947435353963,0.00793559309133291,1.2394545686249523,0.050321090700712605,7.717557509740193,0.22825945360899072,16.60013120748798,0.4928214947818789,341.0,6.377042156569663,71.0,1.4142135623730951,54.333333333333336,3.0912061651652345,57.333333333333336,1.247219128924647,2.7519129117329917,0.040899901928489656,1.88692045211792,0.103166346349215,2.073610782623291,0.095392367839495,0.35674521056355585,0.005969233316917087,0.2443349070505461,0.00713658594776282,0.2685576553488595,0.004612544492608659,0.0,0.0,0.6666666666666666,0.9428090415820634,0.005208333333333333,0.00736569563735987
sampling_diff,speculative,manual,EleutherAI/pythia-31m,EleutherAI/pythia-1.4b,top_k,8,50,,1.0,3,77.0,0.0,128.0,0.0,0.17011099216092196,0.012518111251594367,1.3519843851659075,0.10288135303549567,8.479751348495483,0.5873743287848042,15.165150474561726,1.0165173273977604,434.3333333333333,17.46106780494506,73.66666666666667,2.6246692913372702,53.333333333333336,3.39934634239519,54.666666666666664,2.3570226039551585,3.5232141812642417,0.24448021489969202,1.807784080505371,0.11884877784043174,2.0088860988616943,0.15858214047977542,0.4154815581973021,0.0002816950562586447,0.21323917885874877,0.0007456462114936666,0.23678410733437769,0.004196653707472394,0.0,0.0,0.6666666666666666,0.9428090415820634,0.005208333333333333,0.00736569563735987
sampling_diff,baseline,hf,,EleutherAI/pythia-1.4b,top_p,,,0.9,1.0,3,77.0,0.0,128.0,0.0,,,,,3.871447722117106,0.07835664348421745,33.07595255139887,0.661368138773069,,,,,,,,,0.0,0.0,3.871447722117106,0.07835664348421745,0.0,0.0,0.0,0.0,1.0,0.0,0.0,0.0,,,,,,
sampling_diff,baseline,manual,,EleutherAI/pythia-1.4b,top_p,,,0.9,1.0,3,77.0,0.0,128.0,0.0,,,,,3.8445499738057456,0.025114082551865653,33.29530092532939,0.21694364376714087,,,,,,,,,0.0,0.0,3.8445499738057456,0.025114082551865653,0.0,0.0,0.0,0.0,1.0,0.0,0.0,0.0,,,,,,
sampling_diff,speculative,manual,EleutherAI/pythia-31m,EleutherAI/pythia-1.4b,top_p,1,,0.9,1.0,3,77.0,0.0,128.0,0.0,0.5621281464530893,0.11821412993613976,0.5621281464530893,0.11821412993613976,6.279373963673909,0.580812805413368,20.55134159984253,1.8084862002369857,82.66666666666667,6.79869268479038,45.666666666666664,6.342099196813483,37.0,13.140268896284683,82.66666666666667,6.79869268479038,0.6648685137430826,0.05328500625439957,2.3313018480936685,0.1923205630568872,2.956240256627401,0.2878155052921719,0.10599920009353703,0.0013441319095566567,0.37161225126178127,0.004796850323786739,0.47058280247018713,0.004495774943716505,0.0,0.0,1.0,0.816496580927726,0.0078125,0.00637887953849786
sampling_diff,speculative,manual,EleutherAI/pythia-31m,EleutherAI/pythia-1.4b,top_p,2,,0.9,1.0,3,77.0,0.0,128.0,0.0,0.45627188916569655,0.056081038493411436,0.9085826710300763,0.1147562011240594,6.070233583450317,0.44800130883418776,21.205370223568472,1.612150764939251,134.66666666666666,7.930251502246879,61.0,3.7416573867739413,46.666666666666664,5.436502143433364,67.66666666666667,4.189935029992179,1.0789116223653157,0.09121307958924588,2.218867301940918,0.18862691198785927,2.3913230101267495,0.14356938196808408,0.17761399357837168,0.0027665733649116404,0.3652185302348882,0.004285038758827136,0.3943555663270008,0.005599310600930849,0.0,0.0,1.3333333333333333,0.4714045207910317,0.010416666666666666,0.003682847818679935
sampling_diff,speculative,manual,EleutherAI/pythia-31m,EleutherAI/pythia-1.4b,top_p,4,,0.9,1.0,3,77.0,0.0,128.0,0.0,0.328246042232499,0.0656605344608871,1.2994535519125683,0.2600511177699581,5.94644824663798,0.6188979303823461,21.779405140723323,2.440452650961414,223.0,23.338094752285727,71.66666666666667,5.9066817155564495,48.666666666666664,6.182412330330469,56.333333333333336,5.9066817155564495,1.7579500675201416,0.19451669645274133,1.7595837116241455,0.15700231926746913,1.9524493217468262,0.23308376203596656,0.2954098505843726,0.002401623466622085,0.2964084024914966,0.004972383719386569,0.32776929861991105,0.005471860794247482,0.0,0.0,0.3333333333333333,0.4714045207910317,0.0026041666666666665,0.003682847818679935
sampling_diff,speculative,manual,EleutherAI/pythia-31m,EleutherAI/pythia-1.4b,top_p,6,,0.9,1.0,3,77.0,0.0,128.0,0.0,0.20000847301150637,0.02830517026400577,1.1656005685856432,0.1698664477903718,7.2324748039245605,0.6241184761565512,17.823288069593122,1.4526004038247895,347.3333333333333,28.405789707186262,68.66666666666667,4.714045207910317,56.666666666666664,6.018490028422596,59.666666666666664,5.185449728701348,2.6767125924428306,0.2289489366222634,1.8685726324717205,0.15494619996730974,2.060716390609741,0.18955285048761986,0.3701319428041451,0.0038811063962827332,0.25842998826216623,0.0009656298439440699,0.28480786033461636,0.003204894917004045,0.0,0.0,1.0,0.0,0.0078125,0.0
sampling_diff,speculative,manual,EleutherAI/pythia-31m,EleutherAI/pythia-1.4b,top_p,8,,0.9,1.0,3,77.0,0.0,128.0,0.0,0.197262051079419,0.031105222027970208,1.5407194362002672,0.2438578297890319,6.985518296559651,0.7031934448154965,18.500223147177504,1.7554773464735305,398.3333333333333,39.96943276499625,77.33333333333333,5.2493385826745405,49.0,5.0990195135927845,51.0,5.0990195135927845,3.028043349583944,0.33157336803841264,1.571097453435262,0.1498146597109299,1.711586554845174,0.1706471869921857,0.4331047515874298,0.004168008555998948,0.22502100159243246,0.001203596797408797,0.24505375677449479,0.00189793212386923,0.0,0.0,1.0,0.816496580927726,0.0078125,0.00637887953849786
draft_target_interaction,baseline,hf,,EleutherAI/pythia-1.4b,greedy,,,,1.0,3,80.0,0.0,128.0,0.0,,,,,3.8639058272043862,0.18319967652439162,33.20315848666456,1.604761908878531,,,,,,,,,0.0,0.0,3.8639058272043862,0.18319967652439162,0.0,0.0,0.0,0.0,1.0,0.0,0.0,0.0,,,,,,
draft_target_interaction,baseline,manual,,EleutherAI/pythia-1.4b,greedy,,,,1.0,3,80.0,0.0,128.0,0.0,,,,,3.699697415033976,0.05411444314593643,34.60475806375841,0.5014224607173241,,,,,,,,,0.0,0.0,3.699697415033976,0.05411444314593643,0.0,0.0,0.0,0.0,1.0,0.0,0.0,0.0,,,,,,
draft_target_interaction,speculative,manual,EleutherAI/pythia-31m,EleutherAI/pythia-1.4b,greedy,1,,,1.0,3,80.0,0.0,128.0,0.0,0.9393939393939394,0.0,0.9393939393939394,0.0,4.871527115503947,0.023431046412583017,26.27573569307343,0.1262822311556539,66.0,0.0,62.0,0.0,4.0,0.0,66.0,0.0,0.5407085418701172,0.007743036412136045,1.908099889755249,0.025613891825033448,2.374072790145874,0.004985379020897006,0.11099383162198083,0.0015137405611870974,0.3916722696902985,0.0038295150692428497,0.48734626953984,0.0022590231376898792,1.0,0.0,128.0,0.0,1.0,0.0
draft_target_interaction,speculative,manual,EleutherAI/pythia-31m,EleutherAI/pythia-1.4b,greedy,2,,,1.0,3,80.0,0.0,128.0,0.0,0.9333333333333333,0.0,1.8666666666666667,0.0,3.7854251861572266,0.04927299460935084,33.81962222066363,0.43940132070409416,90.0,0.0,84.0,0.0,5.0,0.0,45.0,0.0,0.7246544361114502,0.02419904010578419,1.433202584584554,0.01815216269330169,1.5835522810618083,0.02845935132217776,0.19140397867191067,0.004921054749495719,0.3786657142273286,0.006383175162828853,0.4183034712057176,0.002429512785561365,1.0,0.0,128.0,0.0,1.0,0.0
draft_target_interaction,speculative,manual,EleutherAI/pythia-31m,EleutherAI/pythia-1.4b,greedy,4,,,1.0,3,80.0,0.0,128.0,0.0,0.853448275862069,0.0,3.413793103448276,0.0,2.9026948610941568,0.05278730963551517,44.11140842448632,0.7948924381247874,116.0,0.0,99.0,0.0,6.0,0.0,29.0,0.0,0.8990732828776041,0.012379254398442579,0.9540745417277018,0.03160831313170082,0.9978500207265218,0.01343112036725958,0.3097791691881077,0.0035540684433176214,0.3286100528794941,0.0056219703361442466,0.3437963767219361,0.0016878859944116666,1.0,0.0,128.0,0.0,1.0,0.0
draft_target_interaction,speculative,manual,EleutherAI/pythia-31m,EleutherAI/pythia-1.4b,greedy,6,,,1.0,3,80.0,0.0,128.0,0.0,0.7737226277372263,0.0,4.608695652173913,0.0,2.6130408445994058,0.03131675124152205,48.9921280117498,0.5885721901106221,137.0,0.0,106.0,0.0,7.0,0.0,23.0,0.0,1.0475109418233235,0.010663447057581016,0.7356917858123779,0.013265195053231807,0.7839937210083008,0.017538059595074106,0.40091762173598694,0.005002818240799458,0.28154238189864333,0.0034563638836529573,0.29999495930414805,0.003210264614365117,1.0,0.0,128.0,0.0,1.0,0.0
draft_target_interaction,speculative,manual,EleutherAI/pythia-31m,EleutherAI/pythia-1.4b,greedy,8,,,1.0,3,80.0,0.0,128.0,0.0,0.7077922077922078,0.0,5.45,0.0,2.502839962641398,0.026551278460546182,51.14761717191056,0.5385901937794253,154.0,0.0,109.0,0.0,7.0,0.0,20.0,0.0,1.179821252822876,0.0164827585846441,0.6320736408233643,0.029331873861413966,0.6439526081085205,0.005901700769093374,0.47141719657004577,0.0064659219512584,0.25247159689872245,0.009690934854362572,0.2573382659106912,0.004843191856715743,1.0,0.0,128.0,0.0,1.0,0.0
draft_target_interaction,baseline,hf,,EleutherAI/pythia-1.4b,top_k,,50,,1.0,3,80.0,0.0,128.0,0.0,,,,,3.7511154810587564,0.02858676349689564,34.12517484575816,0.26136828060810463,,,,,,,,,0.0,0.0,3.7511154810587564,0.02858676349689564,0.0,0.0,0.0,0.0,1.0,0.0,0.0,0.0,,,,,,
draft_target_interaction,baseline,manual,,EleutherAI/pythia-1.4b,top_k,,50,,1.0,3,80.0,0.0,128.0,0.0,,,,,3.7103877862294516,0.04317222685885008,34.502451702335414,0.40478318554360426,,,,,,,,,0.0,0.0,3.7103877862294516,0.04317222685885008,0.0,0.0,0.0,0.0,1.0,0.0,0.0,0.0,,,,,,
draft_target_interaction,speculative,manual,EleutherAI/pythia-31m,EleutherAI/pythia-1.4b,top_k,1,50,,1.0,3,80.0,0.0,128.0,0.0,0.5694638694638694,0.08418049511427472,0.5694638694638694,0.08418049511427472,6.385799090067546,0.3887299205460789,20.116210551988683,1.178587263465895,82.0,4.320493798938574,46.333333333333336,4.642796092394707,35.666666666666664,8.956685895029603,82.0,4.320493798938574,0.6469000975290934,0.036960161304596964,2.282811244328817,0.1215797731938649,2.8714873790740967,0.17919343787071004,0.10135004613314803,0.0023101050991238036,0.3576447172747373,0.0028416987558623815,0.4496410210620962,0.004353904500317585,0.0,0.0,0.6666666666666666,0.9428090415820634,0.005208333333333333,0.00736569563735987
draft_target_interaction,speculative,manual,EleutherAI/pythia-31m,EleutherAI/pythia-1.4b,top_k,2,50,,1.0,3,80.0,0.0,128.0,0.0,0.44797171953864895,0.07278878056133192,0.8943327008222643,0.14747625587736474,6.390219688415527,0.5668841228735769,20.184997947682763,1.743046092980705,136.33333333333334,10.208928554075703,60.333333333333336,5.312459150169742,46.333333333333336,8.576453553512405,68.33333333333333,5.312459150169742,1.0907221635182698,0.08203183757659163,2.1775686740875244,0.1929419458171243,2.3823270003000894,0.18823554154908978,0.17088507412761908,0.0024404573930500166,0.3407842399817404,0.0020649637356873985,0.3731189299509366,0.0036190603417435062,0.0,0.0,1.0,0.816496580927726,0.0078125,0.00637887953849786
draft_target_interaction,speculative,manual,EleutherAI/pythia-31m,EleutherAI/pythia-1.4b,top_k,4,50,,1.0,3,80.0,0.0,128.0,0.0,0.2947537814608299,0.06241632887839796,1.1630932677605965,0.24645424061704987,6.4824942747751875,0.7146219538900856,19.977363511444132,2.107500105364233,236.66666666666666,28.193773938387334,68.0,7.2571803523590805,53.0,8.640987597877148,60.0,7.2571803523590805,1.7713309129079182,0.18018878755363987,1.8294394810994465,0.20827606502229457,2.0137582619984946,0.2069380808145324,0.27349044554880597,0.00269527719680484,0.28209720602349786,0.002243546326574619,0.3109050916055486,0.0028327777811119536,0.0,0.0,0.6666666666666666,0.9428090415820634,0.005208333333333333,0.00736569563735987
draft_target_interaction,speculative,manual,EleutherAI/pythia-31m,EleutherAI/pythia-1.4b,top_k,6,50,,1.0,3,80.0,0.0,128.0,0.0,0.21596602613235313,0.05026387481149289,1.2539186544406749,0.2812038092834415,7.272363662719727,0.9709764368699799,17.9194338360844,2.3965817369407696,338.0,46.62617290749907,70.66666666666667,6.944222218666553,55.333333333333336,8.576453553512405,58.0,7.3484692283495345,2.5557426611582437,0.3248085203979588,1.79923415184021,0.24340923376350337,1.9389715989430745,0.2594436443937728,0.35174148561077634,0.0023621558478022606,0.24733709084232286,0.0011657571071681987,0.26659301233756416,0.002130596967550513,0.0,0.0,1.0,0.816496580927726,0.0078125,0.00637887953849786
draft_target_interaction,speculative,manual,EleutherAI/pythia-31m,EleutherAI/pythia-1.4b,top_k,8,50,,1.0,3,80.0,0.0,128.0,0.0,0.19173545114802235,0.02286270547968311,1.494879748914273,0.167358401523031,7.206266482671102,0.5231846235550001,17.859697783399113,1.3423151070936556,403.3333333333333,29.169999809545576,76.66666666666667,3.2998316455372216,51.0,3.7416573867739413,51.666666666666664,3.39934634239519,2.9884217580159507,0.21788918441319674,1.5463909308115642,0.12874826478970827,1.7047072251637776,0.10995182887206839,0.414686231660181,0.001008455620222212,0.2144500966779893,0.004983176720621169,0.23678732339899913,0.006024802312761716,0.0,0.0,1.0,0.816496580927726,0.0078125,0.00637887953849786
draft_target_interaction,baseline,hf,,EleutherAI/pythia-1.4b,top_p,,,0.9,1.0,3,80.0,0.0,112.66666666666667,21.684607956387456,,,,,3.344228744506836,0.6665773359999333,33.75257214441981,1.0964068852678968,,,,,,,,,0.0,0.0,3.344228744506836,0.6665773359999333,0.0,0.0,0.0,0.0,1.0,0.0,0.0,0.0,,,,,,
draft_target_interaction,baseline,manual,,EleutherAI/pythia-1.4b,top_p,,,0.9,1.0,3,80.0,0.0,128.0,0.0,,,,,3.9749425252278647,0.08455208534363715,32.21610271484847,0.6760064353362424,,,,,,,,,0.0,0.0,3.9749425252278647,0.08455208534363715,0.0,0.0,0.0,0.0,1.0,0.0,0.0,0.0,,,,,,
draft_target_interaction,speculative,manual,EleutherAI/pythia-31m,EleutherAI/pythia-1.4b,top_p,1,,0.9,1.0,3,80.0,0.0,128.0,0.0,0.4452468380252958,0.0693730996711309,0.4452468380252958,0.0693730996711309,7.187093734741211,0.3442843272764433,17.849741481198464,0.8360945119714971,89.0,4.242640687119285,39.333333333333336,4.496912521077347,49.666666666666664,8.73053390247253,89.0,4.242640687119285,0.7673110167185465,0.03479725402429879,2.68293825785319,0.14650630298069187,3.3456860383351645,0.15641754133439276,0.10679899987626275,0.0022561787639169373,0.37321787463428485,0.006452915316733047,0.46556836727279555,0.005026320857480028,0.0,0.0,0.6666666666666666,0.9428090415820634,0.005208333333333333,0.00736569563735987
draft_target_interaction,speculative,manual,EleutherAI/pythia-31m,EleutherAI/pythia-1.4b,top_p,2,,0.9,1.0,3,80.0,0.0,128.0,0.0,0.3715873015873016,0.03688623873768721,0.7417316017316017,0.07528177113184614,6.925157229105632,0.25577910486847893,18.509226752351413,0.7010403770593046,147.66666666666666,5.557777333511022,54.666666666666664,3.2998316455372216,54.666666666666664,5.436502143433364,74.0,2.943920288775949,1.2724798520406086,0.050528593888087274,2.4987937609354653,0.08880523351136431,2.695296128590902,0.09409002889349227,0.18372860583405057,0.0007118610196666443,0.3608524755174868,0.0019852069727747264,0.3892495428955231,0.0034226910171756483,0.0,0.0,0.3333333333333333,0.4714045207910317,0.0026041666666666665,0.003682847818679935
draft_target_interaction,speculative,manual,EleutherAI/pythia-31m,EleutherAI/pythia-1.4b,top_p,4,,0.9,1.0,3,80.0,0.0,128.0,0.0,0.27963686275922295,0.031106116700844007,1.105982905982906,0.12966596066580427,6.98868203163147,0.34938723007697914,18.36287134208881,0.9510272144902837,242.33333333333334,13.888444437333106,67.33333333333333,3.39934634239519,55.0,4.320493798938574,61.333333333333336,3.858612300930075,2.068787097930908,0.08351170997376436,2.0829723676045737,0.1287753002417598,2.2607449690500894,0.12382593974586167,0.29616912885382957,0.0030850976326301676,0.29789825195063374,0.0055909458018385556,0.3234309760987162,0.00397631223236353,0.0,0.0,0.3333333333333333,0.4714045207910317,0.0026041666666666665,0.003682847818679935
draft_target_interaction,speculative,manual,EleutherAI/pythia-31m,EleutherAI/pythia-1.4b,top_p,6,,0.9,1.0,3,80.0,0.0,128.0,0.0,0.1707524843072199,0.017294608710707607,1.0148679678530423,0.09721581702217341,8.272144794464111,0.44456400764952814,15.520200209898574,0.8667985521974442,380.6666666666667,19.293061504650375,64.66666666666667,3.0912061651652345,61.0,3.559026084010437,64.0,2.943920288775949,3.093723932902018,0.20530734808722698,2.099891265233358,0.0925498650060392,2.322127024332682,0.11469676484519892,0.37373704196354285,0.005382059809695619,0.25399512990680806,0.003096017038382722,0.2808173275389309,0.00430585952243831,0.0,0.0,0.3333333333333333,0.4714045207910317,0.0026041666666666665,0.003682847818679935
draft_target_interaction,speculative,manual,EleutherAI/pythia-31m,EleutherAI/pythia-1.4b,top_p,8,,0.9,1.0,3,80.0,0.0,128.0,0.0,0.13552257101833784,0.037530848399853475,1.0502926192581366,0.2904852336666836,9.254761377970377,1.4324077646212507,14.137634509562236,1.9842544046886883,496.0,76.89386624865905,64.33333333333333,10.143416036468626,63.0,10.677078252031311,64.0,9.93310961716756,3.979466358820597,0.6331471722066095,2.0969316959381104,0.32977027448917146,2.2783350944519043,0.34257820538948486,0.4297191736875264,0.002424015373545413,0.22650652349177258,0.0013595536643664214,0.2463347708809464,0.0010099640019598228,0.0,0.0,0.3333333333333333,0.4714045207910317,0.0026041666666666665,0.003682847818679935
low_acceptance_reason,baseline,hf,,EleutherAI/pythia-1.4b,greedy,,,,1.0,3,73.0,0.0,128.0,0.0,,,,,3.7850817839304605,0.035201335723743156,33.81989528466988,0.31447146434384665,,,,,,,,,0.0,0.0,3.7850817839304605,0.035201335723743156,0.0,0.0,0.0,0.0,1.0,0.0,0.0,0.0,,,,,,
low_acceptance_reason,baseline,manual,,EleutherAI/pythia-1.4b,greedy,,,,1.0,3,73.0,0.0,128.0,0.0,,,,,3.866627852121989,0.05313952131313399,33.11000868158272,0.4531973007588145,,,,,,,,,0.0,0.0,3.866627852121989,0.05313952131313399,0.0,0.0,0.0,0.0,1.0,0.0,0.0,0.0,,,,,,
low_acceptance_reason,speculative,manual,EleutherAI/pythia-31m,EleutherAI/pythia-1.4b,greedy,1,,,1.0,3,73.0,0.0,128.0,0.0,0.7671232876712328,0.0,0.7671232876712328,0.0,5.796777645746867,0.03589165404678306,22.08207898966157,0.13657500628639627,73.0,0.0,56.0,0.0,17.0,0.0,73.0,0.0,0.648905356725057,0.007646163404183033,2.249974012374878,0.004419618729013081,2.831045945485433,0.03940125910511646,0.11194212617943397,0.0010964000486292254,0.3881615183622433,0.003131795642840966,0.4883594602505869,0.003776327763993386,1.0,0.0,128.0,0.0,1.0,0.0
low_acceptance_reason,speculative,manual,EleutherAI/pythia-31m,EleutherAI/pythia-1.4b,greedy,2,,,1.0,3,73.0,0.0,128.0,0.0,0.6788990825688074,0.0,1.3454545454545455,0.0,4.864088773727417,0.22576528165847234,26.37227539691029,1.2279880486548878,109.0,0.0,74.0,0.0,24.0,0.0,55.0,0.0,0.9122807184855143,0.04823188103657766,1.853857437769572,0.09267275107403372,2.032280921936035,0.08942669542557763,0.18749809364279224,0.001215144522305607,0.3810836955831513,0.004381533230051456,0.41789089957415626,0.004678182238208296,1.0,0.0,128.0,0.0,1.0,0.0
low_acceptance_reason,speculative,manual,EleutherAI/pythia-31m,EleutherAI/pythia-1.4b,greedy,4,,,1.0,3,73.0,0.0,128.0,0.0,0.4941860465116279,0.0,1.9318181818181819,0.0,5.003349939982097,0.45980904104041825,25.797513202214386,2.3404054976733892,172.0,0.0,85.0,0.0,33.0,0.0,44.0,0.0,1.5427611668904622,0.12139832793847527,1.612099329630534,0.15112983529945068,1.770632028579712,0.18031341862387873,0.3087149927600006,0.0040298949237278,0.32215172701144745,0.000642723696286308,0.3535642209887097,0.00370727967205825,1.0,0.0,128.0,0.0,1.0,0.0
low_acceptance_reason,speculative,manual,EleutherAI/pythia-31m,EleutherAI/pythia-1.4b,greedy,6,,,1.0,3,73.0,0.0,128.0,0.0,0.3651452282157676,0.0,2.1463414634146343,0.0,4.8663880825042725,0.045631193040541126,26.305200752721955,0.2479781752100539,241.0,0.0,88.0,0.0,35.0,0.0,41.0,0.0,1.9193872610727947,0.024518963877592732,1.3900260925292969,0.009302323192778576,1.466692606608073,0.019746129890583244,0.39440464573971423,0.0013598355196565975,0.2856561846971108,0.002598213347067891,0.3013896085876551,0.0026033295457590024,1.0,0.0,128.0,0.0,1.0,0.0
low_acceptance_reason,speculative,manual,EleutherAI/pythia-31m,EleutherAI/pythia-1.4b,greedy,8,,,1.0,3,73.0,0.0,128.0,0.0,0.29508196721311475,0.0,2.3076923076923075,0.0,5.340551773707072,0.04230801956364198,23.969073045807626,0.19087602447378674,305.0,0.0,90.0,0.0,33.0,0.0,39.0,0.0,2.4844695727030435,0.019259291235153658,1.330745776494344,0.03140513958868299,1.4233482678731282,0.013756364688474593,0.4652099119323093,0.0008931854491371586,0.24915539520016475,0.004444442921791394,0.26652845725565755,0.0028592273102671806,1.0,0.0,128.0,0.0,1.0,0.0
low_acceptance_reason,baseline,hf,,EleutherAI/pythia-1.4b,top_k,,50,,1.0,3,73.0,0.0,128.0,0.0,,,,,3.7963434060414634,0.041405080639214074,33.72067086042786,0.368237667328221,,,,,,,,,0.0,0.0,3.7963434060414634,0.041405080639214074,0.0,0.0,0.0,0.0,1.0,0.0,0.0,0.0,,,,,,
low_acceptance_reason,baseline,manual,,EleutherAI/pythia-1.4b,top_k,,50,,1.0,3,73.0,0.0,128.0,0.0,,,,,3.740676164627075,0.010330066647102454,34.218673630484425,0.09456244245110546,,,,,,,,,0.0,0.0,3.740676164627075,0.010330066647102454,0.0,0.0,0.0,0.0,1.0,0.0,0.0,0.0,,,,,,
low_acceptance_reason,speculative,manual,EleutherAI/pythia-31m,EleutherAI/pythia-1.4b,top_k,1,50,,1.0,3,73.0,0.0,128.0,0.0,0.5603215618719495,0.050965753023193144,0.5603215618719495,0.050965753023193144,6.846571683883667,0.38678327123574063,18.755815232423473,1.0686887841944495,82.33333333333333,2.6246692913372702,46.0,2.8284271247461903,36.333333333333336,5.436502143433364,82.33333333333333,2.6246692913372702,0.6924165089925131,0.041625268031351394,2.4534905751546225,0.14897142006366165,3.0704941749572754,0.16499145836026244,0.10111241852743653,0.0006222265104166356,0.3582748971461394,0.0022123476418852996,0.4485523239927166,0.002567471263237974,0.0,0.0,1.3333333333333333,0.9428090415820634,0.010416666666666666,0.00736569563735987
low_acceptance_reason,speculative,manual,EleutherAI/pythia-31m,EleutherAI/pythia-1.4b,top_k,2,50,,1.0,3,73.0,0.0,128.0,0.0,0.4607748270795255,0.04269523357934154,0.9191207853179685,0.08430687589573685,6.524415334065755,0.4482319150216712,19.707644718353162,1.2961202386731743,133.66666666666666,6.018490028422596,61.333333333333336,3.0912061651652345,45.666666666666664,6.128258770283412,67.0,2.943920288775949,1.0966730912526448,0.0747758505846613,2.218498865763346,0.1995668653183678,2.4321789741516113,0.12284079980369841,0.1680932055285139,0.00013003115937805648,0.3395659615497695,0.0073780609526927195,0.3732291780074647,0.006553379227110651,0.0,0.0,1.3333333333333333,0.9428090415820634,0.010416666666666666,0.00736569563735987
low_acceptance_reason,speculative,manual,EleutherAI/pythia-31m,EleutherAI/pythia-1.4b,top_k,4,50,,1.0,3,73.0,0.0,128.0,0.0,0.31944518574172837,0.0659463921923065,1.265008735734731,0.26140459229342083,6.780353307723999,1.0428683110681312,19.341483178303672,3.030666936848213,228.33333333333334,24.36299561949547,71.33333333333333,6.182412330330469,50.333333333333336,8.956685895029603,57.666666666666664,6.182412330330469,1.862683614095052,0.27187895012297425,1.9247063000996907,0.25705674863735267,2.098456939061483,0.3550601977816681,0.2750807188039221,0.0026636797544804807,0.2847553740077074,0.005975783373912171,0.3088328078178323,0.005733322366752993,0.0,0.0,1.3333333333333333,0.9428090415820634,0.010416666666666666,0.00736569563735987
low_acceptance_reason,speculative,manual,EleutherAI/pythia-31m,EleutherAI/pythia-1.4b,top_k,6,50,,1.0,3,73.0,0.0,128.0,0.0,0.2189758456556339,0.05379073740992705,1.2909816866577333,0.32109695304601243,7.400230407714844,0.9540247323016309,17.618778174241626,2.4979700998327163,337.6666666666667,42.28737662970147,71.66666666666667,7.3181661333667165,54.0,8.48528137423857,57.333333333333336,7.3181661333667165,2.626155455907186,0.3316885858887799,1.8023873964945476,0.2717127436071946,1.9623651504516602,0.24074366031334118,0.3550691938138173,0.005450256917872999,0.24279665551773139,0.006252728821058809,0.26542869601543145,0.0032142546876060803,0.0,0.0,1.3333333333333333,0.9428090415820634,0.010416666666666666,0.00736569563735987
low_acceptance_reason,speculative,manual,EleutherAI/pythia-31m,EleutherAI/pythia-1.4b,top_k,8,50,,1.0,3,73.0,0.0,128.0,0.0,0.17082075564247806,0.02016326759802085,1.3276610644257703,0.15582801356196954,8.263894001642862,0.7070703585770957,15.607498288549571,1.385857302581029,432.6666666666667,28.522895287041873,73.33333333333333,3.681787005729087,54.666666666666664,3.681787005729087,55.666666666666664,3.681787005729087,3.404332081476847,0.30423635396190685,1.8121287822723389,0.17178816220469031,1.940307378768921,0.16693246299278,0.41180911290893263,0.0020110698335141096,0.21909959941956925,0.00228443884191529,0.2347966294895669,0.00349613803071175,0.0,0.0,1.3333333333333333,0.9428090415820634,0.010416666666666666,0.00736569563735987
low_acceptance_reason,baseline,hf,,EleutherAI/pythia-1.4b,top_p,,,0.9,1.0,3,73.0,0.0,128.0,0.0,,,,,3.8252806663513184,0.08896315956555857,33.47998641815295,0.7907323712598125,,,,,,,,,0.0,0.0,3.8252806663513184,0.08896315956555857,0.0,0.0,0.0,0.0,1.0,0.0,0.0,0.0,,,,,,
low_acceptance_reason,baseline,manual,,EleutherAI/pythia-1.4b,top_p,,,0.9,1.0,3,73.0,0.0,128.0,0.0,,,,,3.765748977661133,0.03514727652920793,33.993526426026335,0.31545666819589285,,,,,,,,,0.0,0.0,3.765748977661133,0.03514727652920793,0.0,0.0,0.0,0.0,1.0,0.0,0.0,0.0,,,,,,
low_acceptance_reason,speculative,manual,EleutherAI/pythia-31m,EleutherAI/pythia-1.4b,top_p,1,,0.9,1.0,3,73.0,0.0,128.0,0.0,0.6118361313483265,0.03735198239701458,0.6118361313483265,0.03735198239701458,6.357617537180583,0.3123375345410167,20.182101956166626,0.9933879649451001,79.66666666666667,2.0548046676563256,48.666666666666664,1.699673171197595,31.0,3.7416573867739413,79.66666666666667,2.0548046676563256,0.6801640192667643,0.036568884186314855,2.3830681641896567,0.1221533899772811,2.9747886657714844,0.14093923428061492,0.10696000469694805,0.0005089171975120082,0.3747970033980405,0.0014231499486384842,0.46795311672933326,0.0014693411668904696,0.0,0.0,0.6666666666666666,0.9428090415820634,0.005208333333333333,0.00736569563735987
low_acceptance_reason,speculative,manual,EleutherAI/pythia-31m,EleutherAI/pythia-1.4b,top_p,2,,0.9,1.0,3,73.0,0.0,128.0,0.0,0.40444435242935056,0.05474954064890445,0.8048789262487893,0.10753799234619536,6.494133710861206,0.49403281967556945,19.823450468332712,1.4921106181135497,142.0,7.874007874011811,57.0,4.320493798938574,50.333333333333336,6.018490028422596,71.33333333333333,3.858612300930075,1.1592402458190918,0.11692793252400131,2.315563122431437,0.15257376165209924,2.6074817180633545,0.1891352772042912,0.17817234767448076,0.0043828067701127595,0.35683687703927475,0.0042981879456738155,0.40163553966758114,0.002795089234374014,0.0,0.0,3.3333333333333335,1.8856180831641267,0.026041666666666668,0.01473139127471974
low_acceptance_reason,speculative,manual,EleutherAI/pythia-31m,EleutherAI/pythia-1.4b,top_p,4,,0.9,1.0,3,73.0,0.0,128.0,0.0,0.2781126617443753,0.0371305984630389,1.1012706043956044,0.14360737366917883,6.588791131973267,0.2792018414942287,19.4629607528453,0.8502208928394919,244.33333333333334,16.679994670929073,67.33333333333333,4.0276819911981905,55.333333333333336,6.649979114420001,61.666666666666664,4.0276819911981905,1.9365599155426025,0.0750876714899052,1.9556682109832764,0.06471127426096972,2.1695465246836343,0.1062535633202978,0.2939666039557395,0.001674646077924259,0.29694062903525476,0.003084824135465524,0.3291930191010297,0.0032761565716084356,0.0,0.0,1.3333333333333333,0.9428090415820634,0.010416666666666666,0.00736569563735987
low_acceptance_reason,speculative,manual,EleutherAI/pythia-31m,EleutherAI/pythia-1.4b,top_p,6,,0.9,1.0,3,73.0,0.0,128.0,0.0,0.22417115473757626,0.03197881984719857,1.3159124305459888,0.16950805351962758,7.127056360244751,0.6691526502463974,18.125141860654107,1.7646616103548187,329.6666666666667,28.21740991342441,73.0,4.08248290463863,52.0,5.0990195135927845,56.0,4.08248290463863,2.7019588947296143,0.2895212551277019,1.8357787132263184,0.15519089183321597,1.9620935122172039,0.17088029506246905,0.37862135959144155,0.005235192496300732,0.2578199227460472,0.002689993611148838,0.27549530076872164,0.002421737786007253,0.0,0.0,2.0,0.0,0.015625,0.0
low_acceptance_reason,speculative,manual,EleutherAI/pythia-31m,EleutherAI/pythia-1.4b,top_p,8,,0.9,1.0,3,73.0,0.0,128.0,0.0,0.16318285548152064,0.03172184385626795,1.24605502678525,0.22295147940682625,8.008496761322021,0.9212154846821685,16.2031307418655,1.919187438205543,444.6666666666667,49.2634640366356,71.0,5.715476066494082,57.0,5.715476066494082,58.0,5.715476066494082,3.4402685165405273,0.4181007849554148,1.8226219813028972,0.2240071567939983,1.9829869270324707,0.2163156025749824,0.4292258285831817,0.004314314286460771,0.22741896498008718,0.003195156642386823,0.24778984829105088,0.0016214193315107859,0.0,0.0,2.0,0.0,0.015625,0.0
ALL,baseline,hf,,EleutherAI/pythia-1.4b,greedy,,,,1.0,12,68.75,13.935117509371782,128.0,0.0,,,,,3.701948881149292,0.1841595702046615,34.662764418278655,1.7403163594500353,,,,,,,,,0.0,0.0,3.701948881149292,0.1841595702046615,0.0,0.0,0.0,0.0,1.0,0.0,0.0,0.0,,,,,,
ALL,baseline,manual,,EleutherAI/pythia-1.4b,greedy,,,,1.0,12,68.75,13.935117509371782,128.0,0.0,,,,,3.7691084146499634,0.11433141921083793,33.99081665776675,1.0069651886692597,,,,,,,,,0.0,0.0,3.7691084146499634,0.11433141921083793,0.0,0.0,0.0,0.0,1.0,0.0,0.0,0.0,,,,,,
ALL,speculative,manual,EleutherAI/pythia-31m,EleutherAI/pythia-1.4b,greedy,1,,,1.0,12,68.75,13.935117509371782,128.0,0.0,0.7698025808606198,0.10361128032545454,0.7698025808606198,0.10361128032545454,5.48074613014857,0.3622999362208078,23.46416608999587,1.660129890432712,73.0,4.301162633521313,55.75,3.897114317029974,17.25,8.1967981553775,73.0,4.301162633521313,0.6037887136141459,0.04177510094363967,2.1364593505859375,0.1380433034831234,2.6802074710528054,0.18275851669320484,0.11018934903534706,0.0030502922520601974,0.38988394234825496,0.004855869360128449,0.4889644407765142,0.003716797253643072,1.0,0.0,128.0,0.0,1.0,0.0
ALL,speculative,manual,EleutherAI/pythia-31m,EleutherAI/pythia-1.4b,greedy,2,,,1.0,12,68.75,13.935117509371782,128.0,0.0,0.6883583110148727,0.15183449704263272,1.3709695476936856,0.30515640196735616,4.754615088303884,0.6233947555935834,27.433830823377317,3.9323311292372,110.0,13.057564857200596,73.75,6.5717197140474575,22.5,10.920164833920778,55.25,6.5717197140474575,0.8963556885719299,0.1145913104536363,1.811980168024699,0.25069295632815436,1.9888271888097127,0.2549867126662522,0.18867110237960105,0.0041550857851622705,0.3808060954482846,0.006871460128989781,0.4184579692369809,0.005297043866835274,1.0,0.0,128.0,0.0,1.0,0.0
ALL,speculative,manual,EleutherAI/pythia-31m,EleutherAI/pythia-1.4b,greedy,4,,,1.0,12,68.75,13.935117509371782,128.0,0.0,0.551801246067485,0.18192107713152048,2.1959734832128577,0.7314914450086158,4.3811545968055725,0.9356965019602763,30.884647911530728,7.9161348545857795,167.0,32.90896534380867,86.25,8.227241335952167,27.0,12.389511693363866,42.0,8.276472678623424,1.3687380353609722,0.2975414589263196,1.4104068676630657,0.2897329485987327,1.5332973798116047,0.342232103662336,0.31219279041621906,0.00826630347338108,0.32267729793705124,0.006554411914485758,0.3491753548247509,0.005384016450786928,0.75,0.4330127018922193,112.0,27.712812921102035,0.875,0.21650635094610965
ALL,speculative,manual,EleutherAI/pythia-31m,EleutherAI/pythia-1.4b,greedy,6,,,1.0,12,68.75,13.935117509371782,128.0,0.0,0.4496217089361698,0.1900742976168674,2.6758603427269243,1.1321097809043463,4.379199028015137,1.0612280110709085,31.66025481809491,10.121842415178433,224.75,53.49006917176309,91.0,9.192388155425117,28.25,12.676257334087218,37.75,8.926785535678562,1.7598265608151753,0.43727972059509834,1.222594936688741,0.2899500479364504,1.320643941561381,0.3195202264208489,0.40142374290845667,0.007398455872755753,0.2796255094390664,0.005614830591500269,0.3015324094309896,0.004679237332922027,0.75,0.4330127018922193,112.0,27.712812921102035,0.875,0.21650635094610965
ALL,speculative,manual,EleutherAI/pythia-31m,EleutherAI/pythia-1.4b,greedy,8,,,1.0,12,68.75,13.935117509371782,128.0,0.0,0.37945168019757697,0.19152334019327857,2.967433110367893,1.4479659520719534,4.729243497053782,1.3193636512897684,30.40017395343775,12.045853924030553,284.5,79.25433742073679,93.0,9.669539802906858,28.25,12.597122687344122,36.0,9.669539802906858,2.233558456103007,0.6269368043952076,1.1615661183993022,0.3132929676259722,1.2485251029332478,0.3589024563565516,0.47211904877139893,0.007359888771194682,0.24662721556520967,0.00757171305400278,0.26307157222611854,0.005353887532673703,1.0,0.0,128.0,0.0,1.0,0.0
ALL,baseline,hf,,EleutherAI/pythia-1.4b,top_k,,50,,1.0,12,68.75,13.935117509371782,122.08333333333333,19.623363342936116,,,,,3.622187157471975,0.6027139052758357,33.76764234798176,0.7821516072535374,,,,,,,,,0.0,0.0,3.622187157471975,0.6027139052758357,0.0,0.0,0.0,0.0,1.0,0.0,0.0,0.0,,,,,,
ALL,baseline,manual,,EleutherAI/pythia-1.4b,top_k,,50,,1.0,12,68.75,13.935117509371782,128.0,0.0,,,,,3.739172339439392,0.04861954147548329,34.238005644741555,0.44851974832724495,,,,,,,,,0.0,0.0,3.739172339439392,0.04861954147548329,0.0,0.0,0.0,0.0,1.0,0.0,0.0,0.0,,,,,,
ALL,speculative,manual,EleutherAI/pythia-31m,EleutherAI/pythia-1.4b,top_k,1,50,,1.0,12,68.75,13.935117509371782,128.0,0.0,0.5478392527482819,0.0750976680477627,0.5478392527482819,0.0750976680477627,6.742350220680237,0.47376797717283475,19.075449431952414,1.2992609202523555,83.0,4.06201920231798,45.166666666666664,4.2196629670573875,37.833333333333336,8.274794391537606,83.0,4.06201920231798,0.688864509264628,0.05432608078527506,2.389734625816345,0.15080719469468093,3.0178656578063965,0.19970897743396357,0.10212866219527661,0.0020306257359325283,0.3546404303753222,0.005143448508495335,0.44773554494058654,0.005260029541642455,0.0,0.0,0.8333333333333334,0.9860132971832694,0.006510416666666667,0.007703228884244292
ALL,speculative,manual,EleutherAI/pythia-31m,EleutherAI/pythia-1.4b,top_k,2,50,,1.0,12,68.75,13.935117509371782,128.0,0.0,0.45866462781134604,0.048192956988170166,0.91574889785794,0.09694869193375621,7.426755428314209,1.6976856245585468,17.993360658918647,3.353711836300499,134.25,6.796138609534093,61.25,3.538478957593691,45.25,5.889609494694874,67.25,3.467107343785787,1.2565748890240986,0.28663786926955076,2.54575381676356,0.619226143904141,2.775887986024221,0.6417362024151325,0.16924681185737164,0.003279251502663185,0.3418579886774604,0.005700754436336265,0.373678940034941,0.0043180420098218415,0.0,0.0,0.9166666666666666,0.9537935951882998,0.007161458333333333,0.007451512462408592
ALL,speculative,manual,EleutherAI/pythia-31m,EleutherAI/pythia-1.4b,top_k,4,50,,1.0,12,68.75,13.935117509371782,128.0,0.0,0.3000896294314012,0.05752498804722936,1.1843225062612732,0.2294586999502689,6.859686215718587,0.771321878697962,18.907744085090684,2.2194694200083998,234.66666666666666,23.367831640003647,69.08333333333333,6.251111012363233,52.75,7.938566201357355,59.5,6.06217782649107,1.8735227982203166,0.21057809497006086,1.944687048594157,0.20575201223243003,2.115612745285034,0.2387416927450007,0.27316878525677923,0.003525784178119039,0.2837226384451251,0.0042119846804500195,0.30845821773921267,0.004641175008939827,0.0,0.0,0.8333333333333334,0.9860132971832694,0.006510416666666667,0.007703228884244292
ALL,speculative,manual,EleutherAI/pythia-31m,EleutherAI/pythia-1.4b,top_k,6,50,,1.0,12,68.75,13.935117509371782,128.0,0.0,0.2053018929045677,0.04638328120704958,1.2082020312108106,0.2673188972763866,7.710481067498525,0.9819907106907493,16.87939964487998,2.2211417194815413,348.3333333333333,44.072541212061836,69.5,6.994045086119096,56.666666666666664,8.309967241545273,59.083333333333336,7.146774719332413,2.7291106383005777,0.3451558980315302,1.8848779996236165,0.2454063810486153,2.057646095752716,0.26881556573325527,0.35404042139673525,0.006204980285335803,0.24436151745709916,0.005276288668047765,0.26681212019457373,0.004241871915903632,0.0,0.0,0.75,0.924211375534118,0.005859375,0.007220401371360297
ALL,speculative,manual,EleutherAI/pythia-31m,EleutherAI/pythia-1.4b,top_k,8,50,,1.0,12,68.75,13.935117509371782,128.0,0.0,0.170229675798799,0.027556508536952833,1.3320882019334384,0.21377039605247902,8.19590018192927,0.8954495243323407,15.810289123189234,1.7781552455179959,434.9166666666667,40.7542601726767,72.91666666666667,5.453719423985392,54.75,5.731855429672548,55.583333333333336,5.29871577732651,3.388512750466665,0.36642786440090114,1.767805775006612,0.20641684176415606,1.9383561412493389,0.2195386791233177,0.41349190164543315,0.002346641206263387,0.21553539576352895,0.003894171207600101,0.23646419711815425,0.004350563234549457,0.0,0.0,0.75,0.924211375534118,0.005859375,0.007220401371360297
ALL,baseline,hf,,EleutherAI/pythia-1.4b,top_p,,,0.9,1.0,12,68.75,13.935117509371782,124.16666666666667,12.713728363029032,,,,,3.7268728812535605,0.40504107153241503,33.354013251538326,0.8177671424175681,,,,,,,,,0.0,0.0,3.7268728812535605,0.40504107153241503,0.0,0.0,0.0,0.0,1.0,0.0,0.0,0.0,,,,,,
ALL,baseline,manual,,EleutherAI/pythia-1.4b,top_p,,,0.9,1.0,12,68.75,13.935117509371782,128.0,0.0,,,,,3.845308462778727,0.10656605931708536,33.31251518874433,0.9099150025799874,,,,,,,,,0.0,0.0,3.845308462778727,0.10656605931708536,0.0,0.0,0.0,0.0,1.0,0.0,0.0,0.0,,,,,,
ALL,speculative,manual,EleutherAI/pythia-31m,EleutherAI/pythia-1.4b,top_p,1,,0.9,1.0,12,68.75,13.935117509371782,128.0,0.0,0.5501502727467223,0.0974022570999849,0.5501502727467223,0.0974022570999849,6.546643356482188,0.5302518015745002,19.67772123739016,1.5582059281959224,83.08333333333333,5.574620066774855,45.166666666666664,5.42883249163411,37.916666666666664,10.995895698951596,83.08333333333333,5.574620066774855,0.7004838983217875,0.05463971208115169,2.445225993792216,0.19590607449152644,3.061535358428955,0.24406858858970773,0.10703518004166061,0.0016679181784694094,0.37356353074584675,0.0042918821685455945,0.46771114964096205,0.0040332213389093095,0.0,0.0,0.75,0.924211375534118,0.005859375,0.007220401371360297
ALL,speculative,manual,EleutherAI/pythia-31m,EleutherAI/pythia-1.4b,top_p,2,,0.9,1.0,12,68.75,13.935117509371782,128.0,0.0,0.41042432828590836,0.05809027714968215,0.8180815057481516,0.11647949315655196,6.496948162714641,0.4815052441047428,19.815090909895876,1.5381920411284522,141.5,8.480369488805701,57.583333333333336,4.443315828922761,50.75,6.219927652312364,71.0,4.301162633521313,1.1733565131823223,0.11020778739021513,2.3319653471310935,0.17494166317138155,2.573624869187673,0.17261593703759975,0.1803635550955102,0.0050699234026748,0.3589599239660641,0.00637262927308688,0.3963969266836186,0.00687435430169143,0.0,0.0,1.4166666666666667,1.6051133570215186,0.011067708333333334,0.012539948101730614
ALL,speculative,manual,EleutherAI/pythia-31m,EleutherAI/pythia-1.4b,top_p,4,,0.9,1.0,12,68.75,13.935117509371782,128.0,0.0,0.29414936008548087,0.045897900107936346,1.1600450299552496,0.18265153528074649,6.508711198965709,0.5472228054280059,19.823164657651112,1.8864157307492986,236.25,18.161887750635028,68.66666666666667,4.384315479321969,53.0,5.744562646538029,59.916666666666664,4.627064103967247,1.9181808233261108,0.1627389131344158,1.934319297472636,0.16236916107820337,2.131508529186249,0.18509988841822572,0.2946920497315086,0.0027464900515532537,0.2972607010466296,0.004801796480491915,0.3274030593160292,0.00446490013488631,0.0,0.0,0.5,0.7637626158259734,0.00390625,0.005966895436140417
ALL,speculative,manual,EleutherAI/pythia-31m,EleutherAI/pythia-1.4b,top_p,6,,0.9,1.0,12,68.75,13.935117509371782,128.0,0.0,0.20011365019152244,0.035265697641874996,1.176521369195177,0.20041879546450642,7.442370076974233,0.7628188927269479,17.381149174208176,1.7852451895586152,350.8333333333333,34.37255041777119,69.0,5.522680508593631,56.666666666666664,6.433419688539594,59.583333333333336,5.514501085521901,2.786721428235372,0.3018999162779651,1.9102810621261597,0.17948396036958497,2.0840367873509726,0.21615685643564836,0.3742511980785525,0.005662211511607175,0.25691024670262985,0.003382361297985142,0.2800287597265101,0.00456481275924856,0.0,0.0,0.8333333333333334,0.7993052538854533,0.006510416666666667,0.006244572295980104
ALL,speculative,manual,EleutherAI/pythia-31m,EleutherAI/pythia-1.4b,top_p,8,,0.9,1.0,12,68.75,13.935117509371782,128.0,0.0,0.16425593050844062,0.0442969593289673,1.273781302912224,0.3450471365756835,8.113077362378439,1.3763491178067657,16.21202804750352,2.6102791446393643,449.0,70.58092282385282,70.66666666666667,9.303523824635242,56.583333333333336,9.716466550254893,57.916666666666664,9.132892325119258,3.506266156832377,0.5988642014949748,1.82695871591568,0.3146388491666282,1.9995883504549663,0.34503090375231377,0.4321064178752787,0.004508451896741428,0.2251383064586067,0.002985782884327587,0.24632575714441027,0.003084829723610475,0.0,0.0,0.8333333333333334,0.8975274678557507,0.006510416666666667,0.007011933342623052
