prompt_id,prompt_chars,mode,baseline_impl,draft_model,target_model,strategy,candidate_length_k,top_k,top_p,temperature,generated_tokens,acceptance_rate,avg_accepted_prefix_length,total_generation_time,tokens_per_s,proposed_tokens,accepted_tokens,rejection_events,verify_rounds,draft_time,verify_time,rebuild_time,draft_time_ratio,verify_time_ratio,rebuild_time_ratio,target_token_time,draft_token_time,draft_target_latency_ratio
explain_sd_simple,45,baseline,hf,,EleutherAI/pythia-1.4b,greedy,,,,1.0,128,,,3.6481616497039795,35.08616456466128,,,,,0.0,3.6481616497039795,0.0,0.0,1.0,0.0,0.02850126288831234,,
explain_sd_simple,45,baseline,hf,,EleutherAI/pythia-1.4b,greedy,,,,1.0,128,,,3.7513654232025146,34.12090947160442,,,,,0.0,3.7513654232025146,0.0,0.0,1.0,0.0,0.029307542368769646,,
explain_sd_simple,45,baseline,hf,,EleutherAI/pythia-1.4b,greedy,,,,1.0,128,,,3.7148821353912354,34.456005691421375,,,,,0.0,3.7148821353912354,0.0,0.0,1.0,0.0,0.029022516682744026,,
explain_sd_simple,45,baseline,manual,,EleutherAI/pythia-1.4b,greedy,,,,1.0,128,,,3.5585787296295166,35.969416366776876,,,,,0.0,3.5585787296295166,0.0,0.0,1.0,0.0,0.0278013963252306,,
explain_sd_simple,45,baseline,manual,,EleutherAI/pythia-1.4b,greedy,,,,1.0,128,,,3.5555779933929443,35.9997728183301,,,,,0.0,3.5555779933929443,0.0,0.0,1.0,0.0,0.027777953073382378,,
explain_sd_simple,45,baseline,manual,,EleutherAI/pythia-1.4b,greedy,,,,1.0,128,,,3.72027587890625,34.406050563548966,,,,,0.0,3.72027587890625,0.0,0.0,1.0,0.0,0.029064655303955078,,
explain_sd_simple,45,speculative,manual,EleutherAI/pythia-31m,EleutherAI/pythia-1.4b,greedy,1,,,1.0,128,0.6973684210526315,0.6973684210526315,5.475656509399414,23.37619238538383,76,53,23,76,0.593491792678833,2.118237018585205,2.694533348083496,0.10838733066255263,0.3868462192522627,0.49209320260650175,0.02821466823418935,0.007809102535247803,0.2767745652874649
explain_sd_simple,45,speculative,manual,EleutherAI/pythia-31m,EleutherAI/pythia-1.4b,greedy,1,,,1.0,128,0.6973684210526315,0.6973684210526315,5.391464948654175,23.741228259668375,76,53,23,76,0.6560165882110596,2.133150339126587,2.564255475997925,0.12167687158474717,0.3956531961983852,0.47561386384196336,0.02821466823418935,0.008631797213303415,0.3059329686834228
explain_sd_simple,45,speculative,manual,EleutherAI/pythia-31m,EleutherAI/pythia-1.4b,greedy,1,,,1.0,128,0.6973684210526315,0.6973684210526315,5.236569881439209,24.44348168706587,76,53,23,76,0.5615901947021484,2.098254442214966,2.533458709716797,0.1072439034362322,0.4006925315084854,0.48380118418671914,0.02821466823418935,0.007389344667133532,0.26189727292910125
explain_sd_simple,45,speculative,manual,EleutherAI/pythia-31m,EleutherAI/pythia-1.4b,greedy,2,,,1.0,128,0.6173913043478261,1.2241379310344827,4.716593980789185,27.138227399124766,115,71,26,58,0.8996608257293701,1.8163025379180908,1.936394214630127,0.19074375055256254,0.3850877445283483,0.4105492697732968,0.02821466823418935,0.007823137615038,0.2772720044093324
explain_sd_simple,45,speculative,manual,EleutherAI/pythia-31m,EleutherAI/pythia-1.4b,greedy,2,,,1.0,128,0.6173913043478261,1.2241379310344827,5.1076576709747314,25.060410905645686,115,71,26,58,0.9408481121063232,1.9876580238342285,2.0989444255828857,0.18420343975926137,0.3891525532592926,0.4109407013532935,0.02821466823418935,0.008181287931359332,0.28996576757353437
explain_sd_simple,45,speculative,manual,EleutherAI/pythia-31m,EleutherAI/pythia-1.4b,greedy,2,,,1.0,128,0.6173913043478261,1.2241379310344827,4.716775178909302,27.137184865698533,115,71,26,58,0.8968727588653564,1.7559704780578613,1.9706685543060303,0.1901453270182675,0.37228199595129075,0.41779997552516884,0.02821466823418935,0.007798893555350925,0.27641273293089985
explain_sd_simple,45,speculative,manual,EleutherAI/pythia-31m,EleutherAI/pythia-1.4b,greedy,4,,,1.0,128,0.4941860465116279,1.9767441860465116,4.117624044418335,31.085888031354152,172,85,31,43,1.3004233837127686,1.2715446949005127,1.480982780456543,0.31581887265195174,0.3088054375979665,0.35966925695027846,0.02821466823418935,0.007560601068097491,0.2679670377600213
explain_sd_simple,45,speculative,manual,EleutherAI/pythia-31m,EleutherAI/pythia-1.4b,greedy,4,,,1.0,128,0.4941860465116279,1.9767441860465116,4.196193695068359,30.50383497559561,172,85,31,43,1.3779504299163818,1.3347296714782715,1.385582447052002,0.3283810353025026,0.3180810440297198,0.3301998305465329,0.02821466823418935,0.008011339708816173,0.2839423679314566
explain_sd_simple,45,speculative,manual,EleutherAI/pythia-31m,EleutherAI/pythia-1.4b,greedy,4,,,1.0,128,0.4941860465116279,1.9767441860465116,4.56779146194458,28.022295033913043,172,85,31,43,1.3942193984985352,1.4342198371887207,1.6459345817565918,0.30522833849008385,0.31398540172807077,0.3603348785664335,0.02821466823418935,0.0081059267354566,0.28729477405777815
explain_sd_simple,45,speculative,manual,EleutherAI/pythia-31m,EleutherAI/pythia-1.4b,greedy,6,,,1.0,128,0.3723849372384937,2.225,4.516877174377441,28.338162641680015,239,89,31,40,1.9189205169677734,1.2065236568450928,1.2898454666137695,0.4248334508303864,0.26711455952117785,0.2855613329338645,0.02821466823418935,0.008028956137940475,0.28456673923286907
explain_sd_simple,45,speculative,manual,EleutherAI/pythia-31m,EleutherAI/pythia-1.4b,greedy,6,,,1.0,128,0.3723849372384937,2.225,4.5683274269104,28.019007404328615,239,89,31,40,1.8141067028045654,1.2882041931152344,1.396087884902954,0.3971052276415882,0.28198595957174155,0.30560153737647927,0.02821466823418935,0.007590404614245044,0.26902335165675667
explain_sd_simple,45,speculative,manual,EleutherAI/pythia-31m,EleutherAI/pythia-1.4b,greedy,6,,,1.0,128,0.3723849372384937,2.225,5.820341348648071,21.9918373051662,239,89,31,40,2.43933367729187,1.5350136756896973,1.730499029159546,0.41910491690637186,0.26373258607010136,0.29731916489081867,0.02821466823418935,0.01020641705979862,0.36174152306462043
explain_sd_simple,45,speculative,manual,EleutherAI/pythia-31m,EleutherAI/pythia-1.4b,greedy,8,,,1.0,128,0.28938906752411575,2.3076923076923075,4.951300621032715,25.851793255345193,311,90,33,39,2.391070604324341,1.175429105758667,1.279055118560791,0.482917679077548,0.2373980486592839,0.25832709755644223,0.02821466823418935,0.00768832991744161,0.27249407484172417
explain_sd_simple,45,speculative,manual,EleutherAI/pythia-31m,EleutherAI/pythia-1.4b,greedy,8,,,1.0,128,0.28938906752411575,2.3076923076923075,4.78330397605896,26.75974611704716,311,90,33,39,2.246135711669922,1.1667158603668213,1.266805648803711,0.4695782920993762,0.24391422042303423,0.2648390432939728,0.02821466823418935,0.007222301323697498,0.25597682963168134
explain_sd_simple,45,speculative,manual,EleutherAI/pythia-31m,EleutherAI/pythia-1.4b,greedy,8,,,1.0,128,0.28938906752411575,2.3076923076923075,5.229445457458496,24.47678268016736,311,90,33,39,2.4847333431243896,1.264420509338379,1.3689398765563965,0.4751427973267297,0.24178864080798457,0.2617753426616098,0.02821466823418935,0.007989496280142732,0.2831681809556561
explain_sd_simple,45,baseline,hf,,EleutherAI/pythia-1.4b,top_k,,50,,1.0,128,,,4.059864044189453,31.528149368251825,,,,,0.0,4.059864044189453,0.0,0.0,1.0,0.0,0.0317176878452301,,
explain_sd_simple,45,baseline,hf,,EleutherAI/pythia-1.4b,top_k,,50,,1.0,128,,,3.8510684967041016,33.237528781829646,,,,,0.0,3.8510684967041016,0.0,0.0,1.0,0.0,0.030086472630500793,,
explain_sd_simple,45,baseline,hf,,EleutherAI/pythia-1.4b,top_k,,50,,1.0,128,,,3.7969701290130615,33.711089540035644,,,,,0.0,3.7969701290130615,0.0,0.0,1.0,0.0,0.029663829132914543,,
explain_sd_simple,45,baseline,manual,,EleutherAI/pythia-1.4b,top_k,,50,,1.0,128,,,3.6899144649505615,34.68915098597414,,,,,0.0,3.6899144649505615,0.0,0.0,1.0,0.0,0.028827456757426262,,
explain_sd_simple,45,baseline,manual,,EleutherAI/pythia-1.4b,top_k,,50,,1.0,128,,,3.578758955001831,35.76658881177274,,,,,0.0,3.578758955001831,0.0,0.0,1.0,0.0,0.027959054335951805,,
explain_sd_simple,45,baseline,manual,,EleutherAI/pythia-1.4b,top_k,,50,,1.0,128,,,3.6470718383789062,35.09664894807637,,,,,0.0,3.6470718383789062,0.0,0.0,1.0,0.0,0.028492748737335205,,
explain_sd_simple,45,speculative,manual,EleutherAI/pythia-31m,EleutherAI/pythia-1.4b,top_k,1,50,,1.0,128,0.5925925925925926,0.5925925925925926,6.2770702838897705,20.391678635256742,81,48,33,81,0.6450614929199219,2.23831844329834,2.8072218894958496,0.10276473955939054,0.35658648733678033,0.4472184892848248,0.02842641994357109,0.00796372213481385,0.2801521313842028
explain_sd_simple,45,speculative,manual,EleutherAI/pythia-31m,EleutherAI/pythia-1.4b,top_k,1,50,,1.0,128,0.5058823529411764,0.5058823529411764,6.964335918426514,18.379354686400546,85,43,42,85,0.6994383335113525,2.448021411895752,3.136751651763916,0.10043144697554739,0.35150823288386773,0.45040211852282647,0.02842641994357109,0.008228686276604148,0.2894731835010812
explain_sd_simple,45,speculative,manual,EleutherAI/pythia-31m,EleutherAI/pythia-1.4b,top_k,1,50,,1.0,128,0.5176470588235295,0.5176470588235295,6.66776442527771,19.19683897570644,85,44,41,85,0.6648921966552734,2.3345389366149902,3.005868673324585,0.09971740965152363,0.3501231878805853,0.4508060695619719,0.02842641994357109,0.007822261137120864,0.27517573977478454
explain_sd_simple,45,speculative,manual,EleutherAI/pythia-31m,EleutherAI/pythia-1.4b,top_k,2,50,,1.0,128,0.4411764705882353,0.8823529411764706,6.869424343109131,18.633293505648634,136,60,45,68,1.1206319332122803,2.339545488357544,2.6028130054473877,0.1631333103386473,0.34057373245611083,0.37889827086578604,0.02842641994357109,0.008239940685384414,0.2898690971899174
explain_sd_simple,45,speculative,manual,EleutherAI/pythia-31m,EleutherAI/pythia-1.4b,top_k,2,50,,1.0,128,0.45185185185185184,0.8970588235294118,6.46684193611145,19.7932779654372,135,61,44,68,1.0549671649932861,2.2298426628112793,2.4091501235961914,0.16313483079001062,0.3448116847204242,0.3725388910688031,0.02842641994357109,0.00781457159254286,0.2749052328100219
explain_sd_simple,45,speculative,manual,EleutherAI/pythia-31m,EleutherAI/pythia-1.4b,top_k,2,50,,1.0,128,0.4014084507042254,0.8028169014084507,6.51424503326416,19.649245514466273,142,57,50,71,1.0838820934295654,2.196181297302246,2.426833152770996,0.16638644814477502,0.337135199257585,0.37254250344877765,0.02842641994357109,0.007632972488940602,0.26851684116722097
explain_sd_simple,45,speculative,manual,EleutherAI/pythia-31m,EleutherAI/pythia-1.4b,top_k,4,50,,1.0,128,0.2936170212765957,1.1694915254237288,6.452538013458252,19.837155508890696,235,69,57,59,1.768205165863037,1.7930936813354492,1.9631342887878418,0.2740325066160073,0.277889673427036,0.30424218883999965,0.02842641994357109,0.007524277301544839,0.264693102982408
explain_sd_simple,45,speculative,manual,EleutherAI/pythia-31m,EleutherAI/pythia-1.4b,top_k,4,50,,1.0,128,0.2701612903225806,1.0806451612903225,6.893951654434204,18.5669999466373,248,67,56,62,1.8942372798919678,1.8796532154083252,2.105084180831909,0.2747679958958793,0.27265250898580473,0.3053523271341647,0.02842641994357109,0.007638053547951483,0.26869558541362865
explain_sd_simple,45,speculative,manual,EleutherAI/pythia-31m,EleutherAI/pythia-1.4b,top_k,4,50,,1.0,128,0.2423076923076923,0.9545454545454546,7.07546067237854,18.090694857465806,260,63,62,66,1.9102551937103271,1.9395473003387451,2.216346025466919,0.2699831547601778,0.2741231122816392,0.3132440597287435,0.02842641994357109,0.007347135360424335,0.25846150781593447
explain_sd_simple,45,speculative,manual,EleutherAI/pythia-31m,EleutherAI/pythia-1.4b,top_k,6,50,,1.0,128,0.25165562913907286,1.4615384615384615,6.411380052566528,19.96450045864315,302,76,51,52,2.2535481452941895,1.560882329940796,1.6797027587890625,0.35149189828359584,0.24345496868742975,0.2619877070174094,0.02842641994357109,0.007462079951305263,0.2625050909019897
explain_sd_simple,45,speculative,manual,EleutherAI/pythia-31m,EleutherAI/pythia-1.4b,top_k,6,50,,1.0,128,0.2508250825082508,1.4615384615384615,7.323327302932739,17.478394001144867,303,76,51,52,2.539989709854126,1.7577693462371826,1.9554378986358643,0.3468354758412816,0.24002332184897113,0.2670149534150657,0.02842641994357109,0.008382804322950911,0.29489483162464725
explain_sd_simple,45,speculative,manual,EleutherAI/pythia-31m,EleutherAI/pythia-1.4b,top_k,6,50,,1.0,128,0.20527859237536658,1.206896551724138,7.560684680938721,16.929683673054296,341,70,56,58,2.7008249759674072,1.8535737991333008,1.9997994899749756,0.35721962890166153,0.24515951628115834,0.26449978730321605,0.02842641994357109,0.007920307847411752,0.27862488006348496
explain_sd_simple,45,speculative,manual,EleutherAI/pythia-31m,EleutherAI/pythia-1.4b,top_k,8,50,,1.0,128,0.15283842794759825,1.1864406779661016,8.972411394119263,14.265953084127899,458,70,58,59,3.6639108657836914,1.9766881465911865,2.0905613899230957,0.4083529727788795,0.22030734657204373,0.232998833657282,0.02842641994357109,0.007999805383807186,0.2814214874643903
explain_sd_simple,45,speculative,manual,EleutherAI/pythia-31m,EleutherAI/pythia-1.4b,top_k,8,50,,1.0,128,0.1545253863134658,1.1864406779661016,8.479638814926147,15.094982556885567,453,70,56,59,3.5145952701568604,1.8059649467468262,2.035095453262329,0.4144746429494557,0.21297663569914152,0.2399978935046249,0.02842641994357109,0.007758488455092407,0.2729323098193047
explain_sd_simple,45,speculative,manual,EleutherAI/pythia-31m,EleutherAI/pythia-1.4b,top_k,8,50,,1.0,128,0.13524590163934427,1.0476190476190477,8.990750312805176,14.23685404962193,488,66,62,63,3.7292230129241943,1.9317281246185303,2.129711389541626,0.4147844043241649,0.2148572763573742,0.23687804859938785,0.02842641994357109,0.007641850436320071,0.2688291544095179
explain_sd_simple,45,baseline,hf,,EleutherAI/pythia-1.4b,top_p,,,0.9,1.0,128,,,3.678220748901367,34.799433948664394,,,,,0.0,3.678220748901367,0.0,0.0,1.0,0.0,0.02873609960079193,,
explain_sd_simple,45,baseline,hf,,EleutherAI/pythia-1.4b,top_p,,,0.9,1.0,128,,,3.6988837718963623,34.605034354560516,,,,,0.0,3.6988837718963623,0.0,0.0,1.0,0.0,0.02889752946794033,,
explain_sd_simple,45,baseline,hf,,EleutherAI/pythia-1.4b,top_p,,,0.9,1.0,128,,,3.837742328643799,33.352942704007255,,,,,0.0,3.837742328643799,0.0,0.0,1.0,0.0,0.02998236194252968,,
explain_sd_simple,45,baseline,manual,,EleutherAI/pythia-1.4b,top_p,,,0.9,1.0,128,,,3.701009750366211,34.58515611512089,,,,,0.0,3.701009750366211,0.0,0.0,1.0,0.0,0.028914138674736023,,
explain_sd_simple,45,baseline,manual,,EleutherAI/pythia-1.4b,top_p,,,0.9,1.0,128,,,3.647503137588501,35.09249894288659,,,,,0.0,3.647503137588501,0.0,0.0,1.0,0.0,0.028496118262410164,,
explain_sd_simple,45,baseline,manual,,EleutherAI/pythia-1.4b,top_p,,,0.9,1.0,128,,,3.7584519386291504,34.0565749117139,,,,,0.0,3.7584519386291504,0.0,0.0,1.0,0.0,0.029362905770540237,,
explain_sd_simple,45,speculative,manual,EleutherAI/pythia-31m,EleutherAI/pythia-1.4b,top_p,1,,0.9,1.0,128,0.391304347826087,0.391304347826087,7.037013053894043,18.18953567652815,92,36,56,92,0.7248268127441406,2.6082468032836914,3.336716651916504,0.10300205601338855,0.37064686157436877,0.4741666139257876,0.02892438756922881,0.007878552312436312,0.2723844124125174
explain_sd_simple,45,speculative,manual,EleutherAI/pythia-31m,EleutherAI/pythia-1.4b,top_p,1,,0.9,1.0,128,0.5058823529411764,0.5058823529411764,6.398162364959717,20.00574425885266,85,43,42,85,0.6652133464813232,2.3628273010253906,3.0484938621520996,0.103969438181882,0.3692978024386643,0.4764639732882573,0.02892438756922881,0.007826039370368508,0.27056888764325077
explain_sd_simple,45,speculative,manual,EleutherAI/pythia-31m,EleutherAI/pythia-1.4b,top_p,1,,0.9,1.0,128,0.5421686746987951,0.5421686746987951,6.181491136550903,20.706977842796093,83,45,38,83,0.6491849422454834,2.333167791366577,2.8859002590179443,0.1050207673043288,0.37744416999494695,0.46686150562503187,0.02892438756922881,0.007821505328258836,0.2704121326523691
explain_sd_simple,45,speculative,manual,EleutherAI/pythia-31m,EleutherAI/pythia-1.4b,top_p,2,,0.9,1.0,128,0.3333333333333333,0.6623376623376623,6.812864542007446,18.78798546643115,153,51,63,77,1.2333240509033203,2.41829514503479,2.7396881580352783,0.1810287058107154,0.3549601096754269,0.40213454137281507,0.02892438756922881,0.008060941509172028,0.2786901361309256
explain_sd_simple,45,speculative,manual,EleutherAI/pythia-31m,EleutherAI/pythia-1.4b,top_p,2,,0.9,1.0,128,0.35333333333333333,0.7066666666666667,6.786198377609253,18.861812295722164,150,53,58,75,1.2416737079620361,2.3723669052124023,2.730095386505127,0.18297044071963486,0.34958702548984083,0.40230114632559966,0.02892438756922881,0.008277824719746908,0.28618841798929795
explain_sd_simple,45,speculative,manual,EleutherAI/pythia-31m,EleutherAI/pythia-1.4b,top_p,2,,0.9,1.0,128,0.3741496598639456,0.7432432432432432,6.457256555557251,19.822659808961827,147,55,55,74,1.1521453857421875,2.2913453578948975,2.612980365753174,0.17842645337525376,0.3548481213624565,0.4046579756079829,0.02892438756922881,0.007837723712531887,0.27097284925299664
explain_sd_simple,45,speculative,manual,EleutherAI/pythia-31m,EleutherAI/pythia-1.4b,top_p,4,,0.9,1.0,128,0.2490272373540856,0.9846153846153847,6.927131414413452,18.47806723193778,257,64,58,65,2.0085341930389404,2.0708084106445312,2.319038152694702,0.2899517957548393,0.2989416955964989,0.3347761163978242,0.02892438756922881,0.007815308144120391,0.2701978780160829
explain_sd_simple,45,speculative,manual,EleutherAI/pythia-31m,EleutherAI/pythia-1.4b,top_p,4,,0.9,1.0,128,0.2905982905982906,1.1333333333333333,6.248519420623779,20.484852712072065,234,68,52,60,1.8252055644989014,1.868483304977417,2.0557382106781006,0.2921020871719871,0.29902816638615637,0.3289960504712458,0.02892438756922881,0.007800023779909835,0.26966945319899827
explain_sd_simple,45,speculative,manual,EleutherAI/pythia-31m,EleutherAI/pythia-1.4b,top_p,4,,0.9,1.0,128,0.2,0.7916666666666666,7.605369567871094,16.83021434497232,285,57,69,72,2.2157225608825684,2.258847951889038,2.525604248046875,0.29133660647378595,0.2970069937733924,0.332081725353137,0.02892438756922881,0.007774465125903749,0.2687858163736752
explain_sd_simple,45,speculative,manual,EleutherAI/pythia-31m,EleutherAI/pythia-1.4b,top_p,6,,0.9,1.0,128,0.1774193548387097,1.064516129032258,7.506725072860718,17.05137709955066,372,66,61,62,2.815856695175171,1.8666226863861084,2.160918951034546,0.3751112059978618,0.24866005725113924,0.2878644055910585,0.02892438756922881,0.007569507245094546,0.26169982776566586
explain_sd_simple,45,speculative,manual,EleutherAI/pythia-31m,EleutherAI/pythia-1.4b,top_p,6,,0.9,1.0,128,0.19714285714285715,1.1694915254237288,6.9989094734191895,18.288563452081334,350,69,59,59,2.6811041831970215,1.7570323944091797,1.9470248222351074,0.383074562312808,0.25104373775402095,0.2781897422205011,0.02892438756922881,0.007660297666277204,0.26483871604689074
explain_sd_simple,45,speculative,manual,EleutherAI/pythia-31m,EleutherAI/pythia-1.4b,top_p,6,,0.9,1.0,128,0.16321243523316062,0.9692307692307692,8.058669090270996,15.883516070231844,386,63,65,65,3.0127346515655518,2.0565884113311768,2.299976110458374,0.37385015041785763,0.2552019928221197,0.2854039649344915,0.02892438756922881,0.007805012050687958,0.2698419121928554
explain_sd_simple,45,speculative,manual,EleutherAI/pythia-31m,EleutherAI/pythia-1.4b,top_p,8,,0.9,1.0,128,0.15848214285714285,1.2456140350877194,7.606120824813843,16.828552023840977,448,71,54,57,3.388519763946533,1.6746487617492676,1.8158025741577148,0.4454990713389655,0.22017120163092518,0.23872912565810522,0.02892438756922881,0.007563660187380654,0.26149767801573953
explain_sd_simple,45,speculative,manual,EleutherAI/pythia-31m,EleutherAI/pythia-1.4b,top_p,8,,0.9,1.0,128,0.1513157894736842,1.1694915254237288,8.058522701263428,15.883804606014445,456,69,59,59,3.521090030670166,1.7886319160461426,1.9880127906799316,0.4369398909949244,0.22195531145748565,0.24669692751107444,0.02892438756922881,0.007721688663750364,0.26696118095046817
explain_sd_simple,45,speculative,manual,EleutherAI/pythia-31m,EleutherAI/pythia-1.4b,top_p,8,,0.9,1.0,128,0.16478555304740405,1.3035714285714286,7.524748086929321,17.01053623606872,443,73,52,56,3.2617571353912354,1.6366095542907715,1.9243454933166504,0.4334706089439712,0.21749692287155817,0.2557355370685814,0.02892438756922881,0.007362882924133714,0.25455622548657564
sampling_diff,77,baseline,hf,,EleutherAI/pythia-1.4b,greedy,,,,1.0,128,,,3.536370038986206,36.195307218668376,,,,,0.0,3.536370038986206,0.0,0.0,1.0,0.0,0.027627890929579735,,
sampling_diff,77,baseline,hf,,EleutherAI/pythia-1.4b,greedy,,,,1.0,128,,,3.590883493423462,35.645823718432,,,,,0.0,3.590883493423462,0.0,0.0,1.0,0.0,0.028053777292370796,,
sampling_diff,77,baseline,hf,,EleutherAI/pythia-1.4b,greedy,,,,1.0,128,,,3.6432507038116455,35.133459211600155,,,,,0.0,3.6432507038116455,0.0,0.0,1.0,0.0,0.02846289612352848,,
sampling_diff,77,baseline,manual,,EleutherAI/pythia-1.4b,greedy,,,,1.0,128,,,3.926201820373535,32.60148251569559,,,,,0.0,3.926201820373535,0.0,0.0,1.0,0.0,0.030673451721668243,,
sampling_diff,77,baseline,manual,,EleutherAI/pythia-1.4b,greedy,,,,1.0,128,,,3.631136894226074,35.25066769130482,,,,,0.0,3.631136894226074,0.0,0.0,1.0,0.0,0.028368256986141205,,
sampling_diff,77,baseline,manual,,EleutherAI/pythia-1.4b,greedy,,,,1.0,128,,,3.60899019241333,35.46698471751913,,,,,0.0,3.60899019241333,0.0,0.0,1.0,0.0,0.02819523587822914,,
sampling_diff,77,speculative,manual,EleutherAI/pythia-31m,EleutherAI/pythia-1.4b,greedy,1,,,1.0,128,0.6753246753246753,0.6753246753246753,5.661640167236328,22.608289509589568,77,52,25,77,0.6452670097351074,2.2377092838287354,2.710416793823242,0.11397174505530046,0.39524046349294045,0.4787334966125734,0.02907898152867953,0.008380091035520875,0.2881837875668341
sampling_diff,77,speculative,manual,EleutherAI/pythia-31m,EleutherAI/pythia-1.4b,greedy,1,,,1.0,128,0.6753246753246753,0.6753246753246753,5.55577826499939,23.039076416418872,77,52,25,77,0.6006009578704834,2.19453763961792,2.6894314289093018,0.10810383878244093,0.3950009404520684,0.48407825162,0.02907898152867953,0.007800012439876408,0.26823540680692487
sampling_diff,77,speculative,manual,EleutherAI/pythia-31m,EleutherAI/pythia-1.4b,greedy,1,,,1.0,128,0.6753246753246753,0.6753246753246753,5.785566568374634,22.1240216471936,77,52,25,77,0.6212301254272461,2.325864553451538,2.781404495239258,0.10737584955344678,0.40201154475782896,0.4807488536115229,0.02907898152867953,0.008067923706847353,0.2774486341239378
sampling_diff,77,speculative,manual,EleutherAI/pythia-31m,EleutherAI/pythia-1.4b,greedy,2,,,1.0,128,0.5238095238095238,1.0476190476190477,5.4311747550964355,23.567645264938125,126,66,35,63,1.0393667221069336,2.0416314601898193,2.2908616065979004,0.1913705172406073,0.3759097344960259,0.4217985444950434,0.02907898152867953,0.008248942238943917,0.28367369850310226
sampling_diff,77,speculative,manual,EleutherAI/pythia-31m,EleutherAI/pythia-1.4b,greedy,2,,,1.0,128,0.5238095238095238,1.0476190476190477,5.248368501663208,24.388531399698174,126,66,35,63,0.9618580341339111,1.9936633110046387,2.2272098064422607,0.1832680067775535,0.37986343953799107,0.42436231482916226,0.02907898152867953,0.007633793921697708,0.2625193015845062
sampling_diff,77,speculative,manual,EleutherAI/pythia-31m,EleutherAI/pythia-1.4b,greedy,2,,,1.0,128,0.5238095238095238,1.0476190476190477,5.322923183441162,24.046937291559896,126,66,35,63,1.0240445137023926,2.0713109970092773,2.154233694076538,0.1923838609747452,0.3891303566906289,0.404708769943937,0.02907898152867953,0.008127337410336449,0.27949181790705957
sampling_diff,77,speculative,manual,EleutherAI/pythia-31m,EleutherAI/pythia-1.4b,greedy,4,,,1.0,128,0.36538461538461536,1.4615384615384615,5.169605493545532,24.76010986908253,208,76,38,52,1.6790828704833984,1.625525951385498,1.7821693420410156,0.3247990340036205,0.3144390714949206,0.34473991183004743,0.02907898152867953,0.008072513800400954,0.2776064833095798
sampling_diff,77,speculative,manual,EleutherAI/pythia-31m,EleutherAI/pythia-1.4b,greedy,4,,,1.0,128,0.36538461538461536,1.4615384615384615,5.059463977813721,25.29912270574381,208,76,38,52,1.5774729251861572,1.651299238204956,1.7627019882202148,0.311786571088072,0.3263782972753786,0.34839698354407656,0.02907898152867953,0.007584004448010371,0.26080708640123956
sampling_diff,77,speculative,manual,EleutherAI/pythia-31m,EleutherAI/pythia-1.4b,greedy,4,,,1.0,128,0.36538461538461536,1.4615384615384615,5.338120698928833,23.978476175273624,208,76,38,52,1.687056541442871,1.7588157653808594,1.815028190612793,0.31603941472912034,0.3294822025537545,0.34001257989108474,0.02907898152867953,0.00811084875693688,0.27892478795852765
sampling_diff,77,speculative,manual,EleutherAI/pythia-31m,EleutherAI/pythia-1.4b,greedy,6,,,1.0,128,0.2872340425531915,1.7234042553191489,5.5905070304870605,22.895955465572197,282,81,40,47,2.2107090950012207,1.5716888904571533,1.7072105407714844,0.39543982020690127,0.28113530345032467,0.305376691498901,0.02907898152867953,0.007839393953905038,0.2695897016260123
sampling_diff,77,speculative,manual,EleutherAI/pythia-31m,EleutherAI/pythia-1.4b,greedy,6,,,1.0,128,0.2872340425531915,1.7234042553191489,5.348086357116699,23.933794530013596,282,81,40,47,2.2094080448150635,1.421114444732666,1.616682529449463,0.4131212357622094,0.26572391503020304,0.3022917771883289,0.02907898152867953,0.007834780300762637,0.26943104224731806
sampling_diff,77,speculative,manual,EleutherAI/pythia-31m,EleutherAI/pythia-1.4b,greedy,6,,,1.0,128,0.2872340425531915,1.7234042553191489,5.34448504447937,23.94992201020726,282,81,40,47,2.1766514778137207,1.4967658519744873,1.5739121437072754,0.4072705713831328,0.2800580111119562,0.2944927585367763,0.02907898152867953,0.007718622261750783,0.26543647184266717
sampling_diff,77,speculative,manual,EleutherAI/pythia-31m,EleutherAI/pythia-1.4b,greedy,8,,,1.0,128,0.22554347826086957,1.8043478260869565,5.978150129318237,21.411305710149072,368,83,40,46,2.86460018157959,1.4423389434814453,1.568981647491455,0.4791783611339777,0.24126843794167696,0.2624527008441632,0.02907898152867953,0.007784239623857581,0.2676929938615722
sampling_diff,77,speculative,manual,EleutherAI/pythia-31m,EleutherAI/pythia-1.4b,greedy,8,,,1.0,128,0.22554347826086957,1.8043478260869565,5.919994115829468,21.621643112404605,368,83,40,46,2.8356733322143555,1.4340479373931885,1.5608551502227783,0.47899934978517134,0.24223806803433956,0.26365822662715305,0.02907898152867953,0.007705634054930314,0.2649898191011446
sampling_diff,77,speculative,manual,EleutherAI/pythia-31m,EleutherAI/pythia-1.4b,greedy,8,,,1.0,128,0.22554347826086957,1.8043478260869565,5.704975366592407,22.4365561242475,368,83,40,46,2.693331718444824,1.3316707611083984,1.5762343406677246,0.47210225204768175,0.23342270133303097,0.2762911738231067,0.02907898152867953,0.007318836191426153,0.2516881887423689
sampling_diff,77,baseline,hf,,EleutherAI/pythia-1.4b,top_k,,50,,1.0,57,,,1.6654250621795654,34.22549671817914,,,,,0.0,1.6654250621795654,0.0,0.0,1.0,0.0,0.02921798354700992,,
sampling_diff,77,baseline,hf,,EleutherAI/pythia-1.4b,top_k,,50,,1.0,128,,,3.7326674461364746,34.29183066723165,,,,,0.0,3.7326674461364746,0.0,0.0,1.0,0.0,0.029161464422941208,,
sampling_diff,77,baseline,hf,,EleutherAI/pythia-1.4b,top_k,,50,,1.0,128,,,3.8088436126708984,33.6060004076255,,,,,0.0,3.8088436126708984,0.0,0.0,1.0,0.0,0.029756590723991394,,
sampling_diff,77,baseline,manual,,EleutherAI/pythia-1.4b,top_k,,50,,1.0,128,,,3.736706495285034,34.254764231954006,,,,,0.0,3.736706495285034,0.0,0.0,1.0,0.0,0.02919301949441433,,
sampling_diff,77,baseline,manual,,EleutherAI/pythia-1.4b,top_k,,50,,1.0,128,,,3.8607165813446045,33.154466872422,,,,,0.0,3.8607165813446045,0.0,0.0,1.0,0.0,0.030161848291754723,,
sampling_diff,77,baseline,manual,,EleutherAI/pythia-1.4b,top_k,,50,,1.0,128,,,3.71081805229187,34.49374186399272,,,,,0.0,3.71081805229187,0.0,0.0,1.0,0.0,0.028990766033530235,,
sampling_diff,77,speculative,manual,EleutherAI/pythia-31m,EleutherAI/pythia-1.4b,top_k,1,50,,1.0,128,0.6753246753246753,0.6753246753246753,6.854788064956665,18.673079136372863,77,52,25,77,0.7008705139160156,2.543774127960205,3.0589370727539062,0.1022453950836256,0.3710944968473342,0.4462482346306128,0.02944854460656643,0.009102214466441761,0.309088771212556
sampling_diff,77,speculative,manual,EleutherAI/pythia-31m,EleutherAI/pythia-1.4b,top_k,1,50,,1.0,128,0.5238095238095238,0.5238095238095238,7.243457317352295,17.671119520973157,84,44,40,84,0.7284507751464844,2.5822982788085938,3.2193691730499268,0.10056672431843022,0.3565007931533588,0.4444520112429826,0.02944854460656643,0.008672033037458147,0.2944808700503474
sampling_diff,77,speculative,manual,EleutherAI/pythia-31m,EleutherAI/pythia-1.4b,top_k,1,50,,1.0,128,0.5,0.5,6.893836259841919,18.567310736059625,86,43,43,86,0.7070066928863525,2.4021499156951904,3.094970703125,0.1025563512444905,0.34844893686962525,0.44894752159314705,0.02944854460656643,0.008221008056818052,0.2791651732420397
sampling_diff,77,speculative,manual,EleutherAI/pythia-31m,EleutherAI/pythia-1.4b,top_k,2,50,,1.0,128,0.5897435897435898,1.1694915254237288,5.372430801391602,23.825341773940508,117,69,33,59,0.8910691738128662,1.7914388179779053,2.10091495513916,0.16585959070558076,0.33345032894865306,0.39105481909510453,0.02944854460656643,0.007615975844554412,0.25861977039287043
sampling_diff,77,speculative,manual,EleutherAI/pythia-31m,EleutherAI/pythia-1.4b,top_k,2,50,,1.0,128,0.36486486486486486,0.7297297297297297,6.951659202575684,18.41287040546727,148,54,57,74,1.209688425064087,2.3154826164245605,2.5734477043151855,0.17401434532577215,0.3330834479870134,0.3701918677718966,0.02944854460656643,0.008173570439622208,0.27755430867030584
sampling_diff,77,speculative,manual,EleutherAI/pythia-31m,EleutherAI/pythia-1.4b,top_k,2,50,,1.0,128,0.4244604316546763,0.8428571428571429,6.497216701507568,19.70074354612488,139,59,49,70,1.0627872943878174,2.2361481189727783,2.415139675140381,0.16357578070948683,0.3441701611174395,0.3717191200625937,0.02944854460656643,0.007645951758185736,0.2596376785452699
sampling_diff,77,speculative,manual,EleutherAI/pythia-31m,EleutherAI/pythia-1.4b,top_k,4,50,,1.0,128,0.3273542600896861,1.3035714285714286,6.301923751831055,20.31125812380846,223,73,47,56,1.682380199432373,1.7874650955200195,1.9811666011810303,0.2669629569769944,0.2836380073625395,0.31437489236606403,0.02944854460656643,0.007544305827051,0.25618603322653755
sampling_diff,77,speculative,manual,EleutherAI/pythia-31m,EleutherAI/pythia-1.4b,top_k,4,50,,1.0,128,0.2661290322580645,1.0476190476190477,6.861602067947388,18.654535592777464,248,66,55,63,1.8601243495941162,1.946915864944458,2.1277658939361572,0.2710918428632459,0.2837407132714806,0.31009753594945316,0.02944854460656643,0.007500501409653694,0.2546985431660767
sampling_diff,77,speculative,manual,EleutherAI/pythia-31m,EleutherAI/pythia-1.4b,top_k,4,50,,1.0,128,0.32727272727272727,1.2857142857142858,6.095195293426514,21.000147466652002,220,72,49,56,1.6828176975250244,1.6806068420410156,1.8729798793792725,0.27608921724622887,0.2757264962212942,0.30728791928935,0.02944854460656643,0.007649171352386475,0.25974700802975725
sampling_diff,77,speculative,manual,EleutherAI/pythia-31m,EleutherAI/pythia-1.4b,top_k,6,50,,1.0,128,0.20116618075801748,1.1694915254237288,7.501899480819702,17.062345386959777,343,69,57,59,2.633711099624634,1.773576259613037,2.057960033416748,0.3510725658692589,0.23641695868460846,0.2743251943962175,0.02944854460656643,0.007678458016398349,0.2607415109637102
sampling_diff,77,speculative,manual,EleutherAI/pythia-31m,EleutherAI/pythia-1.4b,top_k,6,50,,1.0,128,0.2088235294117647,1.2456140350877194,7.180959224700928,17.824916699110062,340,71,56,57,2.567063808441162,1.707350254058838,1.9320240020751953,0.3574820198965933,0.23776075042814987,0.2690481788880594,0.02944854460656643,0.007550187671885771,0.2563857661815393
sampling_diff,77,speculative,manual,EleutherAI/pythia-31m,EleutherAI/pythia-1.4b,top_k,6,50,,1.0,128,0.19273743016759776,1.15,7.58165431022644,16.882858906841538,358,69,57,60,2.6939773559570312,1.8401329517364502,2.0071349143981934,0.35532843436600453,0.2427086327655964,0.26473574661547006,0.02944854460656643,0.007525076413287797,0.2555330497253116
sampling_diff,77,speculative,manual,EleutherAI/pythia-31m,EleutherAI/pythia-1.4b,top_k,8,50,,1.0,128,0.18115942028985507,1.3888888888888888,7.305626630783081,17.520742089481768,414,75,53,54,3.0078916549682617,1.560225248336792,1.7315216064453125,0.411722608748464,0.21356487638755137,0.23701205850698023,0.02944854460656643,0.007265438780116575,0.24671639557007272
sampling_diff,77,speculative,manual,EleutherAI/pythia-31m,EleutherAI/pythia-1.4b,top_k,8,50,,1.0,128,0.11753371868978806,0.9104477611940298,9.395320892333984,13.623802897934043,519,61,67,67,3.8533084392547607,1.9773797988891602,2.2688770294189453,0.4101305834480681,0.21046431745642483,0.2414901050660454,0.02944854460656643,0.007424486395481235,0.2521172606209451
sampling_diff,77,speculative,manual,EleutherAI/pythia-31m,EleutherAI/pythia-1.4b,top_k,8,50,,1.0,128,0.15283842794759825,1.206896551724138,8.101871013641357,15.798819776874089,458,70,58,58,3.3343262672424316,1.6959915161132812,1.9192187786102295,0.4115501544801601,0.20933331489204046,0.23688587184105803,0.02944854460656643,0.0072801883564245235,0.2472172548317104
sampling_diff,77,baseline,hf,,EleutherAI/pythia-1.4b,top_p,,,0.9,1.0,128,,,3.652249336242676,35.0468952734981,,,,,0.0,3.652249336242676,0.0,0.0,1.0,0.0,0.028533197939395905,,
sampling_diff,77,baseline,hf,,EleutherAI/pythia-1.4b,top_p,,,0.9,1.0,128,,,3.7744133472442627,33.91255493875733,,,,,0.0,3.7744133472442627,0.0,0.0,1.0,0.0,0.029487604275345802,,
sampling_diff,77,baseline,hf,,EleutherAI/pythia-1.4b,top_p,,,0.9,1.0,128,,,3.7678611278533936,33.97152805175797,,,,,0.0,3.7678611278533936,0.0,0.0,1.0,0.0,0.029436415061354637,,
sampling_diff,77,baseline,manual,,EleutherAI/pythia-1.4b,top_p,,,0.9,1.0,128,,,3.623967409133911,35.32040593891285,,,,,0.0,3.623967409133911,0.0,0.0,1.0,0.0,0.02831224538385868,,
sampling_diff,77,baseline,manual,,EleutherAI/pythia-1.4b,top_p,,,0.9,1.0,128,,,3.7212517261505127,34.39702804851929,,,,,0.0,3.7212517261505127,0.0,0.0,1.0,0.0,0.02907227911055088,,
sampling_diff,77,baseline,manual,,EleutherAI/pythia-1.4b,top_p,,,0.9,1.0,128,,,3.6615004539489746,34.95834606874086,,,,,0.0,3.6615004539489746,0.0,0.0,1.0,0.0,0.028605472296476364,,
sampling_diff,77,speculative,manual,EleutherAI/pythia-31m,EleutherAI/pythia-1.4b,top_p,1,,0.9,1.0,128,0.6538461538461539,0.6538461538461539,5.91690468788147,21.63293254700542,78,51,27,78,0.6185548305511475,2.2095532417297363,2.7870616912841797,0.10454027285888548,0.37343059560434805,0.471033731030418,0.028663332263628643,0.00793019013527112,0.2766667204752695
sampling_diff,77,speculative,manual,EleutherAI/pythia-31m,EleutherAI/pythia-1.4b,top_p,1,,0.9,1.0,128,0.5058823529411764,0.5058823529411764,6.410944700241089,19.965856201378006,85,43,42,85,0.6942601203918457,2.3737094402313232,3.0114917755126953,0.10829295101636698,0.3702589167774381,0.46974227923061723,0.028663332263628643,0.008167766122257008,0.28495521899319487
sampling_diff,77,speculative,manual,EleutherAI/pythia-31m,EleutherAI/pythia-1.4b,top_p,1,,0.9,1.0,128,0.5542168674698795,0.5542168674698795,6.192111253738403,20.67146321421821,83,46,37,83,0.6696920394897461,2.2927489280700684,2.921766519546509,0.10815245593099261,0.37026933692217695,0.47185304007296897,0.028663332263628643,0.008068578789033085,0.2814947932369829
sampling_diff,77,speculative,manual,EleutherAI/pythia-31m,EleutherAI/pythia-1.4b,top_p,2,,0.9,1.0,128,0.4014084507042254,0.8028169014084507,6.225968599319458,20.55905004307142,142,57,50,71,1.146141529083252,2.2364675998687744,2.4596495628356934,0.1840904769755076,0.3592160101985153,0.39506295664654495,0.028663332263628643,0.00807141921889614,0.2815938895261697
sampling_diff,77,speculative,manual,EleutherAI/pythia-31m,EleutherAI/pythia-1.4b,top_p,2,,0.9,1.0,128,0.31645569620253167,0.6329113924050633,6.90393328666687,18.540155978505513,158,50,59,79,1.2213163375854492,2.4943745136260986,2.7566211223602295,0.17690152654633848,0.3612975980580992,0.39928269986094994,0.028663332263628643,0.00772985023788259,0.26967730642020016
sampling_diff,77,speculative,manual,EleutherAI/pythia-31m,EleutherAI/pythia-1.4b,top_p,2,,0.9,1.0,128,0.2727272727272727,0.5421686746987951,7.380612850189209,17.342733265939913,165,45,68,83,1.372788906097412,2.638861894607544,2.9324917793273926,0.18599931116319418,0.35753967159243344,0.39732361510497266,0.028663332263628643,0.00831993276422674,0.29026397516188424
sampling_diff,77,speculative,manual,EleutherAI/pythia-31m,EleutherAI/pythia-1.4b,top_p,4,,0.9,1.0,128,0.3056768558951965,1.206896551724138,5.944053888320923,21.534125094575387,229,70,50,58,1.7320444583892822,1.7920348644256592,1.9458627700805664,0.29139110965875686,0.301483616752989,0.32736290865462425,0.028663332263628643,0.00756351291873049,0.2638741667983925
sampling_diff,77,speculative,manual,EleutherAI/pythia-31m,EleutherAI/pythia-1.4b,top_p,4,,0.9,1.0,128,0.30042918454935624,1.1864406779661016,6.08867621421814,21.0226320954787,233,70,51,59,1.800696849822998,1.7885818481445312,2.0052504539489746,0.29574521397903397,0.2937554544233893,0.3293409574426636,0.028663332263628643,0.007728312660184541,0.26962366374935126
sampling_diff,77,speculative,manual,EleutherAI/pythia-31m,EleutherAI/pythia-1.4b,top_p,4,,0.9,1.0,128,0.213768115942029,0.8428571428571429,7.3197081089019775,17.487036107946818,276,59,63,70,2.12660551071167,2.1867763996124268,2.4425854682922363,0.29053146369666916,0.2987518582814722,0.33369984594353536,0.028663332263628643,0.007705092430114746,0.26881356149549507
sampling_diff,77,speculative,manual,EleutherAI/pythia-31m,EleutherAI/pythia-1.4b,top_p,6,,0.9,1.0,128,0.24115755627009647,1.4150943396226414,6.390758275985718,20.028922151692107,311,75,47,53,2.3745369911193848,1.662029504776001,1.7982170581817627,0.3715579417300263,0.26006765285135863,0.2813777302356822,0.028663332263628643,0.0076351671740173144,0.26637402461770643
sampling_diff,77,speculative,manual,EleutherAI/pythia-31m,EleutherAI/pythia-1.4b,top_p,6,,0.9,1.0,128,0.2188449848024316,1.2857142857142858,6.668543577194214,19.19459601909896,329,72,51,56,2.507707118988037,1.6703553199768066,1.9019699096679688,0.37605019596245237,0.2504827779320905,0.2852151879418656,0.028663332263628643,0.007622210088109535,0.26592198066871237
sampling_diff,77,speculative,manual,EleutherAI/pythia-31m,EleutherAI/pythia-1.4b,top_p,6,,0.9,1.0,128,0.2132132132132132,1.2456140350877194,6.780696868896484,18.877115800168664,333,71,54,57,2.4928410053253174,1.7175965309143066,1.9528753757476807,0.36763787756980376,0.2533067860315417,0.28800511415067853,0.028663332263628643,0.007486009025000953,0.26117022808614854
sampling_diff,77,speculative,manual,EleutherAI/pythia-31m,EleutherAI/pythia-1.4b,top_p,8,,0.9,1.0,128,0.1712962962962963,1.3454545454545455,7.472032785415649,17.130545820119778,432,74,53,55,3.2706127166748047,1.6295435428619385,1.8419075012207031,0.4377139140848763,0.21808570567872465,0.24650688161002798,0.028663332263628643,0.007570862770080566,0.2641305867876135
sampling_diff,77,speculative,manual,EleutherAI/pythia-31m,EleutherAI/pythia-1.4b,top_p,8,,0.9,1.0,128,0.30033003300330036,2.3947368421052633,5.233220815658569,24.459124602005154,303,91,34,38,2.277817964553833,1.140186071395874,1.2812795639038086,0.43526119856021844,0.21787463429486273,0.2448357539337975,0.028663332263628643,0.007517551038131462,0.26227065886790146
sampling_diff,77,speculative,manual,EleutherAI/pythia-31m,EleutherAI/pythia-1.4b,top_p,8,,0.9,1.0,128,0.08429752066115702,0.6623376623376623,10.445234298706055,12.254392418545988,605,51,77,77,4.545157194137573,2.357308864593506,2.5617730617523193,0.4351417176635878,0.22568271780035867,0.2452575967654138,0.028663332263628643,0.007512656519235658,0.2620998999745953
draft_target_interaction,80,baseline,hf,,EleutherAI/pythia-1.4b,greedy,,,,1.0,128,,,3.4561822414398193,37.035084106755946,,,,,0.0,3.4561822414398193,0.0,0.0,1.0,0.0,0.02700142376124859,,
draft_target_interaction,80,baseline,hf,,EleutherAI/pythia-1.4b,greedy,,,,1.0,128,,,3.574875831604004,35.80543941370068,,,,,0.0,3.574875831604004,0.0,0.0,1.0,0.0,0.02792871743440628,,
draft_target_interaction,80,baseline,hf,,EleutherAI/pythia-1.4b,greedy,,,,1.0,128,,,3.918165445327759,32.668349967874484,,,,,0.0,3.918165445327759,0.0,0.0,1.0,0.0,0.030610667541623116,,
draft_target_interaction,80,baseline,manual,,EleutherAI/pythia-1.4b,greedy,,,,1.0,128,,,3.8289339542388916,33.429670380784515,,,,,0.0,3.8289339542388916,0.0,0.0,1.0,0.0,0.02991354651749134,,
draft_target_interaction,80,baseline,manual,,EleutherAI/pythia-1.4b,greedy,,,,1.0,128,,,3.747800350189209,34.153366785810206,,,,,0.0,3.747800350189209,0.0,0.0,1.0,0.0,0.029279690235853195,,
draft_target_interaction,80,baseline,manual,,EleutherAI/pythia-1.4b,greedy,,,,1.0,128,,,3.8420002460479736,33.315979126150665,,,,,0.0,3.8420002460479736,0.0,0.0,1.0,0.0,0.030015626922249794,,
draft_target_interaction,80,speculative,manual,EleutherAI/pythia-31m,EleutherAI/pythia-1.4b,greedy,1,,,1.0,128,0.9393939393939394,0.9393939393939394,4.974254846572876,25.73249741882213,66,62,4,66,0.5690388679504395,1.9031105041503906,2.4586217403411865,0.11439680625581367,0.38259207918580634,0.4942693561499184,0.029736287891864777,0.008621801029552113,0.28994207551746415
draft_target_interaction,80,speculative,manual,EleutherAI/pythia-31m,EleutherAI/pythia-1.4b,greedy,1,,,1.0,128,0.9393939393939394,0.9393939393939394,4.958015441894531,25.81678123033221,66,62,4,66,0.5678410530090332,1.9058737754821777,2.431516408920288,0.11452990811824755,0.3844025493300834,0.49042130614889123,0.029736287891864777,0.008603652318318685,0.28933175349948315
draft_target_interaction,80,speculative,manual,EleutherAI/pythia-31m,EleutherAI/pythia-1.4b,greedy,1,,,1.0,128,0.9393939393939394,0.9393939393939394,4.900721073150635,26.118605423448393,66,62,4,66,0.5462684631347656,1.9091212749481201,2.3886616230010986,0.1114669565928946,0.3895592600459428,0.4874102376664026,0.029736287891864777,0.008276794895981297,0.27833988311115504
draft_target_interaction,80,speculative,manual,EleutherAI/pythia-31m,EleutherAI/pythia-1.4b,greedy,2,,,1.0,128,0.9333333333333333,1.8666666666666667,3.966853618621826,32.267386777047264,90,84,5,45,0.7580914497375488,1.5121443271636963,1.641158103942871,0.19110648453948417,0.3811948895883507,0.4137178382985168,0.029736287891864777,0.008423238330417209,0.28326462136256186
draft_target_interaction,80,speculative,manual,EleutherAI/pythia-31m,EleutherAI/pythia-1.4b,greedy,2,,,1.0,128,0.9333333333333333,1.8666666666666667,3.890817642211914,32.89796946824589,90,84,5,45,0.740880012512207,1.4849298000335693,1.6161773204803467,0.19041756274422045,0.381649806437444,0.4153824386283898,0.029736287891864777,0.008232000139024523,0.27683348267813296
draft_target_interaction,80,speculative,manual,EleutherAI/pythia-31m,EleutherAI/pythia-1.4b,greedy,2,,,1.0,128,0.9333333333333333,1.8666666666666667,3.9615743160247803,32.31038718174064,90,84,5,45,0.7487051486968994,1.5075581073760986,1.6559958457946777,0.18899182218249624,0.3805452042835459,0.4180145855389071,0.029736287891864777,0.008318946096632215,0.27975738353367585
draft_target_interaction,80,speculative,manual,EleutherAI/pythia-31m,EleutherAI/pythia-1.4b,greedy,4,,,1.0,128,0.853448275862069,3.413793103448276,3.119249105453491,41.0355170980776,116,99,6,29,0.9570837020874023,1.0254595279693604,1.0799241065979004,0.3068314423538985,0.32875204682322867,0.34621284485097126,0.029736287891864777,0.008250721569718986,0.2774630646475618
draft_target_interaction,80,speculative,manual,EleutherAI/pythia-31m,EleutherAI/pythia-1.4b,greedy,4,,,1.0,128,0.853448275862069,3.413793103448276,3.0546231269836426,41.903696357591755,116,99,6,29,0.9420859813690186,1.0060276985168457,1.0601694583892822,0.3084131633283687,0.3293459312966935,0.3470704614995077,0.029736287891864777,0.00812143087387085,0.2731151549044796
draft_target_interaction,80,speculative,manual,EleutherAI/pythia-31m,EleutherAI/pythia-1.4b,greedy,4,,,1.0,128,0.853448275862069,3.413793103448276,2.9969077110290527,42.71069126651499,116,99,6,29,0.9691720008850098,0.9862840175628662,1.0005459785461426,0.3233906727652363,0.32910056386895026,0.3338594561534174,0.029736287891864777,0.008354931042112154,0.2809675192981262
draft_target_interaction,80,speculative,manual,EleutherAI/pythia-31m,EleutherAI/pythia-1.4b,greedy,6,,,1.0,128,0.7737226277372263,4.608695652173913,2.6818532943725586,47.72818866288756,137,106,7,23,1.0681333541870117,0.7560820579528809,0.812708854675293,0.39828179879500464,0.28192521177030766,0.3030400120620441,0.029736287891864777,0.007796593826182567,0.26219122758478375
draft_target_interaction,80,speculative,manual,EleutherAI/pythia-31m,EleutherAI/pythia-1.4b,greedy,6,,,1.0,128,0.7737226277372263,4.608695652173913,2.7331910133361816,46.83170673964749,137,106,7,23,1.1387996673583984,0.7799723148345947,0.7769415378570557,0.41665571919481736,0.2853705836982636,0.28426170511540905,0.029736287891864777,0.0083124063310832,0.2795374581155202
draft_target_interaction,80,speculative,manual,EleutherAI/pythia-31m,EleutherAI/pythia-1.4b,greedy,6,,,1.0,128,0.7737226277372263,4.608695652173913,2.6477675437927246,48.34261236416917,137,106,7,23,1.073937177658081,0.7169547080993652,0.8058955669403076,0.40560100533589444,0.27077705887745057,0.30436794530154404,0.029736287891864777,0.007838957501153876,0.26361587329461017
draft_target_interaction,80,speculative,manual,EleutherAI/pythia-31m,EleutherAI/pythia-1.4b,greedy,8,,,1.0,128,0.7077922077922078,5.45,2.5979602336883545,49.26942234919312,154,109,7,20,1.2216417789459229,0.6693801879882812,0.6626484394073486,0.47023113098676794,0.25765605620450716,0.2550648892983935,0.029736287891864777,0.007932738824324175,0.266769640285007
draft_target_interaction,80,speculative,manual,EleutherAI/pythia-31m,EleutherAI/pythia-1.4b,greedy,8,,,1.0,128,0.7077922077922078,5.45,2.6397762298583984,48.48895847769116,154,109,7,20,1.2669999599456787,0.6733934879302979,0.6511256694793701,0.4799649097581436,0.25509491308906124,0.2466594183683128,0.029736287891864777,0.008227272467179731,0.2766744960600997
draft_target_interaction,80,speculative,manual,EleutherAI/pythia-31m,EleutherAI/pythia-1.4b,greedy,8,,,1.0,128,0.7077922077922078,5.45,2.9393374919891357,43.54722802293065,154,109,7,20,1.3519549369812012,0.7386128902435303,0.7847661972045898,0.4599522649800563,0.25128549962586616,0.26698744167465965,0.029736287891864777,0.008778928162215592,0.2952260952725482
draft_target_interaction,80,baseline,hf,,EleutherAI/pythia-1.4b,top_k,,50,,1.0,128,,,3.7806618213653564,33.85650609547876,,,,,0.0,3.7806618213653564,0.0,0.0,1.0,0.0,0.029536420479416847,,
draft_target_interaction,80,baseline,hf,,EleutherAI/pythia-1.4b,top_k,,50,,1.0,128,,,3.788590908050537,33.785648307397715,,,,,0.0,3.788590908050537,0.0,0.0,1.0,0.0,0.02959836646914482,,
draft_target_interaction,80,baseline,hf,,EleutherAI/pythia-1.4b,top_k,,50,,1.0,128,,,3.7399942874908447,34.224651205516935,,,,,0.0,3.7399942874908447,0.0,0.0,1.0,0.0,0.029218705371022224,,
draft_target_interaction,80,baseline,manual,,EleutherAI/pythia-1.4b,top_k,,50,,1.0,128,,,3.713960647583008,34.46455472900623,,,,,0.0,3.713960647583008,0.0,0.0,1.0,0.0,0.02901531755924225,,
draft_target_interaction,80,baseline,manual,,EleutherAI/pythia-1.4b,top_k,,50,,1.0,128,,,3.6433730125427246,35.13227977463342,,,,,0.0,3.6433730125427246,0.0,0.0,1.0,0.0,0.028463851660490036,,
draft_target_interaction,80,baseline,manual,,EleutherAI/pythia-1.4b,top_k,,50,,1.0,128,,,3.690793991088867,34.680884467961626,,,,,0.0,3.690793991088867,0.0,0.0,1.0,0.0,0.028834328055381775,,
draft_target_interaction,80,speculative,manual,EleutherAI/pythia-31m,EleutherAI/pythia-1.4b,top_k,1,50,,1.0,128,0.72,0.72,5.876742839813232,21.780772698243155,75,54,21,75,0.6168184280395508,2.163275718688965,2.6609737873077393,0.10495923419700866,0.3681079430655699,0.4527973845104148,0.028771165758371353,0.00822424570719401,0.28585027719292383
draft_target_interaction,80,speculative,manual,EleutherAI/pythia-31m,EleutherAI/pythia-1.4b,top_k,1,50,,1.0,128,0.47126436781609193,0.47126436781609193,6.82194709777832,18.762971650965355,87,41,46,87,0.677147626876831,2.4394407272338867,3.0571765899658203,0.09926016973912849,0.3575871656976541,0.4481384194494033,0.028771165758371353,0.007783306056055529,0.27052452866950216
draft_target_interaction,80,speculative,manual,EleutherAI/pythia-31m,EleutherAI/pythia-1.4b,top_k,1,50,,1.0,128,0.5058823529411764,0.5058823529411764,6.840900421142578,18.71098716835601,85,43,42,85,0.6850161552429199,2.3765618801116943,3.107114791870117,0.1001353788348972,0.34740483471542144,0.4541967578225853,0.028771165758371353,0.008059013591093175,0.28010730113527976
draft_target_interaction,80,speculative,manual,EleutherAI/pythia-31m,EleutherAI/pythia-1.4b,top_k,2,50,,1.0,128,0.3888888888888889,0.7777777777777778,6.662862777709961,19.21096145461874,144,56,49,72,1.1197235584259033,2.2920970916748047,2.5033812522888184,0.16805442281834815,0.34401085061256553,0.3757215683119975,0.028771165758371353,0.007775858044624329,0.2702656579830047
draft_target_interaction,80,speculative,manual,EleutherAI/pythia-31m,EleutherAI/pythia-1.4b,top_k,2,50,,1.0,128,0.532258064516129,1.064516129032258,5.7422568798065186,22.290887133616508,124,66,38,62,0.9806370735168457,1.9375197887420654,2.1772048473358154,0.17077554941253126,0.33741433539060844,0.37915490249004236,0.028771165758371353,0.007908363496103594,0.2748711526853079
draft_target_interaction,80,speculative,manual,EleutherAI/pythia-31m,EleutherAI/pythia-1.4b,top_k,2,50,,1.0,128,0.5491803278688525,1.098360655737705,5.690866947174072,22.492179344231772,122,67,37,61,0.9862067699432373,1.936767578125,2.108358860015869,0.1732964026567095,0.34032909152563223,0.37048113751153894,0.028771165758371353,0.00808366204871506,0.28096400808378824
draft_target_interaction,80,speculative,manual,EleutherAI/pythia-31m,EleutherAI/pythia-1.4b,top_k,4,50,,1.0,128,0.33031674208144796,1.3035714285714286,6.120195388793945,20.914364962002278,221,73,51,56,1.6706907749176025,1.697826623916626,1.8585798740386963,0.27297997347872766,0.2774137941780977,0.30367982653654313,0.028771165758371353,0.007559686764333043,0.2627521883479279
draft_target_interaction,80,speculative,manual,EleutherAI/pythia-31m,EleutherAI/pythia-1.4b,top_k,4,50,,1.0,128,0.23220973782771537,0.9253731343283582,7.409471035003662,17.275187310309356,267,62,58,67,2.0476479530334473,2.022362232208252,2.344050645828247,0.2763554838611276,0.27294286227103826,0.316358702902614,0.028771165758371353,0.00766909345705411,0.2665548390170004
draft_target_interaction,80,speculative,manual,EleutherAI/pythia-31m,EleutherAI/pythia-1.4b,top_k,4,50,,1.0,128,0.22761194029850745,0.8970588235294118,7.454652309417725,17.17048558231121,268,61,65,68,2.0378551483154297,2.087013006210327,2.3244168758392334,0.27336689408584963,0.2799611463533625,0.3118075504209252,0.028771165758371353,0.007603937120579962,0.2642901988900987
draft_target_interaction,80,speculative,manual,EleutherAI/pythia-31m,EleutherAI/pythia-1.4b,top_k,6,50,,1.0,128,0.24358974358974358,1.4615384615384615,6.659545660018921,19.22053042874344,312,76,52,52,2.3524229526519775,1.602604627609253,1.761908769607544,0.35324075736501426,0.24064774226725547,0.2645689149914978,0.028771165758371353,0.007539817155935826,0.26206157996020774
draft_target_interaction,80,speculative,manual,EleutherAI/pythia-31m,EleutherAI/pythia-1.4b,top_k,6,50,,1.0,128,0.16020671834625322,0.9253731343283582,8.182585954666138,15.642976524677717,387,62,65,67,2.8830182552337646,1.947524070739746,2.211958169937134,0.3523358350534304,0.23800838531114557,0.2703250759835599,0.028771165758371353,0.007449659574247454,0.2589279710391949
draft_target_interaction,80,speculative,manual,EleutherAI/pythia-31m,EleutherAI/pythia-1.4b,top_k,6,50,,1.0,128,0.25165562913907286,1.4615384615384615,6.535475492477417,19.58541503940041,302,76,51,52,2.303232192993164,1.5391290187835693,1.7417056560516357,0.3524199877490586,0.235503754937979,0.26650021992376927,0.028771165758371353,0.0076265966655402785,0.26507777716032305
draft_target_interaction,80,speculative,manual,EleutherAI/pythia-31m,EleutherAI/pythia-1.4b,top_k,8,50,,1.0,128,0.15765765765765766,1.206896551724138,8.151676893234253,15.702290666873429,444,70,58,58,3.3163797855377197,1.77164626121521,1.9593737125396729,0.40683405745513,0.2173351918162562,0.2403644965572566,0.028771165758371353,0.00746932384130117,0.2596114423736157
draft_target_interaction,80,speculative,manual,EleutherAI/pythia-31m,EleutherAI/pythia-1.4b,top_k,8,50,,1.0,128,0.15502183406113537,1.2241379310344827,8.12704586982727,15.749880344002595,458,71,57,58,3.3774702548980713,1.7604365348815918,1.8839128017425537,0.4155840029693169,0.2166145685749658,0.231807821921718,0.028771165758371353,0.007374389202834217,0.2563117971919
draft_target_interaction,80,speculative,manual,EleutherAI/pythia-31m,EleutherAI/pythia-1.4b,top_k,8,50,,1.0,128,0.19402985074626866,1.5294117647058822,7.0532777309417725,18.147591075065904,402,78,47,51,2.9950389862060547,1.4729735851287842,1.6546814441680908,0.4246308029339643,0.20883533036946056,0.23459751725204692,0.028771165758371353,0.007450345736830982,0.2589518200062229
draft_target_interaction,80,baseline,hf,,EleutherAI/pythia-1.4b,top_p,,,0.9,1.0,128,,,3.78079891204834,33.85527846828883,,,,,0.0,3.78079891204834,0.0,0.0,1.0,0.0,0.029537491500377655,,
draft_target_interaction,80,baseline,hf,,EleutherAI/pythia-1.4b,top_p,,,0.9,1.0,82,,,2.3610270023345947,34.73064895865994,,,,,0.0,2.3610270023345947,0.0,0.0,1.0,0.0,0.02879301222359262,,
draft_target_interaction,80,baseline,hf,,EleutherAI/pythia-1.4b,top_p,,,0.9,1.0,128,,,3.749277114868164,34.13991446308467,,,,,0.0,3.749277114868164,0.0,0.0,1.0,0.0,0.029291227459907532,,
draft_target_interaction,80,baseline,manual,,EleutherAI/pythia-1.4b,top_p,,,0.9,1.0,128,,,3.7748332023620605,33.90878302116909,,,,,0.0,3.7748332023620605,0.0,0.0,1.0,0.0,0.029490884393453598,,
draft_target_interaction,80,baseline,manual,,EleutherAI/pythia-1.4b,top_p,,,0.9,1.0,128,,,3.7367844581604004,34.25404955334612,,,,,0.0,3.7367844581604004,0.0,0.0,1.0,0.0,0.029193628579378128,,
draft_target_interaction,80,baseline,manual,,EleutherAI/pythia-1.4b,top_p,,,0.9,1.0,128,,,3.689213514328003,34.69574192517709,,,,,0.0,3.689213514328003,0.0,0.0,1.0,0.0,0.028821980580687523,,
draft_target_interaction,80,speculative,manual,EleutherAI/pythia-31m,EleutherAI/pythia-1.4b,top_p,1,,0.9,1.0,128,0.6842105263157895,0.6842105263157895,5.738749027252197,22.304512602337727,76,52,24,76,0.6238338947296143,2.1164426803588867,2.7094552516937256,0.10870555442782896,0.3687986127827361,0.472133428178694,0.029168831184506416,0.008208340720126503,0.28140794083262827
draft_target_interaction,80,speculative,manual,EleutherAI/pythia-31m,EleutherAI/pythia-1.4b,top_p,1,,0.9,1.0,128,0.47126436781609193,0.47126436781609193,6.577629327774048,19.4598986384836,87,41,46,87,0.6996381282806396,2.4216830730438232,3.108302593231201,0.10636630515593465,0.3681695869997209,0.4725566672032414,0.029168831184506416,0.008041817566444134,0.27569899923572183
draft_target_interaction,80,speculative,manual,EleutherAI/pythia-31m,EleutherAI/pythia-1.4b,top_p,1,,0.9,1.0,128,0.449438202247191,0.449438202247191,6.6788318157196045,19.16502818632644,89,40,49,89,0.6923067569732666,2.5222198963165283,3.129436492919922,0.10365686336700704,0.3776438703517157,0.4685604577666317,0.029168831184506416,0.007778727606441198,0.2666794413954104
draft_target_interaction,80,speculative,manual,EleutherAI/pythia-31m,EleutherAI/pythia-1.4b,top_p,2,,0.9,1.0,128,0.4244604316546763,0.8428571428571429,6.057622671127319,21.130401635957178,139,59,49,70,1.0888786315917969,2.22119140625,2.3673131465911865,0.17975345951832905,0.3666770822218674,0.39079904363713547,0.029168831184506416,0.00783365922008487,0.26856267124772104
draft_target_interaction,80,speculative,manual,EleutherAI/pythia-31m,EleutherAI/pythia-1.4b,top_p,2,,0.9,1.0,128,0.4444444444444444,0.8823529411764706,6.002337694168091,21.325024768993856,135,60,48,68,1.0742251873016357,2.1429381370544434,2.395188093185425,0.17896780255222222,0.35701725664927775,0.3990425422935808,0.029168831184506416,0.007957223609641746,0.2727988502284719
draft_target_interaction,80,speculative,manual,EleutherAI/pythia-31m,EleutherAI/pythia-1.4b,top_p,2,,0.9,1.0,128,0.4846153846153846,0.9692307692307692,5.813263893127441,22.01861163593901,130,63,42,65,1.023533582687378,2.08347749710083,2.346468210220337,0.1760686597932394,0.3584006395381361,0.4036404081009258,0.029168831184506416,0.007873335251441368,0.26992289137808995
draft_target_interaction,80,speculative,manual,EleutherAI/pythia-31m,EleutherAI/pythia-1.4b,top_p,4,,0.9,1.0,128,0.20422535211267606,0.8169014084507042,7.431880712509155,17.223096676532176,284,58,66,71,2.20607852935791,2.2002646923065186,2.4697415828704834,0.29683987333713446,0.29605758991840225,0.33231717224867136,0.029168831184506416,0.007767882145626444,0.2663076246179005
draft_target_interaction,80,speculative,manual,EleutherAI/pythia-31m,EleutherAI/pythia-1.4b,top_p,4,,0.9,1.0,128,0.22846441947565543,0.8970588235294118,7.087655544281006,18.05956838623211,267,61,65,68,2.0843822956085205,2.0837860107421875,2.3583197593688965,0.2940862860202621,0.2940021559630651,0.3327362263353519,0.029168831184506416,0.007806675264451388,0.2676375757078005
draft_target_interaction,80,speculative,manual,EleutherAI/pythia-31m,EleutherAI/pythia-1.4b,top_p,4,,0.9,1.0,128,0.2768595041322314,1.098360655737705,6.366440534591675,20.105426148963403,242,67,56,61,1.9088950157165527,1.8476474285125732,2.099360227584839,0.29983709191104285,0.2902167103381381,0.32975415637326544,0.029168831184506416,0.007887995932713028,0.27042550600734694
draft_target_interaction,80,speculative,manual,EleutherAI/pythia-31m,EleutherAI/pythia-1.4b,top_p,6,,0.9,1.0,128,0.1752021563342318,1.0317460317460319,7.616031646728516,16.806652852471103,371,65,63,63,2.8388991355895996,1.9507112503051758,2.138561487197876,0.37275306449245854,0.25613224061944495,0.2807973478046799,0.029168831184506416,0.007652019233395147,0.26233547669402896
draft_target_interaction,80,speculative,manual,EleutherAI/pythia-31m,EleutherAI/pythia-1.4b,top_p,6,,0.9,1.0,128,0.1863013698630137,1.1147540983606556,7.3547139167785645,17.40380407020172,365,68,59,61,2.812941312789917,1.8696010112762451,2.010240316390991,0.38246780834977906,0.25420445070080283,0.27332678594132126,0.029168831184506416,0.007706688528191554,0.26420971342468835
draft_target_interaction,80,speculative,manual,EleutherAI/pythia-31m,EleutherAI/pythia-1.4b,top_p,6,,0.9,1.0,128,0.14009661835748793,0.8285714285714286,8.373391389846802,15.286518214735196,414,58,68,70,3.13826847076416,2.163811206817627,2.338223934173584,0.37479061047707424,0.2584151517677016,0.27924455281151783,0.029168831184506416,0.007580358625034203,0.25987872387086447
draft_target_interaction,80,speculative,manual,EleutherAI/pythia-31m,EleutherAI/pythia-1.4b,top_p,8,,0.9,1.0,128,0.14078674948240166,1.1147540983606556,8.64853549003601,14.800193645209523,483,68,60,61,3.8191702365875244,1.939331293106079,2.0506510734558105,0.441597336449344,0.22423811468894186,0.23710963270236543,0.029168831184506416,0.007907184754839595,0.27108335965959607
draft_target_interaction,80,speculative,manual,EleutherAI/pythia-31m,EleutherAI/pythia-1.4b,top_p,8,,0.9,1.0,128,0.11401869158878504,0.9104477611940298,9.448596954345703,13.546984871772821,535,61,67,67,4.120680809020996,2.057178020477295,2.360654592514038,0.436115629540719,0.21772312126523027,0.24984181290834928,0.029168831184506416,0.007702207119665413,0.26405607653407065
draft_target_interaction,80,speculative,manual,EleutherAI/pythia-31m,EleutherAI/pythia-1.4b,top_p,8,,0.9,1.0,128,0.32857142857142857,2.5555555555555554,5.160479307174683,24.803897541462845,280,92,32,36,2.231126070022583,1.1606817245483398,1.2516424655914307,0.4323486128353657,0.22491742635894862,0.2425438396490139,0.029168831184506416,0.007968307392937796,0.2731788374561376
low_acceptance_reason,73,baseline,hf,,EleutherAI/pythia-1.4b,greedy,,,,1.0,128,,,3.6242146492004395,35.31799641840719,,,,,0.0,3.6242146492004395,0.0,0.0,1.0,0.0,0.028314176946878433,,
low_acceptance_reason,73,baseline,hf,,EleutherAI/pythia-1.4b,greedy,,,,1.0,128,,,3.6595726013183594,34.97676202786305,,,,,0.0,3.6595726013183594,0.0,0.0,1.0,0.0,0.028590410947799683,,
low_acceptance_reason,73,baseline,hf,,EleutherAI/pythia-1.4b,greedy,,,,1.0,128,,,3.7635746002197266,34.01021996283189,,,,,0.0,3.7635746002197266,0.0,0.0,1.0,0.0,0.029402926564216614,,
low_acceptance_reason,73,baseline,manual,,EleutherAI/pythia-1.4b,greedy,,,,1.0,128,,,3.787867546081543,33.79210028936014,,,,,0.0,3.787867546081543,0.0,0.0,1.0,0.0,0.029592715203762054,,
low_acceptance_reason,73,baseline,manual,,EleutherAI/pythia-1.4b,greedy,,,,1.0,128,,,3.8125221729278564,33.57357523292813,,,,,0.0,3.8125221729278564,0.0,0.0,1.0,0.0,0.02978532947599888,,
low_acceptance_reason,73,baseline,manual,,EleutherAI/pythia-1.4b,greedy,,,,1.0,128,,,3.7787890434265137,33.87328547029255,,,,,0.0,3.7787890434265137,0.0,0.0,1.0,0.0,0.029521789401769638,,
low_acceptance_reason,73,speculative,manual,EleutherAI/pythia-31m,EleutherAI/pythia-1.4b,greedy,1,,,1.0,128,0.7671232876712328,0.7671232876712328,5.70896577835083,22.420873581935506,73,56,17,73,0.6191391944885254,2.2167584896087646,2.8169140815734863,0.10845032507225476,0.3882942332593782,0.49341933214166483,0.029633278027176857,0.008481358828609937,0.2862106183741006
low_acceptance_reason,73,speculative,manual,EleutherAI/pythia-31m,EleutherAI/pythia-1.4b,greedy,1,,,1.0,128,0.7671232876712328,0.7671232876712328,5.627065896987915,22.747201177884996,73,56,17,73,0.6308920383453369,2.1831936836242676,2.7528724670410156,0.11211740717005715,0.3879808275913205,0.4892198736315826,0.029633278027176857,0.008642356689662149,0.2916436271996703
low_acceptance_reason,73,speculative,manual,EleutherAI/pythia-31m,EleutherAI/pythia-1.4b,greedy,1,,,1.0,128,0.7671232876712328,0.7671232876712328,5.445512533187866,23.505592764666233,73,56,17,73,0.6084673404693604,2.1238412857055664,2.662200689315796,0.11173738684118986,0.39001678405140777,0.48887972860055334,0.029633278027176857,0.008335169047525483,0.2812773207162991
low_acceptance_reason,73,speculative,manual,EleutherAI/pythia-31m,EleutherAI/pythia-1.4b,greedy,2,,,1.0,128,0.6788990825688074,1.3454545454545455,4.796233892440796,26.687605915494878,109,74,24,55,0.8971529006958008,1.8278396129608154,2.0079405307769775,0.187053617654005,0.38109893177678844,0.4186494186494186,0.029633278027176857,0.00823076055684221,0.27775396799819885
low_acceptance_reason,73,speculative,manual,EleutherAI/pythia-31m,EleutherAI/pythia-1.4b,greedy,2,,,1.0,128,0.6788990825688074,1.3454545454545455,4.838970899581909,26.45190530305923,109,74,24,55,0.8953487873077393,1.8462131023406982,2.0265443325042725,0.18502876043025968,0.3815301105654949,0.4187965529363625,0.029633278027176857,0.008214209057869168,0.27719542368332883
low_acceptance_reason,73,speculative,manual,EleutherAI/pythia-31m,EleutherAI/pythia-1.4b,greedy,2,,,1.0,128,0.6788990825688074,1.3454545454545455,4.875899314880371,26.25156750250501,109,74,24,55,0.8990685939788818,1.8709769248962402,2.042670488357544,0.18439031159546004,0.3837193518714289,0.41893204851947613,0.029633278027176857,0.008248335724576897,0.2783470568801838
low_acceptance_reason,73,speculative,manual,EleutherAI/pythia-31m,EleutherAI/pythia-1.4b,greedy,4,,,1.0,128,0.4941860465116279,1.9318181818181819,4.530879497528076,28.250585801240863,172,85,33,44,1.4201774597167969,1.4747860431671143,1.5536048412322998,0.3134441029587317,0.32549663789816463,0.34289255365981464,0.029633278027176857,0.008256845696027889,0.2786342330556709
low_acceptance_reason,73,speculative,manual,EleutherAI/pythia-31m,EleutherAI/pythia-1.4b,greedy,4,,,1.0,128,0.4941860465116279,1.9318181818181819,4.634297847747803,27.620149633283933,172,85,33,44,1.42779541015625,1.5214283466339111,1.608398199081421,0.30809314745493466,0.3282974889870969,0.347064054129166,0.029633278027176857,0.008301136105559593,0.28012885034003226
low_acceptance_reason,73,speculative,manual,EleutherAI/pythia-31m,EleutherAI/pythia-1.4b,greedy,4,,,1.0,128,0.4941860465116279,1.9318181818181819,4.6584107875823975,27.47718177649784,172,85,33,44,1.4494831562042236,1.463545799255371,1.6769330501556396,0.3111540012890255,0.31417276534663785,0.3599796425479959,0.029633278027176857,0.008427227652350138,0.2843839161034252
low_acceptance_reason,73,speculative,manual,EleutherAI/pythia-31m,EleutherAI/pythia-1.4b,greedy,6,,,1.0,128,0.3651452282157676,2.1463414634146343,4.900025844573975,26.122311199999142,241,88,35,41,1.9415645599365234,1.3772292137145996,1.4878077507019043,0.3962355753871192,0.2810657040186164,0.303632633356296,0.029633278027176857,0.008056284481064413,0.2718661254308736
low_acceptance_reason,73,speculative,manual,EleutherAI/pythia-31m,EleutherAI/pythia-1.4b,greedy,6,,,1.0,128,0.3651452282157676,2.1463414634146343,4.8567283153533936,26.355190508671935,241,88,35,41,1.9341564178466797,1.344062328338623,1.4883153438568115,0.39824266301499783,0.2767423337413561,0.3064440189400457,0.029633278027176857,0.00802554530226838,0.27082880587520913
low_acceptance_reason,73,speculative,manual,EleutherAI/pythia-31m,EleutherAI/pythia-1.4b,greedy,6,,,1.0,128,0.3651452282157676,2.1463414634146343,4.750127553939819,26.946644810376743,241,88,35,41,1.9089140892028809,1.3215837478637695,1.4321060180664062,0.40186585886932696,0.27822068625665225,0.3014879078096752,0.029633278027176857,0.007920805349389546,0.26729426768531406
low_acceptance_reason,73,speculative,manual,EleutherAI/pythia-31m,EleutherAI/pythia-1.4b,greedy,8,,,1.0,128,0.29508196721311475,2.3076923076923075,5.1633875370025635,24.789926977727152,305,90,33,39,2.417814254760742,1.2703661918640137,1.3814418315887451,0.46826124079083276,0.24603347758814234,0.26754564163330186,0.029633278027176857,0.007927259851674565,0.26751208031741974
low_acceptance_reason,73,speculative,manual,EleutherAI/pythia-31m,EleutherAI/pythia-1.4b,greedy,8,,,1.0,128,0.29508196721311475,2.3076923076923075,5.055039405822754,25.321266507351158,305,90,33,39,2.3839590549468994,1.2505478858947754,1.3321473598480225,0.4716004888509644,0.247386377335517,0.263528580670125,0.029633278027176857,0.007816259196547212,0.263766269441365
low_acceptance_reason,73,speculative,manual,EleutherAI/pythia-31m,EleutherAI/pythia-1.4b,greedy,8,,,1.0,128,0.29508196721311475,2.3076923076923075,5.176377058029175,24.727719515999482,305,90,33,39,2.452547311782837,1.2787532806396484,1.3530550003051758,0.4737961095740978,0.24703634729547966,0.26139034794739824,0.029633278027176857,0.008041138727156843,0.27135501917075344
low_acceptance_reason,73,baseline,hf,,EleutherAI/pythia-1.4b,top_k,,50,,1.0,128,,,3.755824089050293,34.08040338555004,,,,,0.0,3.755824089050293,0.0,0.0,1.0,0.0,0.029342375695705414,,
low_acceptance_reason,73,baseline,hf,,EleutherAI/pythia-1.4b,top_k,,50,,1.0,128,,,3.8289248943328857,33.42974948123172,,,,,0.0,3.8289248943328857,0.0,0.0,1.0,0.0,0.02991347573697567,,
low_acceptance_reason,73,baseline,hf,,EleutherAI/pythia-1.4b,top_k,,50,,1.0,128,,,3.869547128677368,33.07880631596056,,,,,0.0,3.869547128677368,0.0,0.0,1.0,0.0,0.03023083694279194,,
low_acceptance_reason,73,baseline,manual,,EleutherAI/pythia-1.4b,top_k,,50,,1.0,128,,,3.995718479156494,32.03428886887475,,,,,0.0,3.995718479156494,0.0,0.0,1.0,0.0,0.03121655061841011,,
low_acceptance_reason,73,baseline,manual,,EleutherAI/pythia-1.4b,top_k,,50,,1.0,128,,,3.93479061126709,32.530320580078126,,,,,0.0,3.93479061126709,0.0,0.0,1.0,0.0,0.03074055165052414,,
low_acceptance_reason,73,baseline,manual,,EleutherAI/pythia-1.4b,top_k,,50,,1.0,128,,,3.8837573528289795,32.95777474531542,,,,,0.0,3.8837573528289795,0.0,0.0,1.0,0.0,0.030341854318976402,,
low_acceptance_reason,73,speculative,manual,EleutherAI/pythia-31m,EleutherAI/pythia-1.4b,top_k,1,50,,1.0,128,0.5357142857142857,0.5357142857142857,7.310447454452515,17.509188158112003,84,45,39,84,0.7464821338653564,2.6263034343719482,3.2323973178863525,0.10211168858216779,0.3592534452555797,0.44216135031756815,0.030766318862636883,0.008886692069825671,0.28884482766697883
low_acceptance_reason,73,speculative,manual,EleutherAI/pythia-31m,EleutherAI/pythia-1.4b,top_k,1,50,,1.0,128,0.5058823529411764,0.5058823529411764,7.063794851303101,18.120571547514164,85,43,42,85,0.707108736038208,2.523521900177002,3.109511613845825,0.10010323783791136,0.3572473370615333,0.44020412247280866,0.030766318862636883,0.008318926306331858,0.2703906939102324
low_acceptance_reason,73,speculative,manual,EleutherAI/pythia-31m,EleutherAI/pythia-1.4b,top_k,1,50,,1.0,128,0.5176470588235295,0.5176470588235295,6.984779596328735,18.32556034656813,85,44,41,85,0.6974003314971924,2.477083444595337,3.1394107341766357,0.09984571766069074,0.35464017302669293,0.44946453798295066,0.030766318862636883,0.008204709782319911,0.26667830555067945
low_acceptance_reason,73,speculative,manual,EleutherAI/pythia-31m,EleutherAI/pythia-1.4b,top_k,2,50,,1.0,128,0.3888888888888889,0.7777777777777778,7.044080018997192,18.171287045972868,144,56,49,72,1.1835920810699463,2.395346164703369,2.569815158843994,0.1680264957067374,0.34005095885386816,0.36481913208161393,0.030766318862636883,0.008219389451874627,0.2671554399657603
low_acceptance_reason,73,speculative,manual,EleutherAI/pythia-31m,EleutherAI/pythia-1.4b,top_k,2,50,,1.0,128,0.35570469798657717,0.7066666666666667,7.265335321426392,17.617906722420894,149,53,58,75,1.2088396549224854,2.384732723236084,2.750072956085205,0.16638456470927976,0.3282343646552976,0.37851975640751123,0.030766318862636883,0.008113017818271714,0.2636980346753246
low_acceptance_reason,73,speculative,manual,EleutherAI/pythia-31m,EleutherAI/pythia-1.4b,top_k,2,50,,1.0,128,0.4732824427480916,0.9393939393939394,6.4731152057647705,19.7740957686041,131,62,42,66,1.1113255023956299,2.1756691932678223,2.4203555583953857,0.17168325714424412,0.3361085233474964,0.37390892660768443,0.030766318862636883,0.00848340078164603,0.275736620280186
low_acceptance_reason,73,speculative,manual,EleutherAI/pythia-31m,EleutherAI/pythia-1.4b,top_k,4,50,,1.0,128,0.27125506072874495,1.0806451612903225,7.317218780517578,17.49298522285622,247,67,55,62,1.9530034065246582,1.9965696334838867,2.315575122833252,0.26690515414471644,0.272859086679196,0.31645563598543397,0.030766318862636883,0.007906896382690924,0.2569984539909709
low_acceptance_reason,73,speculative,manual,EleutherAI/pythia-31m,EleutherAI/pythia-1.4b,top_k,4,50,,1.0,128,0.4426229508196721,1.7234042553191489,5.407020568847656,23.672926405619233,183,81,36,47,1.4924342632293701,1.5354118347167969,1.673779010772705,0.27601786311448,0.28396633879349636,0.3095566198538469,0.030766318862636883,0.008155378487592187,0.26507488672933865
low_acceptance_reason,73,speculative,manual,EleutherAI/pythia-31m,EleutherAI/pythia-1.4b,top_k,4,50,,1.0,128,0.21897810218978103,0.8695652173913043,8.092445373535156,15.817221382624378,274,60,64,69,2.219221591949463,2.2401390075683594,2.5276386737823486,0.2742337438825372,0.27681855164500946,0.31234547248826944,0.030766318862636883,0.008099348875727967,0.26325375199708884
low_acceptance_reason,73,speculative,manual,EleutherAI/pythia-31m,EleutherAI/pythia-1.4b,top_k,6,50,,1.0,128,0.2246153846153846,1.3272727272727274,7.311687231063843,17.506219283586088,325,73,54,55,2.634451150894165,1.7328777313232422,1.8944511413574219,0.36030687140194523,0.23700107465771758,0.2590990398643982,0.030766318862636883,0.008106003541212815,0.2634700490950471
low_acceptance_reason,73,speculative,manual,EleutherAI/pythia-31m,EleutherAI/pythia-1.4b,top_k,6,50,,1.0,128,0.2435064935064935,1.4150943396226414,6.923376798629761,18.488088070742172,308,75,50,53,2.4423797130584717,1.6682167053222656,1.8597626686096191,0.3527729002907736,0.24095419819594832,0.26862075006197755,0.030766318862636883,0.007929804263176856,0.2577430305712309
low_acceptance_reason,73,speculative,manual,EleutherAI/pythia-31m,EleutherAI/pythia-1.4b,top_k,6,50,,1.0,128,0.1994219653179191,1.1694915254237288,7.964223146438599,16.07187514041949,346,69,57,59,2.796678066253662,1.9518566131591797,2.091569185256958,0.35115516163108346,0.24507809202106562,0.26262061557030275,0.030766318862636883,0.008082884584548157,0.2627186118897098
low_acceptance_reason,73,speculative,manual,EleutherAI/pythia-31m,EleutherAI/pythia-1.4b,top_k,8,50,,1.0,128,0.20833333333333334,1.6326530612244898,7.413301229476929,17.266261822876377,384,80,48,49,3.004648208618164,1.5946178436279297,1.7306971549987793,0.40530502074716956,0.2151022593399248,0.23345836104934517,0.030766318862636883,0.007824604709943136,0.25432372149810434
low_acceptance_reason,73,speculative,manual,EleutherAI/pythia-31m,EleutherAI/pythia-1.4b,top_k,8,50,,1.0,128,0.14285714285714285,1.1147540983606556,8.998452425003052,14.224668193426226,476,68,60,61,3.6995668411254883,1.924156904220581,2.1137514114379883,0.41113367792509425,0.21383198058303102,0.23490165993040424,0.030766318862636883,0.00777219924606195,0.2526203827231549
low_acceptance_reason,73,speculative,manual,EleutherAI/pythia-31m,EleutherAI/pythia-1.4b,top_k,8,50,,1.0,128,0.1864406779661017,1.4807692307692308,7.83888840675354,16.328845795243428,413,77,49,52,3.232297420501709,1.6541433334350586,1.9253041744232178,0.4123412979979337,0.21101758917883598,0.2456093357273061,0.030766318862636883,0.007826386006057407,0.25438161910107154
low_acceptance_reason,73,baseline,hf,,EleutherAI/pythia-1.4b,top_p,,,0.9,1.0,128,,,3.7180874347686768,34.42630176015847,,,,,0.0,3.7180874347686768,0.0,0.0,1.0,0.0,0.029047558084130287,,
low_acceptance_reason,73,baseline,hf,,EleutherAI/pythia-1.4b,top_p,,,0.9,1.0,128,,,3.6888670921325684,34.69900020876111,,,,,0.0,3.6888670921325684,0.0,0.0,1.0,0.0,0.02881927415728569,,
low_acceptance_reason,73,baseline,hf,,EleutherAI/pythia-1.4b,top_p,,,0.9,1.0,128,,,3.683410406112671,34.75040407867183,,,,,0.0,3.683410406112671,0.0,0.0,1.0,0.0,0.02877664379775524,,
low_acceptance_reason,73,baseline,manual,,EleutherAI/pythia-1.4b,top_p,,,0.9,1.0,128,,,3.636075496673584,35.20278941322839,,,,,0.0,3.636075496673584,0.0,0.0,1.0,0.0,0.028406839817762375,,
low_acceptance_reason,73,baseline,manual,,EleutherAI/pythia-1.4b,top_p,,,0.9,1.0,128,,,3.6108720302581787,35.44850078523773,,,,,0.0,3.6108720302581787,0.0,0.0,1.0,0.0,0.02820993773639202,,
low_acceptance_reason,73,baseline,manual,,EleutherAI/pythia-1.4b,top_p,,,0.9,1.0,128,,,3.7484066486358643,34.14784253639671,,,,,0.0,3.7484066486358643,0.0,0.0,1.0,0.0,0.02928442694246769,,
low_acceptance_reason,73,speculative,manual,EleutherAI/pythia-31m,EleutherAI/pythia-1.4b,top_p,1,,0.9,1.0,128,0.6,0.6,5.958477020263672,21.481999437892572,80,48,32,80,0.6355175971984863,2.2150535583496094,2.8083322048187256,0.10665772395147438,0.3717482757450644,0.4713171159791521,0.028633734832207363,0.00794396996498108,0.2774339432677034
low_acceptance_reason,73,speculative,manual,EleutherAI/pythia-31m,EleutherAI/pythia-1.4b,top_p,1,,0.9,1.0,128,0.5238095238095238,0.5238095238095238,6.615240573883057,19.349258514549494,84,44,40,84,0.7275083065032959,2.4959845542907715,3.0575990676879883,0.10997458042198734,0.37730820616636507,0.46220527183234683,0.028633734832207363,0.008660813172658285,0.30246886141155993
low_acceptance_reason,73,speculative,manual,EleutherAI/pythia-31m,EleutherAI/pythia-1.4b,top_p,1,,0.9,1.0,128,0.4883720930232558,0.4883720930232558,6.547225475311279,19.55026606043599,86,42,44,86,0.6713776588439941,2.4255168437957764,3.133758306503296,0.10254384263619307,0.3704648408615343,0.4786391301659434,0.028633734832207363,0.007806716963302257,0.2726405412723605
low_acceptance_reason,73,speculative,manual,EleutherAI/pythia-31m,EleutherAI/pythia-1.4b,top_p,2,,0.9,1.0,128,0.5666666666666667,1.1333333333333333,5.2345380783081055,24.45296950468872,120,68,32,60,0.9696018695831299,1.8565516471862793,2.078796148300171,0.18523160116098003,0.35467344384785704,0.3971307720378785,0.028633734832207363,0.008080015579859415,0.2821851786785067
low_acceptance_reason,73,speculative,manual,EleutherAI/pythia-31m,EleutherAI/pythia-1.4b,top_p,2,,0.9,1.0,128,0.4411764705882353,0.8823529411764706,5.889999628067017,21.731750098939667,136,60,51,68,1.066711187362671,2.1076302528381348,2.3400728702545166,0.1811054761836623,0.35783198402846383,0.39729592835687205,0.028633734832207363,0.007843464612960815,0.2739239103429305
low_acceptance_reason,73,speculative,manual,EleutherAI/pythia-31m,EleutherAI/pythia-1.4b,top_p,2,,0.9,1.0,128,0.427536231884058,0.855072463768116,5.990750074386597,21.36627273891177,138,59,49,69,1.082536220550537,2.1356327533721924,2.3924622535705566,0.1807012823283869,0.35648837405237,0.39935938302609375,0.028633734832207363,0.007844465366308239,0.27395886049362816
low_acceptance_reason,73,speculative,manual,EleutherAI/pythia-31m,EleutherAI/pythia-1.4b,top_p,4,,0.9,1.0,128,0.23574144486692014,0.9393939393939394,6.871677875518799,18.627182810186113,263,62,60,66,2.0569777488708496,2.0337681770324707,2.2297780513763428,0.29934141066173764,0.29596384083689675,0.32448815147756016,0.028633734832207363,0.007821208170611596,0.2731466298910564
low_acceptance_reason,73,speculative,manual,EleutherAI/pythia-31m,EleutherAI/pythia-1.4b,top_p,4,,0.9,1.0,128,0.3842364532019704,1.5294117647058822,5.2293922901153564,24.47703153613982,203,78,41,51,1.539186716079712,1.5339345932006836,1.725888967514038,0.29433376398039524,0.2933294172824136,0.3300362397321633,0.028633734832207363,0.007582200571821241,0.26479956653411296
low_acceptance_reason,73,speculative,manual,EleutherAI/pythia-31m,EleutherAI/pythia-1.4b,top_p,4,,0.9,1.0,128,0.296137339055794,1.1694915254237288,6.13499903678894,20.86389895620835,233,69,57,59,1.7405760288238525,1.8557965755462646,2.04020357131958,0.2837125186795254,0.3024933768396464,0.332551571578962,0.028633734832207363,0.007470283385510096,0.2608909885240498
low_acceptance_reason,73,speculative,manual,EleutherAI/pythia-31m,EleutherAI/pythia-1.4b,top_p,6,,0.9,1.0,128,0.16321243523316062,0.9545454545454546,7.972509860992432,16.055169856392794,386,63,63,66,2.9461071491241455,2.0767529010772705,2.2483556270599365,0.3695332085493851,0.2604892232543131,0.282013527265811,0.028633734832207363,0.007632401940736128,0.2665527911556674
low_acceptance_reason,73,speculative,manual,EleutherAI/pythia-31m,EleutherAI/pythia-1.4b,top_p,6,,0.9,1.0,128,0.21951219512195122,1.2857142857142858,6.584617853164673,19.439245048743587,328,72,54,56,2.4234676361083984,1.7189316749572754,1.854118824005127,0.3680498534844571,0.2610526097776698,0.28158336069784334,0.028633734832207363,0.007388620841793898,0.2580390188388258
low_acceptance_reason,73,speculative,manual,EleutherAI/pythia-31m,EleutherAI/pythia-1.4b,top_p,6,,0.9,1.0,128,0.23659305993690852,1.3888888888888888,6.364427089691162,20.111786684983656,317,75,49,54,2.368000030517578,1.5999600887298584,1.83036470413208,0.37206805846722124,0.25139106257048777,0.2875930037908408,0.028633734832207363,0.007470031642011287,0.26088219667414675
low_acceptance_reason,73,speculative,manual,EleutherAI/pythia-31m,EleutherAI/pythia-1.4b,top_p,8,,0.9,1.0,128,0.15,1.1694915254237288,7.908297777175903,16.185531147982328,460,69,58,59,3.3963639736175537,1.780060052871704,1.9851129055023193,0.4294683975380621,0.22508763617995342,0.2510164590958554,0.028633734832207363,0.007383399942646856,0.25785668498759623
low_acceptance_reason,73,speculative,manual,EleutherAI/pythia-31m,EleutherAI/pythia-1.4b,top_p,8,,0.9,1.0,128,0.13157894736842105,1.015625,8.521133661270142,15.021475438389098,494,65,63,64,3.6867926120758057,1.9158401489257812,2.1236538887023926,0.4326645677244617,0.22483395110131513,0.24922199006861318,0.028633734832207363,0.007463142939424708,0.2606416167209221
low_acceptance_reason,73,speculative,manual,EleutherAI/pythia-31m,EleutherAI/pythia-1.4b,top_p,8,,0.9,1.0,128,0.1364562118126273,1.0806451612903225,8.410138130187988,15.219726242134726,491,67,61,62,3.637683153152466,1.890235185623169,2.071247100830078,0.4325354823953592,0.22475673483152617,0.2462797957378829,0.028633734832207363,0.007408723326176102,0.2587410748053284
