prompt_id,prompt_chars,mode,baseline_impl,draft_model,target_model,strategy,candidate_length_k,top_k,top_p,temperature,generated_tokens,acceptance_rate,top1_match_rate,avg_accepted_prefix_length,total_generation_time,tokens_per_s,proposed_tokens,accepted_tokens,accepted_tokens_per_draft_second,rejection_events,verify_rounds,draft_time,verify_time,rebuild_time,draft_time_ratio,verify_time_ratio,rebuild_time_ratio,target_decode_step_time,draft_decode_step_time,draft_target_latency_ratio
explain_sd_simple,45,baseline,hf,,EleutherAI/pythia-1.4b,greedy,,,,1.0,128,,,,4.082384824752808,31.354221979244823,,,,,,0.0,4.082384824752808,0.0,0.0,1.0,0.0,,,
explain_sd_simple,45,baseline,hf,,EleutherAI/pythia-1.4b,greedy,,,,1.0,128,,,,4.019054174423218,31.848289285219582,,,,,,0.0,4.019054174423218,0.0,0.0,1.0,0.0,,,
explain_sd_simple,45,baseline,hf,,EleutherAI/pythia-1.4b,greedy,,,,1.0,128,,,,4.175924062728882,30.651898376800126,,,,,,0.0,4.175924062728882,0.0,0.0,1.0,0.0,,,
explain_sd_simple,45,baseline,manual,,EleutherAI/pythia-1.4b,greedy,,,,1.0,128,,,,4.281803846359253,29.893942971917383,,,,,,0.0,4.281803846359253,0.0,0.0,1.0,0.0,,,
explain_sd_simple,45,baseline,manual,,EleutherAI/pythia-1.4b,greedy,,,,1.0,128,,,,4.168292284011841,30.708019322676748,,,,,,0.0,4.168292284011841,0.0,0.0,1.0,0.0,,,
explain_sd_simple,45,baseline,manual,,EleutherAI/pythia-1.4b,greedy,,,,1.0,128,,,,4.451060056686401,28.757194549131697,,,,,,0.0,4.451060056686401,0.0,0.0,1.0,0.0,,,
explain_sd_simple,45,speculative,manual,EleutherAI/pythia-14m,EleutherAI/pythia-1.4b,greedy,1,,,1.0,128,0.6753246753246753,0.6753246753246753,0.6753246753246753,6.702804327011108,19.096484658545496,77,52,61.70579101991299,25,77,0.8427085876464844,2.5950942039489746,3.1695268154144287,0.12572477824699713,0.38716544260306196,0.4728657828547672,0.04357291758060455,0.01123104803264141,0.2577529496817685
explain_sd_simple,45,speculative,manual,EleutherAI/pythia-14m,EleutherAI/pythia-1.4b,greedy,1,,,1.0,128,0.6753246753246753,0.6753246753246753,0.6753246753246753,6.778620719909668,18.88289746379345,77,52,69.0064347930634,25,77,0.7535529136657715,2.5382511615753174,3.4023356437683105,0.11116611251791844,0.3744495032920417,0.5019215242084898,0.04357291758060455,0.01123104803264141,0.2577529496817685
explain_sd_simple,45,speculative,manual,EleutherAI/pythia-14m,EleutherAI/pythia-1.4b,greedy,1,,,1.0,128,0.6753246753246753,0.6753246753246753,0.6753246753246753,6.5354650020599365,19.585446476976806,77,52,72.3793501104919,25,77,0.7184369564056396,2.5417375564575195,3.1852035522460938,0.1099289730997248,0.38891456930094187,0.4873721382093146,0.04357291758060455,0.01123104803264141,0.2577529496817685
explain_sd_simple,45,speculative,manual,EleutherAI/pythia-14m,EleutherAI/pythia-1.4b,greedy,2,,,1.0,128,0.6576576576576577,0.6576576576576577,1.3035714285714286,5.541434288024902,23.098712958955293,111,73,72.97844212298622,28,56,1.0002954006195068,2.159484386444092,2.307563304901123,0.1805120026021342,0.38969773423295123,0.41641986261350994,0.04357291758060455,0.01123104803264141,0.2577529496817685
explain_sd_simple,45,speculative,manual,EleutherAI/pythia-14m,EleutherAI/pythia-1.4b,greedy,2,,,1.0,128,0.6576576576576577,0.6576576576576577,1.3035714285714286,5.575698614120483,22.956764498683516,111,73,71.75818072605122,28,56,1.017305612564087,2.1841983795166016,2.3056275844573975,0.18245347945955248,0.39173537357006866,0.4135136677973204,0.04357291758060455,0.01123104803264141,0.2577529496817685
explain_sd_simple,45,speculative,manual,EleutherAI/pythia-14m,EleutherAI/pythia-1.4b,greedy,2,,,1.0,128,0.6576576576576577,0.6576576576576577,1.3035714285714286,5.366663932800293,23.850943827073287,111,73,72.08316312164932,28,56,1.0127191543579102,2.026576519012451,2.2757961750030518,0.18870552861868498,0.3776231462205601,0.4240616150927034,0.04357291758060455,0.01123104803264141,0.2577529496817685
explain_sd_simple,45,speculative,manual,EleutherAI/pythia-14m,EleutherAI/pythia-1.4b,greedy,4,,,1.0,128,0.4263157894736842,0.4263157894736842,1.6875,5.641180753707886,22.690285170505664,190,81,47.41155951365206,39,48,1.7084441184997559,1.841350793838501,2.0087790489196777,0.30285222067681744,0.3264123016494732,0.3560919489415987,0.04357291758060455,0.01123104803264141,0.2577529496817685
explain_sd_simple,45,speculative,manual,EleutherAI/pythia-14m,EleutherAI/pythia-1.4b,greedy,4,,,1.0,128,0.4263157894736842,0.4263157894736842,1.6875,5.243694543838501,24.410270073874507,190,81,49.40673201807409,39,48,1.6394526958465576,1.6915898323059082,1.82472562789917,0.31265221155434464,0.3225950364125571,0.3479847295917108,0.04357291758060455,0.01123104803264141,0.2577529496817685
explain_sd_simple,45,speculative,manual,EleutherAI/pythia-14m,EleutherAI/pythia-1.4b,greedy,4,,,1.0,128,0.4263157894736842,0.4263157894736842,1.6875,5.314049959182739,24.087090069376284,190,81,50.58313234643169,39,48,1.6013243198394775,1.8295233249664307,1.774702548980713,0.30133783689262666,0.34428041494133743,0.33396421987226643,0.04357291758060455,0.01123104803264141,0.2577529496817685
explain_sd_simple,45,speculative,manual,EleutherAI/pythia-14m,EleutherAI/pythia-1.4b,greedy,6,,,1.0,128,0.32945736434108525,0.32945736434108525,1.9767441860465116,5.664139986038208,22.59831153811751,258,85,37.23719982431925,38,43,2.282663583755493,1.5706803798675537,1.6854276657104492,0.40300267814392526,0.27730253555512296,0.2975610895678665,0.04357291758060455,0.01123104803264141,0.2577529496817685
explain_sd_simple,45,speculative,manual,EleutherAI/pythia-14m,EleutherAI/pythia-1.4b,greedy,6,,,1.0,128,0.32945736434108525,0.32945736434108525,1.9767441860465116,5.576590538024902,22.9530927772464,258,85,36.72045020876683,38,43,2.314786434173584,1.5062932968139648,1.6492352485656738,0.4150899045554503,0.27011007649621316,0.2957425755611948,0.04357291758060455,0.01123104803264141,0.2577529496817685
explain_sd_simple,45,speculative,manual,EleutherAI/pythia-14m,EleutherAI/pythia-1.4b,greedy,6,,,1.0,128,0.32945736434108525,0.32945736434108525,1.9767441860465116,5.653650522232056,22.640239168774396,258,85,37.39082965882935,38,43,2.273284673690796,1.6175997257232666,1.625365972518921,0.40209147430522557,0.2861159739821767,0.2874896433954372,0.04357291758060455,0.01123104803264141,0.2577529496817685
explain_sd_simple,45,speculative,manual,EleutherAI/pythia-14m,EleutherAI/pythia-1.4b,greedy,8,,,1.0,128,0.25072886297376096,0.25072886297376096,2.0,7.106064319610596,18.012783763687388,343,86,25.525556860064086,41,43,3.3691723346710205,1.7469398975372314,1.838660478591919,0.47412634942989756,0.24583789548825274,0.2587452626227672,0.04357291758060455,0.01123104803264141,0.2577529496817685
explain_sd_simple,45,speculative,manual,EleutherAI/pythia-14m,EleutherAI/pythia-1.4b,greedy,8,,,1.0,128,0.25072886297376096,0.25072886297376096,2.0,6.686324596405029,19.143551611122874,343,86,26.313091302983697,41,43,3.2683351039886475,1.637885570526123,1.6499037742614746,0.48880891988790093,0.24496052306625213,0.24675795356219501,0.04357291758060455,0.01123104803264141,0.2577529496817685
explain_sd_simple,45,speculative,manual,EleutherAI/pythia-14m,EleutherAI/pythia-1.4b,greedy,8,,,1.0,128,0.25072886297376096,0.25072886297376096,2.0,7.25004506111145,17.655062681827978,343,86,24.371620340156632,41,43,3.5286943912506104,1.7500314712524414,1.8154346942901611,0.48671344267612765,0.24138215093854287,0.25040322908170315,0.04357291758060455,0.01123104803264141,0.2577529496817685
explain_sd_simple,45,baseline,hf,,EleutherAI/pythia-1.4b,top_k,,50,,1.0,128,,,,4.490837574005127,28.502478188237824,,,,,,0.0,4.490837574005127,0.0,0.0,1.0,0.0,,,
explain_sd_simple,45,baseline,hf,,EleutherAI/pythia-1.4b,top_k,,50,,1.0,128,,,,4.775724649429321,26.802215243983017,,,,,,0.0,4.775724649429321,0.0,0.0,1.0,0.0,,,
explain_sd_simple,45,baseline,hf,,EleutherAI/pythia-1.4b,top_k,,50,,1.0,128,,,,5.069760322570801,25.24774187650218,,,,,,0.0,5.069760322570801,0.0,0.0,1.0,0.0,,,
explain_sd_simple,45,baseline,manual,,EleutherAI/pythia-1.4b,top_k,,50,,1.0,128,,,,5.101618766784668,25.090075493954036,,,,,,0.0,5.101618766784668,0.0,0.0,1.0,0.0,,,
explain_sd_simple,45,baseline,manual,,EleutherAI/pythia-1.4b,top_k,,50,,1.0,128,,,,4.616751432418823,27.725122713166698,,,,,,0.0,4.616751432418823,0.0,0.0,1.0,0.0,,,
explain_sd_simple,45,baseline,manual,,EleutherAI/pythia-1.4b,top_k,,50,,1.0,128,,,,4.594018220901489,27.862318746938364,,,,,,0.0,4.594018220901489,0.0,0.0,1.0,0.0,,,
explain_sd_simple,45,speculative,manual,EleutherAI/pythia-14m,EleutherAI/pythia-1.4b,top_k,1,50,,1.0,128,0.4222222222222222,0.2,0.4222222222222222,9.305158376693726,13.755811004850461,90,38,40.207676674719124,52,90,0.9450931549072266,3.219923973083496,4.113706588745117,0.10156658453813804,0.346036450185342,0.4420888309702026,0.04357291758060455,0.01123104803264141,0.2577529496817685
explain_sd_simple,45,speculative,manual,EleutherAI/pythia-14m,EleutherAI/pythia-1.4b,top_k,1,50,,1.0,128,0.5238095238095238,0.40476190476190477,0.5238095238095238,10.10876178741455,12.662282749541147,84,44,43.101178460968605,40,84,1.0208537578582764,3.6719775199890137,4.487814664840698,0.1009870228744774,0.363247012562967,0.44395295479492314,0.04357291758060455,0.01123104803264141,0.2577529496817685
explain_sd_simple,45,speculative,manual,EleutherAI/pythia-14m,EleutherAI/pythia-1.4b,top_k,1,50,,1.0,128,0.47126436781609193,0.2988505747126437,0.47126436781609193,8.65334677696228,14.791964692871565,87,41,45.236714121868324,46,87,0.9063434600830078,3.018361806869507,3.8947978019714355,0.10473906610283515,0.34880860373067,0.4500914966612129,0.04357291758060455,0.01123104803264141,0.2577529496817685
explain_sd_simple,45,speculative,manual,EleutherAI/pythia-14m,EleutherAI/pythia-1.4b,top_k,2,50,,1.0,128,0.4306569343065693,0.30656934306569344,0.855072463768116,7.698301792144775,16.627043659240428,137,59,44.57656289291636,48,69,1.3235654830932617,2.6809046268463135,2.855454444885254,0.17192953963480712,0.3482462365377603,0.3709200447037442,0.04357291758060455,0.01123104803264141,0.2577529496817685
explain_sd_simple,45,speculative,manual,EleutherAI/pythia-14m,EleutherAI/pythia-1.4b,top_k,2,50,,1.0,128,0.310126582278481,0.18354430379746836,0.620253164556962,9.111735343933105,14.047818024612253,158,49,31.57464262444483,60,79,1.5518782138824463,3.1875367164611816,3.39644455909729,0.17031642769516325,0.3498276229657558,0.3727549616943994,0.04357291758060455,0.01123104803264141,0.2577529496817685
explain_sd_simple,45,speculative,manual,EleutherAI/pythia-14m,EleutherAI/pythia-1.4b,top_k,2,50,,1.0,128,0.3986013986013986,0.2517482517482518,0.7916666666666666,8.228487253189087,15.555714685028098,143,57,41.635688270986265,52,72,1.3690178394317627,2.847391366958618,3.1125807762145996,0.1663753977258915,0.34604068516422193,0.37826889444451256,0.04357291758060455,0.01123104803264141,0.2577529496817685
explain_sd_simple,45,speculative,manual,EleutherAI/pythia-14m,EleutherAI/pythia-1.4b,top_k,4,50,,1.0,128,0.2786885245901639,0.13934426229508196,1.1147540983606556,8.512407302856445,15.036874464060007,244,68,27.643588784800347,53,61,2.459883213043213,2.4321603775024414,2.5555577278137207,0.2889762114904638,0.2857194552575391,0.30021563077182306,0.04357291758060455,0.01123104803264141,0.2577529496817685
explain_sd_simple,45,speculative,manual,EleutherAI/pythia-14m,EleutherAI/pythia-1.4b,top_k,4,50,,1.0,128,0.19858156028368795,0.12411347517730496,0.7777777777777778,10.070223093032837,12.71074124351404,282,56,20.415477137989964,68,72,2.7430169582366943,2.8583743572235107,3.0817253589630127,0.27238889673998107,0.28384419399815475,0.3060235439168303,0.04357291758060455,0.01123104803264141,0.2577529496817685
explain_sd_simple,45,speculative,manual,EleutherAI/pythia-14m,EleutherAI/pythia-1.4b,top_k,4,50,,1.0,128,0.1903114186851211,0.10726643598615918,0.7534246575342466,10.03980565071106,12.74925077767163,289,55,19.729869115101636,70,73,2.787651538848877,2.8099911212921143,3.0357604026794434,0.2776599105433325,0.27988501162799895,0.3023724271459815,0.04357291758060455,0.01123104803264141,0.2577529496817685
explain_sd_simple,45,speculative,manual,EleutherAI/pythia-14m,EleutherAI/pythia-1.4b,top_k,6,50,,1.0,128,0.15938303341902313,0.07197943444730077,0.9393939393939394,10.522890090942383,12.163958655253511,389,62,17.016063345411034,64,66,3.643615961074829,2.7407937049865723,2.7639846801757812,0.34625620239168753,0.2604601664846543,0.2626640263547836,0.04357291758060455,0.01123104803264141,0.2577529496817685
explain_sd_simple,45,speculative,manual,EleutherAI/pythia-14m,EleutherAI/pythia-1.4b,top_k,6,50,,1.0,128,0.13023255813953488,0.07209302325581396,0.7671232876712328,11.592407703399658,11.041709649537426,430,56,13.493351560308463,70,73,4.150192022323608,2.923038959503174,3.0327165126800537,0.35800949453377995,0.25215115222750023,0.2616123061122722,0.04357291758060455,0.01123104803264141,0.2577529496817685
explain_sd_simple,45,speculative,manual,EleutherAI/pythia-14m,EleutherAI/pythia-1.4b,top_k,6,50,,1.0,128,0.16842105263157894,0.10789473684210527,0.9846153846153847,10.43898344039917,12.261730342883414,380,64,17.855074391748854,64,65,3.5844151973724365,2.6515142917633057,2.777472734451294,0.3433682233368285,0.25400119723361836,0.2660673570668187,0.04357291758060455,0.01123104803264141,0.2577529496817685
explain_sd_simple,45,speculative,manual,EleutherAI/pythia-14m,EleutherAI/pythia-1.4b,top_k,8,50,,1.0,128,0.09424083769633508,0.03664921465968586,0.72,12.930871963500977,9.898791076216376,573,54,10.22066343487342,74,75,5.283414363861084,2.823578357696533,3.105557680130005,0.4085891793511056,0.2183594707044073,0.2401661457089541,0.04357291758060455,0.01123104803264141,0.2577529496817685
explain_sd_simple,45,speculative,manual,EleutherAI/pythia-14m,EleutherAI/pythia-1.4b,top_k,8,50,,1.0,128,0.2628398791540785,0.19637462235649547,2.0714285714285716,7.532544851303101,16.99292902024427,331,87,27.9168826073821,41,42,3.116393804550171,1.6084041595458984,1.7046153545379639,0.41372389624882844,0.21352732592991475,0.2263000603631417,0.04357291758060455,0.01123104803264141,0.2577529496817685
explain_sd_simple,45,speculative,manual,EleutherAI/pythia-14m,EleutherAI/pythia-1.4b,top_k,8,50,,1.0,128,0.0933786078098472,0.06960950764006792,0.7432432432432432,13.513469934463501,9.472030545874873,589,55,9.516568838105265,73,74,5.779393911361694,2.8644721508026123,3.0672190189361572,0.42767652863329086,0.2119716227360175,0.22697493936134094,0.04357291758060455,0.01123104803264141,0.2577529496817685
explain_sd_simple,45,baseline,hf,,EleutherAI/pythia-1.4b,top_p,,,0.9,1.0,128,,,,5.0586535930633545,25.303175567411685,,,,,,0.0,5.0586535930633545,0.0,0.0,1.0,0.0,,,
explain_sd_simple,45,baseline,hf,,EleutherAI/pythia-1.4b,top_p,,,0.9,1.0,128,,,,4.805650472640991,26.635312062064383,,,,,,0.0,4.805650472640991,0.0,0.0,1.0,0.0,,,
explain_sd_simple,45,baseline,hf,,EleutherAI/pythia-1.4b,top_p,,,0.9,1.0,128,,,,4.74444317817688,26.978929917163814,,,,,,0.0,4.74444317817688,0.0,0.0,1.0,0.0,,,
explain_sd_simple,45,baseline,manual,,EleutherAI/pythia-1.4b,top_p,,,0.9,1.0,128,,,,4.681920766830444,27.339206785990346,,,,,,0.0,4.681920766830444,0.0,0.0,1.0,0.0,,,
explain_sd_simple,45,baseline,manual,,EleutherAI/pythia-1.4b,top_p,,,0.9,1.0,128,,,,4.669902801513672,27.409564061699722,,,,,,0.0,4.669902801513672,0.0,0.0,1.0,0.0,,,
explain_sd_simple,45,baseline,manual,,EleutherAI/pythia-1.4b,top_p,,,0.9,1.0,128,,,,4.551337003707886,28.12360409605373,,,,,,0.0,4.551337003707886,0.0,0.0,1.0,0.0,,,
explain_sd_simple,45,speculative,manual,EleutherAI/pythia-14m,EleutherAI/pythia-1.4b,top_p,1,,0.9,1.0,128,0.3763440860215054,0.21505376344086022,0.3763440860215054,8.993733406066895,14.232131887927116,93,35,36.15237024791109,58,93,0.9681246280670166,3.3127126693725586,4.257929801940918,0.1076443546140638,0.3683356532602918,0.473432957115301,0.04357291758060455,0.01123104803264141,0.2577529496817685
explain_sd_simple,45,speculative,manual,EleutherAI/pythia-14m,EleutherAI/pythia-1.4b,top_p,1,,0.9,1.0,128,0.5421686746987951,0.24096385542168675,0.5421686746987951,7.954365253448486,16.09179311253122,83,45,53.60403877001095,38,83,0.8394889831542969,2.9731979370117188,3.727417469024658,0.10553814872787619,0.3737819225390407,0.4686002402779652,0.04357291758060455,0.01123104803264141,0.2577529496817685
explain_sd_simple,45,speculative,manual,EleutherAI/pythia-14m,EleutherAI/pythia-1.4b,top_p,1,,0.9,1.0,128,0.45454545454545453,0.29545454545454547,0.45454545454545453,8.450610399246216,15.146834838275995,88,40,42.97846646956822,48,88,0.9306986331939697,3.133101224899292,3.9133055210113525,0.1101338943843615,0.37075442800898273,0.4630796281130668,0.04357291758060455,0.01123104803264141,0.2577529496817685
explain_sd_simple,45,speculative,manual,EleutherAI/pythia-14m,EleutherAI/pythia-1.4b,top_p,2,,0.9,1.0,128,0.33116883116883117,0.16233766233766234,0.6623376623376623,8.634924411773682,14.823522928060905,154,51,31.72632389224208,67,77,1.6074979305267334,3.1756787300109863,3.3475022315979004,0.1861623627341679,0.3677714567693218,0.3876701256392697,0.04357291758060455,0.01123104803264141,0.2577529496817685
explain_sd_simple,45,speculative,manual,EleutherAI/pythia-14m,EleutherAI/pythia-1.4b,top_p,2,,0.9,1.0,128,0.33766233766233766,0.12987012987012986,0.6753246753246753,8.353368759155273,15.32315927747261,154,52,33.00726298444615,62,77,1.5754108428955078,3.0090689659118652,3.17815899848938,0.18859586932144723,0.36022221126224463,0.380464347992075,0.04357291758060455,0.01123104803264141,0.2577529496817685
explain_sd_simple,45,speculative,manual,EleutherAI/pythia-14m,EleutherAI/pythia-1.4b,top_p,2,,0.9,1.0,128,0.3443708609271523,0.11258278145695365,0.6842105263157895,8.493512392044067,15.070325925455586,151,52,35.80640711715846,60,76,1.452254056930542,3.027168035507202,3.4345858097076416,0.17098392159772188,0.3564094447360519,0.4043775591503042,0.04357291758060455,0.01123104803264141,0.2577529496817685
explain_sd_simple,45,speculative,manual,EleutherAI/pythia-14m,EleutherAI/pythia-1.4b,top_p,4,,0.9,1.0,128,0.25098039215686274,0.16862745098039217,0.9846153846153847,8.709489583969116,14.696613247646532,255,64,25.468146014908662,61,65,2.5129430294036865,2.6273245811462402,2.876616954803467,0.28852931106652524,0.3016622909776657,0.3302853659872598,0.04357291758060455,0.01123104803264141,0.2577529496817685
explain_sd_simple,45,speculative,manual,EleutherAI/pythia-14m,EleutherAI/pythia-1.4b,top_p,4,,0.9,1.0,128,0.22556390977443608,0.13533834586466165,0.8823529411764706,8.996110439300537,14.22837134600053,266,60,23.60718332795509,62,68,2.5415992736816406,2.796114921569824,2.904120445251465,0.28252201780209074,0.31081376117334847,0.32281956350429875,0.04357291758060455,0.01123104803264141,0.2577529496817685
explain_sd_simple,45,speculative,manual,EleutherAI/pythia-14m,EleutherAI/pythia-1.4b,top_p,4,,0.9,1.0,128,0.18181818181818182,0.09764309764309764,0.72,10.197919130325317,12.551580215945167,297,54,17.202575809315253,70,75,3.1390647888183594,3.012816905975342,3.3155062198638916,0.3078142460929892,0.2954344771195721,0.3251159552741154,0.04357291758060455,0.01123104803264141,0.2577529496817685
explain_sd_simple,45,speculative,manual,EleutherAI/pythia-14m,EleutherAI/pythia-1.4b,top_p,6,,0.9,1.0,128,0.1793478260869565,0.09782608695652174,1.0476190476190477,9.597786903381348,13.336407787393671,368,66,18.435396080155037,62,63,3.5800695419311523,2.4993011951446533,2.6328234672546387,0.3730099009251681,0.26040390564038646,0.27431568274630913,0.04357291758060455,0.01123104803264141,0.2577529496817685
explain_sd_simple,45,speculative,manual,EleutherAI/pythia-14m,EleutherAI/pythia-1.4b,top_p,6,,0.9,1.0,128,0.10615711252653928,0.055201698513800426,0.6329113924050633,12.03025770187378,10.639838578026744,471,50,11.139688097529639,77,79,4.4884560108184814,3.2142295837402344,3.2440028190612793,0.37309724546626954,0.2671787806540171,0.269653643292779,0.04357291758060455,0.01123104803264141,0.2577529496817685
explain_sd_simple,45,speculative,manual,EleutherAI/pythia-14m,EleutherAI/pythia-1.4b,top_p,6,,0.9,1.0,128,0.12072892938496584,0.07517084282460136,0.7066666666666667,11.14980411529541,11.480022310383763,439,53,12.579524547653884,74,75,4.21319580078125,2.8420374393463135,3.076694965362549,0.377871732742062,0.25489572820813766,0.27594161597349576,0.04357291758060455,0.01123104803264141,0.2577529496817685
explain_sd_simple,45,speculative,manual,EleutherAI/pythia-14m,EleutherAI/pythia-1.4b,top_p,8,,0.9,1.0,128,0.1203883495145631,0.05436893203883495,0.9393939393939394,11.002554416656494,11.633662070893644,515,62,13.163549146444476,66,66,4.709975957870483,2.4741616249084473,2.6613643169403076,0.4280802238742094,0.2248715644762343,0.2418860399282674,0.04357291758060455,0.01123104803264141,0.2577529496817685
explain_sd_simple,45,speculative,manual,EleutherAI/pythia-14m,EleutherAI/pythia-1.4b,top_p,8,,0.9,1.0,128,0.09824561403508772,0.054385964912280704,0.7671232876712328,12.154966354370117,10.530674974182855,570,56,10.918748326783957,72,73,5.128793001174927,2.8159708976745605,3.029188394546509,0.42195040707216386,0.23167245515756815,0.24921405014481296,0.04357291758060455,0.01123104803264141,0.2577529496817685
explain_sd_simple,45,speculative,manual,EleutherAI/pythia-14m,EleutherAI/pythia-1.4b,top_p,8,,0.9,1.0,128,0.11320754716981132,0.04716981132075472,0.8823529411764706,11.350122690200806,11.277411134111311,530,60,12.262472143562462,68,68,4.892977476119995,2.589557409286499,2.718348979949951,0.4310946770949336,0.2281523715617813,0.2394995238506852,0.04357291758060455,0.01123104803264141,0.2577529496817685
sampling_diff,77,baseline,hf,,EleutherAI/pythia-1.4b,greedy,,,,1.0,128,,,,4.210581302642822,30.399603000103394,,,,,,0.0,4.210581302642822,0.0,0.0,1.0,0.0,,,
sampling_diff,77,baseline,hf,,EleutherAI/pythia-1.4b,greedy,,,,1.0,128,,,,4.711471080780029,27.167735470597087,,,,,,0.0,4.711471080780029,0.0,0.0,1.0,0.0,,,
sampling_diff,77,baseline,hf,,EleutherAI/pythia-1.4b,greedy,,,,1.0,128,,,,5.840872764587402,21.91453318004983,,,,,,0.0,5.840872764587402,0.0,0.0,1.0,0.0,,,
sampling_diff,77,baseline,manual,,EleutherAI/pythia-1.4b,greedy,,,,1.0,128,,,,4.50264310836792,28.42774719633428,,,,,,0.0,4.50264310836792,0.0,0.0,1.0,0.0,,,
sampling_diff,77,baseline,manual,,EleutherAI/pythia-1.4b,greedy,,,,1.0,128,,,,4.323230743408203,29.607487454877706,,,,,,0.0,4.323230743408203,0.0,0.0,1.0,0.0,,,
sampling_diff,77,baseline,manual,,EleutherAI/pythia-1.4b,greedy,,,,1.0,128,,,,4.372973442077637,29.270701433573336,,,,,,0.0,4.372973442077637,0.0,0.0,1.0,0.0,,,
sampling_diff,77,speculative,manual,EleutherAI/pythia-14m,EleutherAI/pythia-1.4b,greedy,1,,,1.0,128,0.5542168674698795,0.5542168674698795,0.5542168674698795,7.41621208190918,17.259484840278265,83,46,58.08447595327544,37,83,0.791949987411499,2.9549546241760254,3.570152759552002,0.10678631876552602,0.39844526984122086,0.48139841742941714,0.04191574268043041,0.011874524876475334,0.2832951086423026
sampling_diff,77,speculative,manual,EleutherAI/pythia-14m,EleutherAI/pythia-1.4b,greedy,1,,,1.0,128,0.5542168674698795,0.5542168674698795,0.5542168674698795,6.96209192276001,18.385278651887788,83,46,61.44474819300744,37,83,0.7486400604248047,2.7672677040100098,3.322674512863159,0.10753090719434488,0.3974764675202638,0.477252318660271,0.04191574268043041,0.011874524876475334,0.2832951086423026
sampling_diff,77,speculative,manual,EleutherAI/pythia-14m,EleutherAI/pythia-1.4b,greedy,1,,,1.0,128,0.5542168674698795,0.5542168674698795,0.5542168674698795,7.408218622207642,17.278107805335818,83,46,56.3673786820752,37,83,0.8160748481750488,2.8714632987976074,3.631941080093384,0.11015804065618401,0.38760509715383024,0.4902583556600101,0.04191574268043041,0.011874524876475334,0.2832951086423026
sampling_diff,77,speculative,manual,EleutherAI/pythia-14m,EleutherAI/pythia-1.4b,greedy,2,,,1.0,128,0.43795620437956206,0.43795620437956206,0.8695652173913043,7.158633232116699,17.880508170992346,137,60,44.875360604913965,45,69,1.3370366096496582,2.713671922683716,3.026764154434204,0.1867726095605986,0.3790768202104586,0.4228131343361526,0.04191574268043041,0.011874524876475334,0.2832951086423026
sampling_diff,77,speculative,manual,EleutherAI/pythia-14m,EleutherAI/pythia-1.4b,greedy,2,,,1.0,128,0.43795620437956206,0.43795620437956206,0.8695652173913043,7.555429220199585,16.94145974629602,137,60,42.72519591997501,45,69,1.4043235778808594,2.868680477142334,3.1553308963775635,0.1858694637925233,0.37968464709759464,0.4176243075564424,0.04191574268043041,0.011874524876475334,0.2832951086423026
sampling_diff,77,speculative,manual,EleutherAI/pythia-14m,EleutherAI/pythia-1.4b,greedy,2,,,1.0,128,0.43795620437956206,0.43795620437956206,0.8695652173913043,7.09604024887085,18.038229140592584,137,60,46.73640342976212,45,69,1.2837958335876465,2.776480197906494,2.912832021713257,0.18091721418743772,0.39127176573558736,0.41048696449780686,0.04191574268043041,0.011874524876475334,0.2832951086423026
sampling_diff,77,speculative,manual,EleutherAI/pythia-14m,EleutherAI/pythia-1.4b,greedy,4,,,1.0,128,0.28870292887029286,0.28870292887029286,1.15,7.394868612289429,17.309300098622252,239,69,30.090281769877276,52,60,2.2930991649627686,2.4640674591064453,2.520564079284668,0.3100932937675051,0.3332131493197115,0.3408531255167641,0.04191574268043041,0.011874524876475334,0.2832951086423026
sampling_diff,77,speculative,manual,EleutherAI/pythia-14m,EleutherAI/pythia-1.4b,greedy,4,,,1.0,128,0.28870292887029286,0.28870292887029286,1.15,7.593875885009766,16.855687653872604,239,69,29.203175743583326,52,60,2.3627567291259766,2.4029858112335205,2.678476572036743,0.3111397611580714,0.3164373302409367,0.3527153475505215,0.04191574268043041,0.011874524876475334,0.2832951086423026
sampling_diff,77,speculative,manual,EleutherAI/pythia-14m,EleutherAI/pythia-1.4b,greedy,4,,,1.0,128,0.28870292887029286,0.28870292887029286,1.15,7.510014295578003,17.043908967705708,239,69,29.29710864551616,52,60,2.3551812171936035,2.3648903369903564,2.618008852005005,0.31360542397107893,0.3148982470489884,0.3486023792986018,0.04191574268043041,0.011874524876475334,0.2832951086423026
sampling_diff,77,speculative,manual,EleutherAI/pythia-14m,EleutherAI/pythia-1.4b,greedy,6,,,1.0,128,0.21052631578947367,0.21052631578947367,1.263157894736842,8.303849935531616,15.414536750272497,342,72,21.005246548990222,53,57,3.4277150630950928,2.213855266571045,2.5158796310424805,0.4127862485120462,0.26660588567456006,0.30297749243723693,0.04191574268043041,0.011874524876475334,0.2832951086423026
sampling_diff,77,speculative,manual,EleutherAI/pythia-14m,EleutherAI/pythia-1.4b,greedy,6,,,1.0,128,0.21052631578947367,0.21052631578947367,1.263157894736842,8.581315040588379,14.91612875119705,342,72,20.729928518479188,53,57,3.4732391834259033,2.395440101623535,2.583977699279785,0.40474439721627564,0.2791460388406031,0.30111675041155633,0.04191574268043041,0.011874524876475334,0.2832951086423026
sampling_diff,77,speculative,manual,EleutherAI/pythia-14m,EleutherAI/pythia-1.4b,greedy,6,,,1.0,128,0.21052631578947367,0.21052631578947367,1.263157894736842,8.316130876541138,15.39177315752371,342,72,21.36976939689944,53,57,3.3692455291748047,2.396177053451538,2.39019775390625,0.40514580388327753,0.28813604415616906,0.28741704398240375,0.04191574268043041,0.011874524876475334,0.2832951086423026
sampling_diff,77,speculative,manual,EleutherAI/pythia-14m,EleutherAI/pythia-1.4b,greedy,8,,,1.0,128,0.1592920353982301,0.1592920353982301,1.263157894736842,8.436299800872803,15.172528599180103,452,72,17.90859550042739,53,57,4.020415782928467,2.071964740753174,2.177037477493286,0.4765615113052908,0.2456011272310181,0.258055963974639,0.04191574268043041,0.011874524876475334,0.2832951086423026
sampling_diff,77,speculative,manual,EleutherAI/pythia-14m,EleutherAI/pythia-1.4b,greedy,8,,,1.0,128,0.1592920353982301,0.1592920353982301,1.263157894736842,8.812517166137695,14.524794401745169,452,72,17.327626118357845,53,57,4.155214309692383,2.127293825149536,2.364074230194092,0.47151276205836984,0.24139457376874257,0.2682632198752591,0.04191574268043041,0.011874524876475334,0.2832951086423026
sampling_diff,77,speculative,manual,EleutherAI/pythia-14m,EleutherAI/pythia-1.4b,greedy,8,,,1.0,128,0.1592920353982301,0.1592920353982301,1.263157894736842,8.990731954574585,14.236883119941327,452,72,16.903986507704165,53,57,4.259350299835205,2.2496511936187744,2.3231709003448486,0.4737490030128192,0.2502189148764608,0.2583961919988943,0.04191574268043041,0.011874524876475334,0.2832951086423026
sampling_diff,77,baseline,hf,,EleutherAI/pythia-1.4b,top_k,,50,,1.0,57,,,,2.0870678424835205,27.311043196455206,,,,,,0.0,2.0870678424835205,0.0,0.0,1.0,0.0,,,
sampling_diff,77,baseline,hf,,EleutherAI/pythia-1.4b,top_k,,50,,1.0,128,,,,4.638239145278931,27.596679686144654,,,,,,0.0,4.638239145278931,0.0,0.0,1.0,0.0,,,
sampling_diff,77,baseline,hf,,EleutherAI/pythia-1.4b,top_k,,50,,1.0,128,,,,4.601177453994751,27.818966184160136,,,,,,0.0,4.601177453994751,0.0,0.0,1.0,0.0,,,
sampling_diff,77,baseline,manual,,EleutherAI/pythia-1.4b,top_k,,50,,1.0,128,,,,4.434934139251709,28.86175893056148,,,,,,0.0,4.434934139251709,0.0,0.0,1.0,0.0,,,
sampling_diff,77,baseline,manual,,EleutherAI/pythia-1.4b,top_k,,50,,1.0,128,,,,4.484333515167236,28.54381806506344,,,,,,0.0,4.484333515167236,0.0,0.0,1.0,0.0,,,
sampling_diff,77,baseline,manual,,EleutherAI/pythia-1.4b,top_k,,50,,1.0,128,,,,4.471262693405151,28.627260077738768,,,,,,0.0,4.471262693405151,0.0,0.0,1.0,0.0,,,
sampling_diff,77,speculative,manual,EleutherAI/pythia-14m,EleutherAI/pythia-1.4b,top_k,1,50,,1.0,128,0.5176470588235295,0.36470588235294116,0.5176470588235295,8.176814556121826,15.65401772554189,85,44,51.985153970096114,41,85,0.8463954925537109,2.925489902496338,3.6345510482788086,0.10351164096292616,0.35777867804352725,0.4444947385479947,0.04191574268043041,0.011874524876475334,0.2832951086423026
sampling_diff,77,speculative,manual,EleutherAI/pythia-14m,EleutherAI/pythia-1.4b,top_k,1,50,,1.0,128,0.5802469135802469,0.3333333333333333,0.5802469135802469,7.700552701950073,16.622183491788263,81,47,58.606083866999356,34,81,0.801964521408081,2.7202727794647217,3.399758815765381,0.10414376116210373,0.3532568225623396,0.44149542862091345,0.04191574268043041,0.011874524876475334,0.2832951086423026
sampling_diff,77,speculative,manual,EleutherAI/pythia-14m,EleutherAI/pythia-1.4b,top_k,1,50,,1.0,128,0.5,0.3953488372093023,0.5,8.33558964729309,15.355842287841853,86,43,50.025052596250795,43,86,0.8595693111419678,2.9087817668914795,3.7874836921691895,0.10312039669816343,0.34895932861043377,0.4543750175368987,0.04191574268043041,0.011874524876475334,0.2832951086423026
sampling_diff,77,speculative,manual,EleutherAI/pythia-14m,EleutherAI/pythia-1.4b,top_k,2,50,,1.0,128,0.3793103448275862,0.2,0.7534246575342466,8.362239122390747,15.306905019884802,145,55,38.680611715349976,55,73,1.421900987625122,2.8517379760742188,3.0846335887908936,0.1700383075410792,0.3410256432919264,0.3688765106622547,0.04191574268043041,0.011874524876475334,0.2832951086423026
sampling_diff,77,speculative,manual,EleutherAI/pythia-14m,EleutherAI/pythia-1.4b,top_k,2,50,,1.0,128,0.4626865671641791,0.3656716417910448,0.9253731343283582,7.772050857543945,16.46926948190988,134,62,47.552527939848844,46,67,1.303821325302124,2.6825063228607178,2.8844878673553467,0.16775769345829347,0.3451478087353149,0.3711360000373025,0.04191574268043041,0.011874524876475334,0.2832951086423026
sampling_diff,77,speculative,manual,EleutherAI/pythia-14m,EleutherAI/pythia-1.4b,top_k,2,50,,1.0,128,0.3673469387755102,0.1836734693877551,0.7297297297297297,8.613035440444946,14.86119509028603,147,54,37.884894310150685,55,74,1.425370216369629,2.9314494132995605,3.23367977142334,0.16548988172931456,0.34035032522147884,0.37544020267682643,0.04191574268043041,0.011874524876475334,0.2832951086423026
sampling_diff,77,speculative,manual,EleutherAI/pythia-14m,EleutherAI/pythia-1.4b,top_k,4,50,,1.0,128,0.25691699604743085,0.17786561264822134,1.015625,8.900447607040405,14.381299194295558,253,65,26.03720928011537,59,64,2.496427297592163,2.490765333175659,2.753476142883301,0.28048334283968446,0.27984719905608135,0.30936378308718476,0.04191574268043041,0.011874524876475334,0.2832951086423026
sampling_diff,77,speculative,manual,EleutherAI/pythia-14m,EleutherAI/pythia-1.4b,top_k,4,50,,1.0,128,0.23106060606060605,0.16666666666666666,0.9104477611940298,9.279458284378052,13.793908661186368,264,61,24.220024881485408,63,67,2.5185770988464355,2.643129825592041,2.8897244930267334,0.2714142379503397,0.28483665151464116,0.31141090400628,0.04191574268043041,0.011874524876475334,0.2832951086423026
sampling_diff,77,speculative,manual,EleutherAI/pythia-14m,EleutherAI/pythia-1.4b,top_k,4,50,,1.0,128,0.22509225092250923,0.14022140221402213,0.8970588235294118,9.632946491241455,13.287730822171719,271,61,22.62291290561348,63,68,2.6963813304901123,2.772552728652954,2.892793893814087,0.279912416511577,0.2878197995985794,0.3003020826954968,0.04191574268043041,0.011874524876475334,0.2832951086423026
sampling_diff,77,speculative,manual,EleutherAI/pythia-14m,EleutherAI/pythia-1.4b,top_k,6,50,,1.0,128,0.18662952646239556,0.11977715877437325,1.098360655737705,9.858441591262817,12.983796558011948,359,67,19.38647995234411,59,61,3.456016778945923,2.3977718353271484,2.643669605255127,0.35056420905398133,0.24322016955014547,0.2681630337596275,0.04191574268043041,0.011874524876475334,0.2832951086423026
sampling_diff,77,speculative,manual,EleutherAI/pythia-14m,EleutherAI/pythia-1.4b,top_k,6,50,,1.0,128,0.1830601092896175,0.12568306010928962,1.0806451612903225,9.970459222793579,12.837924225935126,366,67,18.63503435982894,60,62,3.5953783988952637,2.4650399684906006,2.6231112480163574,0.36060308944204184,0.24723434632331126,0.26308830811118844,0.04191574268043041,0.011874524876475334,0.2832951086423026
sampling_diff,77,speculative,manual,EleutherAI/pythia-14m,EleutherAI/pythia-1.4b,top_k,6,50,,1.0,128,0.21176470588235294,0.11470588235294117,1.263157894736842,9.136825561523438,14.00924195587442,340,72,21.94703842415569,54,57,3.2806248664855957,2.2226269245147705,2.399519205093384,0.3590552150082416,0.24326029971225352,0.26262066501500525,0.04191574268043041,0.011874524876475334,0.2832951086423026
sampling_diff,77,speculative,manual,EleutherAI/pythia-14m,EleutherAI/pythia-1.4b,top_k,8,50,,1.0,128,0.1452991452991453,0.09829059829059829,1.1147540983606556,10.49492883682251,12.196366644326273,468,68,15.779656732471514,59,61,4.309345960617065,2.2773828506469727,2.5770280361175537,0.41061221353853233,0.21699840809368298,0.24554983422810764,0.04191574268043041,0.011874524876475334,0.2832951086423026
sampling_diff,77,speculative,manual,EleutherAI/pythia-14m,EleutherAI/pythia-1.4b,top_k,8,50,,1.0,128,0.11428571428571428,0.06476190476190476,0.8823529411764706,11.615845680236816,11.019430140827286,525,60,12.55031131133767,68,68,4.780757904052734,2.51176118850708,2.7165775299072266,0.41157209174935144,0.2162357573999616,0.2338682524449518,0.04191574268043041,0.011874524876475334,0.2832951086423026
sampling_diff,77,speculative,manual,EleutherAI/pythia-14m,EleutherAI/pythia-1.4b,top_k,8,50,,1.0,128,0.17523364485981308,0.10514018691588785,1.3888888888888888,9.685154676437378,13.216102816757902,428,75,18.57514763381994,52,54,4.037652969360352,2.1689627170562744,2.178056478500366,0.41689091235511133,0.2239471427682055,0.2248860809419257,0.04191574268043041,0.011874524876475334,0.2832951086423026
sampling_diff,77,baseline,hf,,EleutherAI/pythia-1.4b,top_p,,,0.9,1.0,128,,,,4.713050365447998,27.158631899710876,,,,,,0.0,4.713050365447998,0.0,0.0,1.0,0.0,,,
sampling_diff,77,baseline,hf,,EleutherAI/pythia-1.4b,top_p,,,0.9,1.0,128,,,,4.438312768936157,28.839788150099434,,,,,,0.0,4.438312768936157,0.0,0.0,1.0,0.0,,,
sampling_diff,77,baseline,hf,,EleutherAI/pythia-1.4b,top_p,,,0.9,1.0,128,,,,4.6549530029296875,27.49759233217621,,,,,,0.0,4.6549530029296875,0.0,0.0,1.0,0.0,,,
sampling_diff,77,baseline,manual,,EleutherAI/pythia-1.4b,top_p,,,0.9,1.0,128,,,,4.693731069564819,27.270416243056626,,,,,,0.0,4.693731069564819,0.0,0.0,1.0,0.0,,,
sampling_diff,77,baseline,manual,,EleutherAI/pythia-1.4b,top_p,,,0.9,1.0,128,,,,4.684055805206299,27.326745308569723,,,,,,0.0,4.684055805206299,0.0,0.0,1.0,0.0,,,
sampling_diff,77,baseline,manual,,EleutherAI/pythia-1.4b,top_p,,,0.9,1.0,128,,,,4.70983362197876,27.177180824961475,,,,,,0.0,4.70983362197876,0.0,0.0,1.0,0.0,,,
sampling_diff,77,speculative,manual,EleutherAI/pythia-14m,EleutherAI/pythia-1.4b,top_p,1,,0.9,1.0,128,0.5238095238095238,0.25,0.5238095238095238,8.272682666778564,15.47261089972934,84,44,48.48905084365453,40,84,0.907421350479126,3.076179265975952,3.8423502445220947,0.10968888654742533,0.37184785031453843,0.4644624240153926,0.04191574268043041,0.011874524876475334,0.2832951086423026
sampling_diff,77,speculative,manual,EleutherAI/pythia-14m,EleutherAI/pythia-1.4b,top_p,1,,0.9,1.0,128,0.4222222222222222,0.26666666666666666,0.4222222222222222,8.614443063735962,14.858766730821971,90,38,39.354459031459406,52,90,0.965583086013794,3.235487699508667,3.929069995880127,0.11208885808051695,0.37558872646439917,0.4561026135769879,0.04191574268043041,0.011874524876475334,0.2832951086423026
sampling_diff,77,speculative,manual,EleutherAI/pythia-14m,EleutherAI/pythia-1.4b,top_p,1,,0.9,1.0,128,0.43333333333333335,0.3111111111111111,0.43333333333333335,8.714406728744507,14.68832061484937,90,39,41.60138595112091,51,90,0.9374687671661377,3.301936388015747,4.000549793243408,0.10757688920737347,0.3789054712266638,0.45907310936584794,0.04191574268043041,0.011874524876475334,0.2832951086423026
sampling_diff,77,speculative,manual,EleutherAI/pythia-14m,EleutherAI/pythia-1.4b,top_p,2,,0.9,1.0,128,0.40425531914893614,0.23404255319148937,0.8028169014084507,7.743726491928101,16.529509420745235,141,57,40.48946123813664,53,71,1.407773733139038,2.862342119216919,2.963771343231201,0.18179538425155797,0.3696336798827496,0.3827319245224602,0.04191574268043041,0.011874524876475334,0.2832951086423026
sampling_diff,77,speculative,manual,EleutherAI/pythia-14m,EleutherAI/pythia-1.4b,top_p,2,,0.9,1.0,128,0.35333333333333333,0.20666666666666667,0.7066666666666667,8.319751739501953,15.385074459885566,150,53,35.625028565970645,56,75,1.487718105316162,3.043928861618042,3.2462549209594727,0.17881760801257054,0.36586775145772094,0.39018651308383917,0.04191574268043041,0.011874524876475334,0.2832951086423026
sampling_diff,77,speculative,manual,EleutherAI/pythia-14m,EleutherAI/pythia-1.4b,top_p,2,,0.9,1.0,128,0.2822085889570552,0.15950920245398773,0.5609756097560976,8.968946695327759,14.271464013347266,163,46,28.500954941165016,68,82,1.613981008529663,3.3085222244262695,3.4659082889556885,0.17995212407388292,0.36888637393171214,0.38643426108900863,0.04191574268043041,0.011874524876475334,0.2832951086423026
sampling_diff,77,speculative,manual,EleutherAI/pythia-14m,EleutherAI/pythia-1.4b,top_p,4,,0.9,1.0,128,0.2247191011235955,0.1348314606741573,0.8823529411764706,9.104379892349243,14.059167292388938,267,60,22.526213558340444,66,68,2.6635634899139404,2.696967601776123,3.0038669109344482,0.29255847420780784,0.2962274898087774,0.32993646425702333,0.04191574268043041,0.011874524876475334,0.2832951086423026
sampling_diff,77,speculative,manual,EleutherAI/pythia-14m,EleutherAI/pythia-1.4b,top_p,4,,0.9,1.0,128,0.21818181818181817,0.12363636363636364,0.8695652173913043,9.330095052719116,13.719045655670605,275,60,21.877975576754622,64,69,2.7424840927124023,2.7999393939971924,3.052764654159546,0.29393956623337364,0.3000976279637357,0.32719545051900234,0.04191574268043041,0.011874524876475334,0.2832951086423026
sampling_diff,77,speculative,manual,EleutherAI/pythia-14m,EleutherAI/pythia-1.4b,top_p,4,,0.9,1.0,128,0.19243986254295534,0.09621993127147767,0.7671232876712328,9.675665855407715,13.229063706087059,291,56,19.811954600051283,70,73,2.8265762329101562,2.9126546382904053,3.1690268516540527,0.2921324769943752,0.3010288575294823,0.32752545395962473,0.04191574268043041,0.011874524876475334,0.2832951086423026
sampling_diff,77,speculative,manual,EleutherAI/pythia-14m,EleutherAI/pythia-1.4b,top_p,6,,0.9,1.0,128,0.2175226586102719,0.08761329305135952,1.2857142857142858,8.515905141830444,15.03069818982121,331,72,22.53723492301784,53,56,3.1947131156921387,2.150005340576172,2.3713159561157227,0.3751466300393118,0.2524693857867516,0.27845730038345895,0.04191574268043041,0.011874524876475334,0.2832951086423026
sampling_diff,77,speculative,manual,EleutherAI/pythia-14m,EleutherAI/pythia-1.4b,top_p,6,,0.9,1.0,128,0.14146341463414633,0.1024390243902439,0.8285714285714286,10.484236001968384,12.208805675107694,410,58,14.752393970229555,69,70,3.931565284729004,2.670353412628174,2.9412972927093506,0.37499778562699887,0.25470176483310975,0.2805447428078814,0.04191574268043041,0.011874524876475334,0.2832951086423026
sampling_diff,77,speculative,manual,EleutherAI/pythia-14m,EleutherAI/pythia-1.4b,top_p,6,,0.9,1.0,128,0.1679790026246719,0.12073490813648294,0.9846153846153847,9.415220737457275,13.595007867502039,381,64,18.336298767326845,62,65,3.490344524383545,2.4650919437408447,2.6201364994049072,0.3707129786663043,0.26181987788494276,0.27828731502608567,0.04191574268043041,0.011874524876475334,0.2832951086423026
sampling_diff,77,speculative,manual,EleutherAI/pythia-14m,EleutherAI/pythia-1.4b,top_p,8,,0.9,1.0,128,0.11359404096834265,0.054003724394785846,0.8970588235294118,11.551472902297974,11.080838009370781,537,61,12.043671042011729,67,68,5.064900875091553,2.5186452865600586,2.8317339420318604,0.4384636416438266,0.2180367220581036,0.2451405085725937,0.04191574268043041,0.011874524876475334,0.2832951086423026
sampling_diff,77,speculative,manual,EleutherAI/pythia-14m,EleutherAI/pythia-1.4b,top_p,8,,0.9,1.0,128,0.2210242587601078,0.19946091644204852,1.7446808510638299,7.941016674041748,16.118842870386732,371,82,23.521746299543704,44,47,3.486135721206665,1.7514822483062744,1.9151406288146973,0.4390037024607232,0.22056146211500405,0.2411707099262324,0.04191574268043041,0.011874524876475334,0.2832951086423026
sampling_diff,77,speculative,manual,EleutherAI/pythia-14m,EleutherAI/pythia-1.4b,top_p,8,,0.9,1.0,128,0.13,0.058,1.0317460317460319,10.290481567382812,12.438679294243599,500,65,14.578768251015777,63,63,4.45853853225708,2.308035135269165,2.5455620288848877,0.4332682103419796,0.22428835037077566,0.24737054453830606,0.04191574268043041,0.011874524876475334,0.2832951086423026
draft_target_interaction,80,baseline,hf,,EleutherAI/pythia-1.4b,greedy,,,,1.0,128,,,,5.104022979736328,25.07825699613375,,,,,,0.0,5.104022979736328,0.0,0.0,1.0,0.0,,,
draft_target_interaction,80,baseline,hf,,EleutherAI/pythia-1.4b,greedy,,,,1.0,128,,,,4.5897486209869385,27.888237585542544,,,,,,0.0,4.5897486209869385,0.0,0.0,1.0,0.0,,,
draft_target_interaction,80,baseline,hf,,EleutherAI/pythia-1.4b,greedy,,,,1.0,128,,,,4.625029802322388,27.675497341817508,,,,,,0.0,4.625029802322388,0.0,0.0,1.0,0.0,,,
draft_target_interaction,80,baseline,manual,,EleutherAI/pythia-1.4b,greedy,,,,1.0,128,,,,4.726652145385742,27.080478119160155,,,,,,0.0,4.726652145385742,0.0,0.0,1.0,0.0,,,
draft_target_interaction,80,baseline,manual,,EleutherAI/pythia-1.4b,greedy,,,,1.0,128,,,,4.85228705406189,26.379313213312503,,,,,,0.0,4.85228705406189,0.0,0.0,1.0,0.0,,,
draft_target_interaction,80,baseline,manual,,EleutherAI/pythia-1.4b,greedy,,,,1.0,128,,,,4.43141770362854,28.884661424534826,,,,,,0.0,4.43141770362854,0.0,0.0,1.0,0.0,,,
draft_target_interaction,80,speculative,manual,EleutherAI/pythia-14m,EleutherAI/pythia-1.4b,greedy,1,,,1.0,128,0.8695652173913043,0.8695652173913043,0.8695652173913043,6.070461273193359,21.085712310732813,69,60,93.32555553124477,9,69,0.6429107189178467,2.3828325271606445,3.0076663494110107,0.10590805047334471,0.39252907150285765,0.49545927633087944,0.04301297664642334,0.011125611141324043,0.25865708464631854
draft_target_interaction,80,speculative,manual,EleutherAI/pythia-14m,EleutherAI/pythia-1.4b,greedy,1,,,1.0,128,0.8695652173913043,0.8695652173913043,0.8695652173913043,6.0741941928863525,21.072754004128505,69,60,91.79504968588627,9,69,0.6536300182342529,2.397522211074829,2.9505605697631836,0.1076076920622222,0.3947062169797979,0.4857534145382876,0.04301297664642334,0.011125611141324043,0.25865708464631854
draft_target_interaction,80,speculative,manual,EleutherAI/pythia-14m,EleutherAI/pythia-1.4b,greedy,1,,,1.0,128,0.8695652173913043,0.8695652173913043,0.8695652173913043,6.1017866134643555,20.977462521805005,69,60,92.57992091325363,9,69,0.6480886936187744,2.296133518218994,3.09004807472229,0.1062129396968235,0.37630511580858766,0.5064169349848637,0.04301297664642334,0.011125611141324043,0.25865708464631854
draft_target_interaction,80,speculative,manual,EleutherAI/pythia-14m,EleutherAI/pythia-1.4b,greedy,2,,,1.0,128,0.8526315789473684,0.8526315789473684,1.6875,5.036473035812378,25.414610400937793,95,81,89.64744457306729,8,48,0.9035394191741943,1.9744482040405273,2.1120994091033936,0.17939923687657633,0.3920299364259479,0.4193608094563568,0.04301297664642334,0.011125611141324043,0.25865708464631854
draft_target_interaction,80,speculative,manual,EleutherAI/pythia-14m,EleutherAI/pythia-1.4b,greedy,2,,,1.0,128,0.8526315789473684,0.8526315789473684,1.6875,5.070812463760376,25.24250323094747,95,81,84.48807316725618,8,48,0.9587152004241943,1.9475014209747314,2.0934698581695557,0.18906540268957953,0.3840610227439801,0.41284702858387623,0.04301297664642334,0.011125611141324043,0.25865708464631854
draft_target_interaction,80,speculative,manual,EleutherAI/pythia-14m,EleutherAI/pythia-1.4b,greedy,2,,,1.0,128,0.8526315789473684,0.8526315789473684,1.6875,5.001253604888916,25.593583151807202,95,81,86.10093623172686,8,48,0.9407563209533691,1.963089942932129,2.0428125858306885,0.18810410254615842,0.3925195756946086,0.4084601076485626,0.04301297664642334,0.011125611141324043,0.25865708464631854
draft_target_interaction,80,speculative,manual,EleutherAI/pythia-14m,EleutherAI/pythia-1.4b,greedy,4,,,1.0,128,0.7578125,0.7578125,3.03125,4.02614688873291,31.792183329973724,128,97,75.91674688806592,9,32,1.2777154445648193,1.2958762645721436,1.395918607711792,0.3173544035714345,0.3218651232518681,0.3467132835163669,0.04301297664642334,0.011125611141324043,0.25865708464631854
draft_target_interaction,80,speculative,manual,EleutherAI/pythia-14m,EleutherAI/pythia-1.4b,greedy,4,,,1.0,128,0.7578125,0.7578125,3.03125,4.173067331314087,30.672881561125728,128,97,77.38204714009899,9,32,1.2535207271575928,1.4260659217834473,1.4378836154937744,0.30038353748844565,0.3417308681032911,0.3445627643494046,0.04301297664642334,0.011125611141324043,0.25865708464631854
draft_target_interaction,80,speculative,manual,EleutherAI/pythia-14m,EleutherAI/pythia-1.4b,greedy,4,,,1.0,128,0.7578125,0.7578125,3.03125,4.271728992462158,29.96444770393142,128,97,70.02149243682322,9,32,1.385288953781128,1.3887059688568115,1.4120867252349854,0.32429233133131624,0.3250922451558386,0.3305656158728086,0.04301297664642334,0.011125611141324043,0.25865708464631854
draft_target_interaction,80,speculative,manual,EleutherAI/pythia-14m,EleutherAI/pythia-1.4b,greedy,6,,,1.0,128,0.6688311688311688,0.6688311688311688,3.9615384615384617,3.6602017879486084,34.97074954212803,154,103,70.61901577452697,10,26,1.4585306644439697,1.0771856307983398,1.0564799308776855,0.3984836762951848,0.29429678832053074,0.2886398051485022,0.04301297664642334,0.011125611141324043,0.25865708464631854
draft_target_interaction,80,speculative,manual,EleutherAI/pythia-14m,EleutherAI/pythia-1.4b,greedy,6,,,1.0,128,0.6688311688311688,0.6688311688311688,3.9615384615384617,3.6902191638946533,34.6862867258293,154,103,69.47510793236549,10,26,1.4825453758239746,1.0867512226104736,1.052940845489502,0.4017499530459589,0.29449503521181586,0.2853328755623905,0.04301297664642334,0.011125611141324043,0.25865708464631854
draft_target_interaction,80,speculative,manual,EleutherAI/pythia-14m,EleutherAI/pythia-1.4b,greedy,6,,,1.0,128,0.6688311688311688,0.6688311688311688,3.9615384615384617,3.889627456665039,32.90803590474112,154,103,67.85567166406194,10,26,1.517927646636963,1.1449906826019287,1.1444950103759766,0.39025013669006536,0.2943702694817056,0.29424283511132576,0.04301297664642334,0.011125611141324043,0.25865708464631854
draft_target_interaction,80,speculative,manual,EleutherAI/pythia-14m,EleutherAI/pythia-1.4b,greedy,8,,,1.0,128,0.5988700564971752,0.5988700564971752,4.608695652173913,3.545607805252075,36.101003560065166,177,106,64.53919105257985,10,23,1.6424129009246826,0.9093222618103027,0.9152967929840088,0.46322464049514783,0.25646442352234566,0.2581494748596244,0.04301297664642334,0.011125611141324043,0.25865708464631854
draft_target_interaction,80,speculative,manual,EleutherAI/pythia-14m,EleutherAI/pythia-1.4b,greedy,8,,,1.0,128,0.5988700564971752,0.5988700564971752,4.608695652173913,3.6831889152526855,34.75249381587003,177,106,63.91043837671858,10,23,1.6585710048675537,0.9484703540802002,0.9888184070587158,0.45030842648313285,0.25751336027115795,0.2684680123150506,0.04301297664642334,0.011125611141324043,0.25865708464631854
draft_target_interaction,80,speculative,manual,EleutherAI/pythia-14m,EleutherAI/pythia-1.4b,greedy,8,,,1.0,128,0.5988700564971752,0.5988700564971752,4.608695652173913,3.598876714706421,35.566653194020745,177,106,62.17738550404317,10,23,1.7047998905181885,0.8583574295043945,0.9529862403869629,0.47370333180675733,0.23850703915385865,0.26480102430091246,0.04301297664642334,0.011125611141324043,0.25865708464631854
draft_target_interaction,80,baseline,hf,,EleutherAI/pythia-1.4b,top_k,,50,,1.0,128,,,,4.505635499954224,28.40886707353501,,,,,,0.0,4.505635499954224,0.0,0.0,1.0,0.0,,,
draft_target_interaction,80,baseline,hf,,EleutherAI/pythia-1.4b,top_k,,50,,1.0,128,,,,4.641561508178711,27.57692638015381,,,,,,0.0,4.641561508178711,0.0,0.0,1.0,0.0,,,
draft_target_interaction,80,baseline,hf,,EleutherAI/pythia-1.4b,top_k,,50,,1.0,128,,,,4.635214567184448,27.614687118518997,,,,,,0.0,4.635214567184448,0.0,0.0,1.0,0.0,,,
draft_target_interaction,80,baseline,manual,,EleutherAI/pythia-1.4b,top_k,,50,,1.0,128,,,,4.3955981731414795,29.120041222630682,,,,,,0.0,4.3955981731414795,0.0,0.0,1.0,0.0,,,
draft_target_interaction,80,baseline,manual,,EleutherAI/pythia-1.4b,top_k,,50,,1.0,128,,,,4.723351716995239,27.099400525148106,,,,,,0.0,4.723351716995239,0.0,0.0,1.0,0.0,,,
draft_target_interaction,80,baseline,manual,,EleutherAI/pythia-1.4b,top_k,,50,,1.0,128,,,,4.863769292831421,26.31703773216706,,,,,,0.0,4.863769292831421,0.0,0.0,1.0,0.0,,,
draft_target_interaction,80,speculative,manual,EleutherAI/pythia-14m,EleutherAI/pythia-1.4b,top_k,1,50,,1.0,128,0.43820224719101125,0.2808988764044944,0.43820224719101125,9.121099710464478,14.033395540358784,89,39,41.43150958511972,50,89,0.9413125514984131,3.180732250213623,4.039678335189819,0.10320165126782484,0.3487224513689314,0.4428937807307563,0.04301297664642334,0.011125611141324043,0.25865708464631854
draft_target_interaction,80,speculative,manual,EleutherAI/pythia-14m,EleutherAI/pythia-1.4b,top_k,1,50,,1.0,128,0.573170731707317,0.5121951219512195,0.573170731707317,8.286908388137817,15.44604984208874,82,47,52.204805286254484,35,82,0.9003002643585205,2.957948684692383,3.7480173110961914,0.10864127153224513,0.3569423657351514,0.4522817359078375,0.04301297664642334,0.011125611141324043,0.25865708464631854
draft_target_interaction,80,speculative,manual,EleutherAI/pythia-14m,EleutherAI/pythia-1.4b,top_k,1,50,,1.0,128,0.43820224719101125,0.33707865168539325,0.43820224719101125,9.632917165756226,13.287771274004456,89,39,40.95852313017559,50,89,0.9521827697753906,3.3210701942443848,4.346289396286011,0.09884677231112059,0.3447626650471323,0.45119140147249553,0.04301297664642334,0.011125611141324043,0.25865708464631854
draft_target_interaction,80,speculative,manual,EleutherAI/pythia-14m,EleutherAI/pythia-1.4b,top_k,2,50,,1.0,128,0.38620689655172413,0.2482758620689655,0.7671232876712328,8.619238376617432,14.8505000566225,145,56,38.723269305908865,53,73,1.4461588859558105,2.9333581924438477,3.203427314758301,0.16778267670134295,0.3403268437732925,0.3716601368687829,0.04301297664642334,0.011125611141324043,0.25865708464631854
draft_target_interaction,80,speculative,manual,EleutherAI/pythia-14m,EleutherAI/pythia-1.4b,top_k,2,50,,1.0,128,0.3018867924528302,0.1509433962264151,0.6,9.891643762588501,12.940215304165406,159,48,28.466838604588027,63,80,1.6861724853515625,3.2920479774475098,3.721257209777832,0.1704643359406946,0.33281101265478935,0.3762021054429919,0.04301297664642334,0.011125611141324043,0.25865708464631854
draft_target_interaction,80,speculative,manual,EleutherAI/pythia-14m,EleutherAI/pythia-1.4b,top_k,2,50,,1.0,128,0.3986013986013986,0.2727272727272727,0.7916666666666666,8.693101644515991,14.724318802915217,143,57,38.464555300796995,50,72,1.4818837642669678,2.9263174533843994,3.258936882019043,0.1704666326088351,0.3366252429856788,0.3748877000736475,0.04301297664642334,0.011125611141324043,0.25865708464631854
draft_target_interaction,80,speculative,manual,EleutherAI/pythia-14m,EleutherAI/pythia-1.4b,top_k,4,50,,1.0,128,0.1958041958041958,0.10839160839160839,0.7777777777777778,11.47255539894104,11.157060964100019,286,56,18.026493180845584,68,72,3.106538772583008,3.274224042892456,3.5398571491241455,0.2707800193206958,0.28539622856775915,0.3085500157576827,0.04301297664642334,0.011125611141324043,0.25865708464631854
draft_target_interaction,80,speculative,manual,EleutherAI/pythia-14m,EleutherAI/pythia-1.4b,top_k,4,50,,1.0,128,0.24705882352941178,0.1607843137254902,0.9692307692307692,9.66291356086731,13.246522303414993,255,63,23.326846502003484,61,65,2.7007508277893066,2.73926043510437,2.989881753921509,0.2794965318459184,0.2834818316286898,0.3094182448273031,0.04301297664642334,0.011125611141324043,0.25865708464631854
draft_target_interaction,80,speculative,manual,EleutherAI/pythia-14m,EleutherAI/pythia-1.4b,top_k,4,50,,1.0,128,0.23754789272030652,0.16091954022988506,0.9393939393939394,9.650748491287231,13.26321995807469,261,62,23.274558178553335,63,66,2.6638529300689697,2.7399399280548096,2.9209630489349365,0.27602552615208203,0.28390957763829905,0.30266699537056674,0.04301297664642334,0.011125611141324043,0.25865708464631854
draft_target_interaction,80,speculative,manual,EleutherAI/pythia-14m,EleutherAI/pythia-1.4b,top_k,6,50,,1.0,128,0.22324159021406728,0.2018348623853211,1.3035714285714286,8.953713655471802,14.29574419344721,327,73,22.800255060305766,51,56,3.20171856880188,2.1444945335388184,2.371908664703369,0.3575855440546999,0.23950894746653786,0.2649078087564087,0.04301297664642334,0.011125611141324043,0.25865708464631854
draft_target_interaction,80,speculative,manual,EleutherAI/pythia-14m,EleutherAI/pythia-1.4b,top_k,6,50,,1.0,128,0.16363636363636364,0.1012987012987013,0.9692307692307692,10.684402465820312,11.980080346980133,385,63,16.289747127190722,63,65,3.8674633502960205,2.670644521713257,2.7684760093688965,0.36197282559021327,0.24995731209646208,0.2591137893041118,0.04301297664642334,0.011125611141324043,0.25865708464631854
draft_target_interaction,80,speculative,manual,EleutherAI/pythia-14m,EleutherAI/pythia-1.4b,top_k,6,50,,1.0,128,0.18256130790190736,0.11171662125340599,1.0806451612903225,9.644981384277344,13.271150549720888,367,67,19.209623378593307,58,62,3.487835168838501,2.3466720581054688,2.5459787845611572,0.3616217626427103,0.24330498573391438,0.26396927926801966,0.04301297664642334,0.011125611141324043,0.25865708464631854
draft_target_interaction,80,speculative,manual,EleutherAI/pythia-14m,EleutherAI/pythia-1.4b,top_k,8,50,,1.0,128,0.08388157894736842,0.047697368421052634,0.6623376623376623,13.226751327514648,9.67735741230206,608,51,9.00319883457738,77,77,5.664653301239014,2.849355936050415,3.0810649394989014,0.42827245791302115,0.21542371709394031,0.23294192679721634,0.04301297664642334,0.011125611141324043,0.25865708464631854
draft_target_interaction,80,speculative,manual,EleutherAI/pythia-14m,EleutherAI/pythia-1.4b,top_k,8,50,,1.0,128,0.16143497757847533,0.11434977578475336,1.263157894736842,9.8639657497406,12.976525187485176,446,72,17.1901530823005,56,57,4.188444375991821,2.1231324672698975,2.3039345741271973,0.4246207339174883,0.21524126513980757,0.23357082055843364,0.04301297664642334,0.011125611141324043,0.25865708464631854
draft_target_interaction,80,speculative,manual,EleutherAI/pythia-14m,EleutherAI/pythia-1.4b,top_k,8,50,,1.0,128,0.13211382113821138,0.09959349593495935,1.015625,11.252585649490356,11.37516336130241,492,65,13.780736824998945,63,64,4.716728925704956,2.477954626083374,2.638655424118042,0.41916845360058047,0.22021202088744854,0.23449325393382364,0.04301297664642334,0.011125611141324043,0.25865708464631854
draft_target_interaction,80,baseline,hf,,EleutherAI/pythia-1.4b,top_p,,,0.9,1.0,128,,,,4.5374391078948975,28.209744958844066,,,,,,0.0,4.5374391078948975,0.0,0.0,1.0,0.0,,,
draft_target_interaction,80,baseline,hf,,EleutherAI/pythia-1.4b,top_p,,,0.9,1.0,82,,,,2.9689409732818604,27.619275943151337,,,,,,0.0,2.9689409732818604,0.0,0.0,1.0,0.0,,,
draft_target_interaction,80,baseline,hf,,EleutherAI/pythia-1.4b,top_p,,,0.9,1.0,128,,,,4.520357847213745,28.31634227341018,,,,,,0.0,4.520357847213745,0.0,0.0,1.0,0.0,,,
draft_target_interaction,80,baseline,manual,,EleutherAI/pythia-1.4b,top_p,,,0.9,1.0,128,,,,4.406345844268799,29.049013519101262,,,,,,0.0,4.406345844268799,0.0,0.0,1.0,0.0,,,
draft_target_interaction,80,baseline,manual,,EleutherAI/pythia-1.4b,top_p,,,0.9,1.0,128,,,,4.457644462585449,28.7147171727912,,,,,,0.0,4.457644462585449,0.0,0.0,1.0,0.0,,,
draft_target_interaction,80,baseline,manual,,EleutherAI/pythia-1.4b,top_p,,,0.9,1.0,128,,,,4.690656423568726,27.288291539932395,,,,,,0.0,4.690656423568726,0.0,0.0,1.0,0.0,,,
draft_target_interaction,80,speculative,manual,EleutherAI/pythia-14m,EleutherAI/pythia-1.4b,top_p,1,,0.9,1.0,128,0.5542168674698795,0.3855421686746988,0.5542168674698795,8.111160278320312,15.780726259610628,83,46,51.374368997185485,37,83,0.895388126373291,2.9750053882598877,3.7375805377960205,0.11038964780001995,0.3667792629140306,0.4607948073453693,0.04301297664642334,0.011125611141324043,0.25865708464631854
draft_target_interaction,80,speculative,manual,EleutherAI/pythia-14m,EleutherAI/pythia-1.4b,top_p,1,,0.9,1.0,128,0.31958762886597936,0.20618556701030927,0.31958762886597936,9.099973440170288,14.06597511976966,97,31,31.80343733222123,66,97,0.9747374057769775,3.2894442081451416,4.267882347106934,0.10711431326537336,0.3614784405440623,0.4689994289727365,0.04301297664642334,0.011125611141324043,0.25865708464631854
draft_target_interaction,80,speculative,manual,EleutherAI/pythia-14m,EleutherAI/pythia-1.4b,top_p,1,,0.9,1.0,128,0.391304347826087,0.1956521739130435,0.391304347826087,9.020073652267456,14.190571489161123,92,36,38.41797716216491,56,92,0.9370613098144531,3.3276824951171875,4.292588710784912,0.10388621489569497,0.36891965890773837,0.4758928669840568,0.04301297664642334,0.011125611141324043,0.25865708464631854
draft_target_interaction,80,speculative,manual,EleutherAI/pythia-14m,EleutherAI/pythia-1.4b,top_p,2,,0.9,1.0,128,0.3741496598639456,0.16326530612244897,0.7432432432432432,7.775697708129883,16.46154529209251,147,55,40.64855355416031,54,74,1.3530616760253906,2.7646777629852295,3.1374926567077637,0.17401160986630135,0.3555536579173622,0.4034998240000196,0.04301297664642334,0.011125611141324043,0.25865708464631854
draft_target_interaction,80,speculative,manual,EleutherAI/pythia-14m,EleutherAI/pythia-1.4b,top_p,2,,0.9,1.0,128,0.2883435582822086,0.11042944785276074,0.573170731707317,8.488269567489624,15.079634191902267,163,47,30.55105289332765,65,82,1.5384085178375244,3.01655912399292,3.402669668197632,0.1812393569273158,0.35537975084420614,0.4008672958773574,0.04301297664642334,0.011125611141324043,0.25865708464631854
draft_target_interaction,80,speculative,manual,EleutherAI/pythia-14m,EleutherAI/pythia-1.4b,top_p,2,,0.9,1.0,128,0.427536231884058,0.2391304347826087,0.855072463768116,7.3579511642456055,17.396146990209544,138,59,43.35594408142784,49,69,1.3608283996582031,2.6582746505737305,2.876340389251709,0.18494664741332595,0.3612791918885041,0.3909159391039005,0.04301297664642334,0.011125611141324043,0.25865708464631854
draft_target_interaction,80,speculative,manual,EleutherAI/pythia-14m,EleutherAI/pythia-1.4b,top_p,4,,0.9,1.0,128,0.23106060606060605,0.12878787878787878,0.9104477611940298,8.533098936080933,15.000412037738265,264,61,24.962952946008944,65,67,2.4436211585998535,2.550903797149658,2.822324275970459,0.28636972064947785,0.2989422502021561,0.33075021127865784,0.04301297664642334,0.011125611141324043,0.25865708464631854
draft_target_interaction,80,speculative,manual,EleutherAI/pythia-14m,EleutherAI/pythia-1.4b,top_p,4,,0.9,1.0,128,0.16451612903225807,0.08709677419354839,0.6538461538461539,10.281022787094116,12.450123168745414,310,51,17.166910248334528,74,78,2.9708316326141357,3.10825514793396,3.37520694732666,0.2889626542160235,0.30232937055988124,0.3282948610486104,0.04301297664642334,0.011125611141324043,0.25865708464631854
draft_target_interaction,80,speculative,manual,EleutherAI/pythia-14m,EleutherAI/pythia-1.4b,top_p,4,,0.9,1.0,128,0.15141955835962145,0.0946372239747634,0.6,10.474208354949951,12.220493965972059,317,48,15.577698189581312,78,80,3.0813281536102295,3.151654005050659,3.473182439804077,0.294182438346669,0.3008966308715098,0.33159378944020185,0.04301297664642334,0.011125611141324043,0.25865708464631854
draft_target_interaction,80,speculative,manual,EleutherAI/pythia-14m,EleutherAI/pythia-1.4b,top_p,6,,0.9,1.0,128,0.15577889447236182,0.0829145728643216,0.9253731343283582,10.365997314453125,12.348064167596483,398,62,16.11271315602711,63,67,3.847893238067627,2.624915838241577,2.913419485092163,0.3712033797946849,0.2532236656652133,0.28105539647690575,0.04301297664642334,0.011125611141324043,0.25865708464631854
draft_target_interaction,80,speculative,manual,EleutherAI/pythia-14m,EleutherAI/pythia-1.4b,top_p,6,,0.9,1.0,128,0.12941176470588237,0.0611764705882353,0.7534246575342466,11.240708827972412,11.387182246147418,425,55,12.783536118560907,73,73,4.302408933639526,2.8576762676239014,3.1497347354888916,0.3827524580062973,0.25422562859315395,0.28020783953150735,0.04301297664642334,0.011125611141324043,0.25865708464631854
draft_target_interaction,80,speculative,manual,EleutherAI/pythia-14m,EleutherAI/pythia-1.4b,top_p,6,,0.9,1.0,128,0.18888888888888888,0.13333333333333333,1.1147540983606556,9.15386700630188,13.98316142367808,360,68,20.174598154643874,57,61,3.370575189590454,2.3732545375823975,2.524930953979492,0.36821325755224743,0.25926251014446206,0.2758321649463807,0.04301297664642334,0.011125611141324043,0.25865708464631854
draft_target_interaction,80,speculative,manual,EleutherAI/pythia-14m,EleutherAI/pythia-1.4b,top_p,8,,0.9,1.0,128,0.14285714285714285,0.09594882729211088,1.098360655737705,10.666395425796509,12.00030515373863,469,67,14.585806166579573,60,61,4.593506813049316,2.4604649543762207,2.5548245906829834,0.43065221470600956,0.23067445525464256,0.2395208961130562,0.04301297664642334,0.011125611141324043,0.25865708464631854
draft_target_interaction,80,speculative,manual,EleutherAI/pythia-14m,EleutherAI/pythia-1.4b,top_p,8,,0.9,1.0,128,0.08237232289950576,0.04118616144975288,0.6410256410256411,13.483265399932861,9.493249313377557,607,50,8.547540280166187,78,78,5.849636077880859,2.99387526512146,3.3633038997650146,0.43384416937383635,0.22204378363244023,0.24944283154003347,0.04301297664642334,0.011125611141324043,0.25865708464631854
draft_target_interaction,80,speculative,manual,EleutherAI/pythia-14m,EleutherAI/pythia-1.4b,top_p,8,,0.9,1.0,128,0.10412926391382406,0.06283662477558348,0.8169014084507042,12.471104145050049,10.263726331786343,557,58,10.353450048688144,70,71,5.601997375488281,2.7376277446746826,2.9941933155059814,0.44919818729216454,0.2195176716378625,0.2400904748032609,0.04301297664642334,0.011125611141324043,0.25865708464631854
low_acceptance_reason,73,baseline,hf,,EleutherAI/pythia-1.4b,greedy,,,,1.0,128,,,,4.404290676116943,29.062568620664155,,,,,,0.0,4.404290676116943,0.0,0.0,1.0,0.0,,,
low_acceptance_reason,73,baseline,hf,,EleutherAI/pythia-1.4b,greedy,,,,1.0,128,,,,4.459888458251953,28.700269344890614,,,,,,0.0,4.459888458251953,0.0,0.0,1.0,0.0,,,
low_acceptance_reason,73,baseline,hf,,EleutherAI/pythia-1.4b,greedy,,,,1.0,128,,,,4.409208059310913,29.030156499352017,,,,,,0.0,4.409208059310913,0.0,0.0,1.0,0.0,,,
low_acceptance_reason,73,baseline,manual,,EleutherAI/pythia-1.4b,greedy,,,,1.0,128,,,,4.783131122589111,26.760713164541794,,,,,,0.0,4.783131122589111,0.0,0.0,1.0,0.0,,,
low_acceptance_reason,73,baseline,manual,,EleutherAI/pythia-1.4b,greedy,,,,1.0,128,,,,4.70476222038269,27.206475907636484,,,,,,0.0,4.70476222038269,0.0,0.0,1.0,0.0,,,
low_acceptance_reason,73,baseline,manual,,EleutherAI/pythia-1.4b,greedy,,,,1.0,128,,,,4.605652570724487,27.791935677828405,,,,,,0.0,4.605652570724487,0.0,0.0,1.0,0.0,,,
low_acceptance_reason,73,speculative,manual,EleutherAI/pythia-14m,EleutherAI/pythia-1.4b,greedy,1,,,1.0,128,0.6538461538461539,0.6538461538461539,0.6538461538461539,7.47624397277832,17.120896598085825,78,51,60.908034378053806,27,78,0.8373279571533203,2.8941595554351807,3.6485323905944824,0.11199847947740965,0.38711411317943567,0.4880167640166798,0.043361954391002655,0.011636467650532722,0.26835662308032915
low_acceptance_reason,73,speculative,manual,EleutherAI/pythia-14m,EleutherAI/pythia-1.4b,greedy,1,,,1.0,128,0.6538461538461539,0.6538461538461539,0.6538461538461539,7.042482614517212,18.175408731026717,78,51,59.219883708279035,27,78,0.8611972332000732,2.6814963817596436,3.4427998065948486,0.12228602899563018,0.3807600996035217,0.48886166924969615,0.043361954391002655,0.011636467650532722,0.26835662308032915
low_acceptance_reason,73,speculative,manual,EleutherAI/pythia-14m,EleutherAI/pythia-1.4b,greedy,1,,,1.0,128,0.6538461538461539,0.6538461538461539,0.6538461538461539,6.963353395462036,18.381947996983268,78,51,65.94431328785156,27,78,0.7733798027038574,2.733039140701294,3.3928463459014893,0.11106427590015223,0.3924889324850861,0.4872431647821553,0.043361954391002655,0.011636467650532722,0.26835662308032915
low_acceptance_reason,73,speculative,manual,EleutherAI/pythia-14m,EleutherAI/pythia-1.4b,greedy,2,,,1.0,128,0.5619834710743802,0.5619834710743802,1.1147540983606556,6.503239393234253,19.682498561127368,121,68,56.312832713695926,34,61,1.2075400352478027,2.4715750217437744,2.7129812240600586,0.1856828516114732,0.3800529047592983,0.4171738206166224,0.043361954391002655,0.011636467650532722,0.26835662308032915
low_acceptance_reason,73,speculative,manual,EleutherAI/pythia-14m,EleutherAI/pythia-1.4b,greedy,2,,,1.0,128,0.5619834710743802,0.5619834710743802,1.1147540983606556,6.488357782363892,19.72764207730943,121,68,57.4238633066743,34,61,1.1841766834259033,2.483144521713257,2.7202348709106445,0.18250792005407482,0.38270770586399094,0.4192485929651657,0.043361954391002655,0.011636467650532722,0.26835662308032915
low_acceptance_reason,73,speculative,manual,EleutherAI/pythia-14m,EleutherAI/pythia-1.4b,greedy,2,,,1.0,128,0.5619834710743802,0.5619834710743802,1.1147540983606556,6.518585681915283,19.636161315653858,121,68,58.27159896537775,34,61,1.1669492721557617,2.5255324840545654,2.71034836769104,0.1790187824627765,0.38743565050640194,0.4157877950750029,0.043361954391002655,0.011636467650532722,0.26835662308032915
low_acceptance_reason,73,speculative,manual,EleutherAI/pythia-14m,EleutherAI/pythia-1.4b,greedy,4,,,1.0,128,0.3737864077669903,0.3737864077669903,1.4807692307692308,6.568008661270142,19.48840304593127,206,77,37.53470579559783,44,52,2.0514347553253174,2.119051218032837,2.2875185012817383,0.3123374010485249,0.3226322204062149,0.34828189475002475,0.043361954391002655,0.011636467650532722,0.26835662308032915
low_acceptance_reason,73,speculative,manual,EleutherAI/pythia-14m,EleutherAI/pythia-1.4b,greedy,4,,,1.0,128,0.3737864077669903,0.3737864077669903,1.4807692307692308,6.718104600906372,19.052993009774053,206,77,36.3695156409294,44,52,2.1171576976776123,2.0916571617126465,2.390200138092041,0.3151421157378193,0.31134632250746,0.35578489471116115,0.043361954391002655,0.011636467650532722,0.26835662308032915
low_acceptance_reason,73,speculative,manual,EleutherAI/pythia-14m,EleutherAI/pythia-1.4b,greedy,4,,,1.0,128,0.3737864077669903,0.3737864077669903,1.4807692307692308,6.825535297393799,18.753107913583623,206,77,36.54713134673487,44,52,2.1068685054779053,2.2412455081939697,2.3619132041931152,0.30867447221060784,0.3283618662187194,0.34604072813087156,0.043361954391002655,0.011636467650532722,0.26835662308032915
low_acceptance_reason,73,speculative,manual,EleutherAI/pythia-14m,EleutherAI/pythia-1.4b,greedy,6,,,1.0,128,0.26,0.26,1.56,7.243983268737793,17.66983650450962,300,78,26.151928742014668,45,50,2.982571601867676,2.037278890609741,2.0510904788970947,0.4117308794374625,0.28123738211845994,0.28314401107865633,0.043361954391002655,0.011636467650532722,0.26835662308032915
low_acceptance_reason,73,speculative,manual,EleutherAI/pythia-14m,EleutherAI/pythia-1.4b,greedy,6,,,1.0,128,0.26,0.26,1.56,7.156012535095215,17.887056425942507,300,78,26.750816022604557,45,50,2.9157989025115967,1.973743200302124,2.1378238201141357,0.4074614023119232,0.2758160624540972,0.2987451195242618,0.043361954391002655,0.011636467650532722,0.26835662308032915
low_acceptance_reason,73,speculative,manual,EleutherAI/pythia-14m,EleutherAI/pythia-1.4b,greedy,6,,,1.0,128,0.26,0.26,1.56,7.025846481323242,18.218445327586007,300,78,27.461442130732312,45,50,2.840346097946167,1.9917778968811035,2.0671732425689697,0.4042710163816757,0.2834929431173642,0.2942240836124333,0.043361954391002655,0.011636467650532722,0.26835662308032915
low_acceptance_reason,73,speculative,manual,EleutherAI/pythia-14m,EleutherAI/pythia-1.4b,greedy,8,,,1.0,128,0.22615803814713897,0.22615803814713897,1.8043478260869565,7.583437442779541,16.878889153608476,367,83,22.911457991926003,43,46,3.6226415634155273,1.7885193824768066,2.031888723373413,0.4777044171261375,0.235845471921143,0.26793769167411624,0.043361954391002655,0.011636467650532722,0.26835662308032915
low_acceptance_reason,73,speculative,manual,EleutherAI/pythia-14m,EleutherAI/pythia-1.4b,greedy,8,,,1.0,128,0.22615803814713897,0.22615803814713897,1.8043478260869565,7.397659778594971,17.30276923120556,367,83,22.948185455350384,43,46,3.6168437004089355,1.8157010078430176,1.8497812747955322,0.488917280418089,0.2454426213404304,0.2500495197343151,0.043361954391002655,0.011636467650532722,0.26835662308032915
low_acceptance_reason,73,speculative,manual,EleutherAI/pythia-14m,EleutherAI/pythia-1.4b,greedy,8,,,1.0,128,0.22615803814713897,0.22615803814713897,1.8043478260869565,7.491138458251953,17.086855451056316,367,83,23.566678362208098,43,46,3.5219218730926514,1.8612418174743652,2.010540723800659,0.4701450777769347,0.2484591398019205,0.2683892087972188,0.043361954391002655,0.011636467650532722,0.26835662308032915
low_acceptance_reason,73,baseline,hf,,EleutherAI/pythia-1.4b,top_k,,50,,1.0,128,,,,4.633411407470703,27.62543377728526,,,,,,0.0,4.633411407470703,0.0,0.0,1.0,0.0,,,
low_acceptance_reason,73,baseline,hf,,EleutherAI/pythia-1.4b,top_k,,50,,1.0,128,,,,4.5960118770599365,27.850232641670512,,,,,,0.0,4.5960118770599365,0.0,0.0,1.0,0.0,,,
low_acceptance_reason,73,baseline,hf,,EleutherAI/pythia-1.4b,top_k,,50,,1.0,128,,,,4.692342281341553,27.27848744303548,,,,,,0.0,4.692342281341553,0.0,0.0,1.0,0.0,,,
low_acceptance_reason,73,baseline,manual,,EleutherAI/pythia-1.4b,top_k,,50,,1.0,128,,,,4.937838315963745,25.922274446731766,,,,,,0.0,4.937838315963745,0.0,0.0,1.0,0.0,,,
low_acceptance_reason,73,baseline,manual,,EleutherAI/pythia-1.4b,top_k,,50,,1.0,128,,,,4.899435043334961,26.12546117416685,,,,,,0.0,4.899435043334961,0.0,0.0,1.0,0.0,,,
low_acceptance_reason,73,baseline,manual,,EleutherAI/pythia-1.4b,top_k,,50,,1.0,128,,,,4.832366466522217,26.48805732900463,,,,,,0.0,4.832366466522217,0.0,0.0,1.0,0.0,,,
low_acceptance_reason,73,speculative,manual,EleutherAI/pythia-14m,EleutherAI/pythia-1.4b,top_k,1,50,,1.0,128,0.5176470588235295,0.24705882352941178,0.5176470588235295,8.915723323822021,14.356659056253502,85,44,45.95473138615427,41,85,0.9574639797210693,3.0134098529815674,4.069798707962036,0.107390499339836,0.3379882645000887,0.45647431623274975,0.043361954391002655,0.011636467650532722,0.26835662308032915
low_acceptance_reason,73,speculative,manual,EleutherAI/pythia-14m,EleutherAI/pythia-1.4b,top_k,1,50,,1.0,128,0.45454545454545453,0.3068181818181818,0.45454545454545453,8.88719630241394,14.402742512307581,88,40,45.38178827965555,48,88,0.8814108371734619,3.2028965950012207,3.8717381954193115,0.09917760418255339,0.36039449180741623,0.43565350237258404,0.043361954391002655,0.011636467650532722,0.26835662308032915
low_acceptance_reason,73,speculative,manual,EleutherAI/pythia-14m,EleutherAI/pythia-1.4b,top_k,1,50,,1.0,128,0.5058823529411764,0.27058823529411763,0.5058823529411764,8.466275930404663,15.118807968485617,85,43,51.007081399469385,42,85,0.8430202007293701,3.054312229156494,3.767735242843628,0.09957391037798081,0.3607621880344865,0.4450286375988151,0.043361954391002655,0.011636467650532722,0.26835662308032915
low_acceptance_reason,73,speculative,manual,EleutherAI/pythia-14m,EleutherAI/pythia-1.4b,top_k,2,50,,1.0,128,0.35333333333333333,0.22666666666666666,0.7066666666666667,8.946329832077026,14.307543138087372,150,53,34.1994201587525,57,75,1.5497338771820068,3.013434410095215,3.367976188659668,0.17322565859638248,0.33683470950182937,0.3764645672445257,0.043361954391002655,0.011636467650532722,0.26835662308032915
low_acceptance_reason,73,speculative,manual,EleutherAI/pythia-14m,EleutherAI/pythia-1.4b,top_k,2,50,,1.0,128,0.3767123287671233,0.2465753424657534,0.7534246575342466,8.569519281387329,14.936660481995897,146,55,37.25140201388764,53,73,1.476454496383667,2.931196928024292,3.153198719024658,0.17229140257499276,0.3420491665606892,0.36795514608074764,0.043361954391002655,0.011636467650532722,0.26835662308032915
low_acceptance_reason,73,speculative,manual,EleutherAI/pythia-14m,EleutherAI/pythia-1.4b,top_k,2,50,,1.0,128,0.3916083916083916,0.25874125874125875,0.7777777777777778,8.260106086730957,15.496169014780492,143,56,39.33926534979184,54,72,1.4235141277313232,2.7850699424743652,3.041454792022705,0.17233605873634697,0.3371712073950605,0.3682101367812335,0.043361954391002655,0.011636467650532722,0.26835662308032915
low_acceptance_reason,73,speculative,manual,EleutherAI/pythia-14m,EleutherAI/pythia-1.4b,top_k,4,50,,1.0,128,0.25,0.125,0.9846153846153847,9.22705602645874,13.872246969451341,256,64,24.522321500348603,60,65,2.6098670959472656,2.6935646533966064,2.754819869995117,0.2828493821283221,0.29192026640704943,0.29855891869471957,0.043361954391002655,0.011636467650532722,0.26835662308032915
low_acceptance_reason,73,speculative,manual,EleutherAI/pythia-14m,EleutherAI/pythia-1.4b,top_k,4,50,,1.0,128,0.25196850393700787,0.1377952755905512,0.9846153846153847,9.15431022644043,13.982484407213676,254,64,25.165540101250734,64,65,2.5431602001190186,2.5718958377838135,2.7557637691497803,0.2778101394000827,0.2809491675686713,0.30103456196954054,0.043361954391002655,0.011636467650532722,0.26835662308032915
low_acceptance_reason,73,speculative,manual,EleutherAI/pythia-14m,EleutherAI/pythia-1.4b,top_k,4,50,,1.0,128,0.2936170212765957,0.15319148936170213,1.15,8.252551078796387,15.510355377124,235,69,30.590174892519457,53,60,2.2556262016296387,2.35937762260437,2.5713140964508057,0.2733247186345941,0.2858967609017791,0.31157808923562885,0.043361954391002655,0.011636467650532722,0.26835662308032915
low_acceptance_reason,73,speculative,manual,EleutherAI/pythia-14m,EleutherAI/pythia-1.4b,top_k,6,50,,1.0,128,0.1435523114355231,0.06082725060827251,0.8428571428571429,11.201982736587524,11.426548586075826,411,59,14.629872997151931,69,70,4.032844305038452,2.7730214595794678,2.867640495300293,0.3600116514968834,0.24754737842277885,0.2559940113042761,0.043361954391002655,0.011636467650532722,0.26835662308032915
low_acceptance_reason,73,speculative,manual,EleutherAI/pythia-14m,EleutherAI/pythia-1.4b,top_k,6,50,,1.0,128,0.1435523114355231,0.0851581508515815,0.8428571428571429,11.268758773803711,11.358837523220338,411,59,14.825741357654687,69,70,3.979564905166626,2.926516532897949,2.906113862991333,0.3531502435226364,0.25970176411098367,0.25789121245075597,0.043361954391002655,0.011636467650532722,0.26835662308032915
low_acceptance_reason,73,speculative,manual,EleutherAI/pythia-14m,EleutherAI/pythia-1.4b,top_k,6,50,,1.0,128,0.1994219653179191,0.11271676300578035,1.1694915254237288,9.476675271987915,13.506846686870757,346,69,20.14455394601,58,59,3.425243377685547,2.298853874206543,2.5257744789123535,0.36143935287201584,0.24258020964395818,0.2665253800959378,0.043361954391002655,0.011636467650532722,0.26835662308032915
low_acceptance_reason,73,speculative,manual,EleutherAI/pythia-14m,EleutherAI/pythia-1.4b,top_k,8,50,,1.0,128,0.11090573012939002,0.06469500924214418,0.8695652173913043,12.308220386505127,10.399553792548325,541,60,11.63203985187095,68,69,5.1581666469573975,2.587230920791626,2.9045188426971436,0.41908305871845375,0.21020349323841286,0.23598203082889962,0.043361954391002655,0.011636467650532722,0.26835662308032915
low_acceptance_reason,73,speculative,manual,EleutherAI/pythia-14m,EleutherAI/pythia-1.4b,top_k,8,50,,1.0,128,0.13211382113821138,0.09349593495934959,1.0317460317460319,10.799816608428955,11.852053108022185,492,65,14.551529555888933,63,63,4.46688437461853,2.2966885566711426,2.554516315460205,0.4136074284013538,0.21265995895510312,0.2365333049698711,0.043361954391002655,0.011636467650532722,0.26835662308032915
low_acceptance_reason,73,speculative,manual,EleutherAI/pythia-14m,EleutherAI/pythia-1.4b,top_k,8,50,,1.0,128,0.15990990990990991,0.08108108108108109,1.2456140350877194,9.994217872619629,12.807405404946346,444,71,17.464432054170803,55,57,4.065405607223511,2.1893014907836914,2.3983161449432373,0.4067757636504185,0.2190568105165636,0.23997036841809452,0.043361954391002655,0.011636467650532722,0.26835662308032915
low_acceptance_reason,73,baseline,hf,,EleutherAI/pythia-1.4b,top_p,,,0.9,1.0,128,,,,4.827068328857422,26.517130332459555,,,,,,0.0,4.827068328857422,0.0,0.0,1.0,0.0,,,
low_acceptance_reason,73,baseline,hf,,EleutherAI/pythia-1.4b,top_p,,,0.9,1.0,128,,,,4.874199151992798,26.260724276657363,,,,,,0.0,4.874199151992798,0.0,0.0,1.0,0.0,,,
low_acceptance_reason,73,baseline,hf,,EleutherAI/pythia-1.4b,top_p,,,0.9,1.0,128,,,,4.65112566947937,27.520219640577427,,,,,,0.0,4.65112566947937,0.0,0.0,1.0,0.0,,,
low_acceptance_reason,73,baseline,manual,,EleutherAI/pythia-1.4b,top_p,,,0.9,1.0,128,,,,4.46516227722168,28.66637135518496,,,,,,0.0,4.46516227722168,0.0,0.0,1.0,0.0,,,
low_acceptance_reason,73,baseline,manual,,EleutherAI/pythia-1.4b,top_p,,,0.9,1.0,128,,,,4.437666416168213,28.843988708489725,,,,,,0.0,4.437666416168213,0.0,0.0,1.0,0.0,,,
low_acceptance_reason,73,baseline,manual,,EleutherAI/pythia-1.4b,top_p,,,0.9,1.0,128,,,,4.488978147506714,28.514284497262317,,,,,,0.0,4.488978147506714,0.0,0.0,1.0,0.0,,,
low_acceptance_reason,73,speculative,manual,EleutherAI/pythia-14m,EleutherAI/pythia-1.4b,top_p,1,,0.9,1.0,128,0.5357142857142857,0.2857142857142857,0.5357142857142857,7.670040130615234,16.688309033623373,84,45,51.36326898490808,39,84,0.8761124610900879,2.7853877544403076,3.6289913654327393,0.1142252773349978,0.3631516533169539,0.47313851083353436,0.043361954391002655,0.011636467650532722,0.26835662308032915
low_acceptance_reason,73,speculative,manual,EleutherAI/pythia-14m,EleutherAI/pythia-1.4b,top_p,1,,0.9,1.0,128,0.45454545454545453,0.22727272727272727,0.45454545454545453,8.244531631469727,15.525442283636657,88,40,48.33620383169756,48,88,0.8275370597839355,3.0788936614990234,3.839393138885498,0.10037405358785835,0.37344676436763924,0.465689660796542,0.043361954391002655,0.011636467650532722,0.26835662308032915
low_acceptance_reason,73,speculative,manual,EleutherAI/pythia-14m,EleutherAI/pythia-1.4b,top_p,1,,0.9,1.0,128,0.573170731707317,0.21951219512195122,0.573170731707317,7.5452563762664795,16.964300961677402,82,47,55.79100958112371,35,82,0.8424296379089355,2.792001485824585,3.548997163772583,0.11165023372284455,0.37003401164827143,0.47036137498732505,0.043361954391002655,0.011636467650532722,0.26835662308032915
low_acceptance_reason,73,speculative,manual,EleutherAI/pythia-14m,EleutherAI/pythia-1.4b,top_p,2,,0.9,1.0,128,0.2919254658385093,0.15527950310559005,0.5802469135802469,8.976341485977173,14.259707053253422,161,47,30.819612383734036,68,81,1.5250029563903809,3.2231791019439697,3.615602493286133,0.16989137041775185,0.3590749201085114,0.4027924404318198,0.043361954391002655,0.011636467650532722,0.26835662308032915
low_acceptance_reason,73,speculative,manual,EleutherAI/pythia-14m,EleutherAI/pythia-1.4b,top_p,2,,0.9,1.0,128,0.2787878787878788,0.17575757575757575,0.5542168674698795,9.08504581451416,14.089086903173206,165,46,28.72254983401069,66,83,1.6015291213989258,3.2445077896118164,3.6522469520568848,0.17628189819806325,0.35712618910830696,0.40200644296389776,0.043361954391002655,0.011636467650532722,0.26835662308032915
low_acceptance_reason,73,speculative,manual,EleutherAI/pythia-14m,EleutherAI/pythia-1.4b,top_p,2,,0.9,1.0,128,0.4084507042253521,0.24647887323943662,0.8169014084507042,8.075315713882446,15.850773460157415,142,58,40.55774139369994,51,71,1.4300599098205566,2.8708441257476807,3.227177619934082,0.17709027863295926,0.3555085927863293,0.3996348544473837,0.043361954391002655,0.011636467650532722,0.26835662308032915
low_acceptance_reason,73,speculative,manual,EleutherAI/pythia-14m,EleutherAI/pythia-1.4b,top_p,4,,0.9,1.0,128,0.16339869281045752,0.10457516339869281,0.6410256410256411,9.90133023262024,12.927555893277859,306,50,17.47753524443316,75,78,2.8608152866363525,2.896362543106079,3.327935218811035,0.2889324181119935,0.29252256768125184,0.33610991054990264,0.043361954391002655,0.011636467650532722,0.26835662308032915
low_acceptance_reason,73,speculative,manual,EleutherAI/pythia-14m,EleutherAI/pythia-1.4b,top_p,4,,0.9,1.0,128,0.23220973782771537,0.0898876404494382,0.9253731343283582,8.514240741729736,15.033636454822133,267,62,24.677066049648715,61,67,2.5124542713165283,2.560049057006836,2.7497684955596924,0.2950884697213886,0.3006784908558671,0.3229610929466219,0.043361954391002655,0.011636467650532722,0.26835662308032915
low_acceptance_reason,73,speculative,manual,EleutherAI/pythia-14m,EleutherAI/pythia-1.4b,top_p,4,,0.9,1.0,128,0.20640569395017794,0.09608540925266904,0.8169014084507042,9.153669834136963,13.983462624208604,281,58,21.7430904336782,66,71,2.6675140857696533,2.7576277256011963,2.938809871673584,0.2914147149836714,0.30125925181582586,0.32105264062658473,0.043361954391002655,0.011636467650532722,0.26835662308032915
low_acceptance_reason,73,speculative,manual,EleutherAI/pythia-14m,EleutherAI/pythia-1.4b,top_p,6,,0.9,1.0,128,0.13053613053613053,0.05128205128205128,0.7777777777777778,10.874912738800049,11.770209386905266,429,56,13.775477469703084,71,72,4.065194845199585,2.8046422004699707,2.9862911701202393,0.3738140197388051,0.2579002027725179,0.2746036903326684,0.043361954391002655,0.011636467650532722,0.26835662308032915
low_acceptance_reason,73,speculative,manual,EleutherAI/pythia-14m,EleutherAI/pythia-1.4b,top_p,6,,0.9,1.0,128,0.19943019943019943,0.1339031339031339,1.1864406779661016,8.930197954177856,14.33338887410857,351,70,21.169033127373574,58,59,3.3067169189453125,2.2830491065979004,2.5384926795959473,0.370284839811229,0.2556549270590145,0.2842593963338016,0.043361954391002655,0.011636467650532722,0.26835662308032915
low_acceptance_reason,73,speculative,manual,EleutherAI/pythia-14m,EleutherAI/pythia-1.4b,top_p,6,,0.9,1.0,128,0.15521628498727735,0.061068702290076333,0.9104477611940298,9.640030860900879,13.27796579149521,393,61,17.196025482529052,66,67,3.5473313331604004,2.588101863861084,2.6570842266082764,0.36797925072502263,0.2684744376035349,0.2756302614533297,0.043361954391002655,0.011636467650532722,0.26835662308032915
low_acceptance_reason,73,speculative,manual,EleutherAI/pythia-14m,EleutherAI/pythia-1.4b,top_p,8,,0.9,1.0,128,0.10338680926916222,0.0677361853832442,0.8169014084507042,13.224551916122437,9.678966880076404,561,58,9.937118414300322,70,71,5.836702108383179,3.069003105163574,3.053433656692505,0.4413534874680695,0.23206858913851464,0.2308912752627917,0.043361954391002655,0.011636467650532722,0.26835662308032915
low_acceptance_reason,73,speculative,manual,EleutherAI/pythia-14m,EleutherAI/pythia-1.4b,top_p,8,,0.9,1.0,128,0.10344827586206896,0.06352087114337568,0.8028169014084507,12.42741346359253,10.29981020386825,551,57,10.634474733510192,71,71,5.359926223754883,2.787534713745117,3.1142210960388184,0.4312986157141528,0.22430530068960092,0.25059286111001866,0.043361954391002655,0.011636467650532722,0.26835662308032915
low_acceptance_reason,73,speculative,manual,EleutherAI/pythia-14m,EleutherAI/pythia-1.4b,top_p,8,,0.9,1.0,128,0.16143497757847533,0.10762331838565023,1.263157894736842,9.922649383544922,12.89978059814014,446,72,16.595351233685868,55,57,4.338564395904541,2.2527897357940674,2.3462321758270264,0.4372385063911796,0.22703510410535596,0.2364521898473875,0.043361954391002655,0.011636467650532722,0.26835662308032915
