prompt_id,mode,baseline_impl,draft_model,target_model,strategy,candidate_length_k,top_k,top_p,temperature,n,prompt_chars_mean,prompt_chars_std,generated_tokens_mean,generated_tokens_std,acceptance_rate_mean,acceptance_rate_std,avg_accepted_prefix_length_mean,avg_accepted_prefix_length_std,total_generation_time_mean,total_generation_time_std,tokens_per_s_mean,tokens_per_s_std,proposed_tokens_mean,proposed_tokens_std,accepted_tokens_mean,accepted_tokens_std,rejection_events_mean,rejection_events_std,verify_rounds_mean,verify_rounds_std,draft_time_mean,draft_time_std,verify_time_mean,verify_time_std,rebuild_time_mean,rebuild_time_std,draft_time_ratio_mean,draft_time_ratio_std,verify_time_ratio_mean,verify_time_ratio_std,rebuild_time_ratio_mean,rebuild_time_ratio_std,target_token_time_mean,target_token_time_std,draft_token_time_mean,draft_token_time_std,draft_target_latency_ratio_mean,draft_target_latency_ratio_std
explain_sd_simple,baseline,hf,,EleutherAI/pythia-1.4b,greedy,,,,1.0,3,45.0,0.0,128.0,0.0,,,,,3.3804807662963867,0.060062875972809196,37.87650839151651,0.6794462154158422,,,,,,,,,0.0,0.0,3.3804807662963867,0.060062875972809196,0.0,0.0,0.0,0.0,1.0,0.0,0.0,0.0,0.02641000598669052,0.00046924121853757184,,,,
explain_sd_simple,baseline,manual,,EleutherAI/pythia-1.4b,greedy,,,,1.0,3,45.0,0.0,128.0,0.0,,,,,3.3826008637746177,0.07702524212546001,37.86028128010198,0.8598283812886798,,,,,,,,,0.0,0.0,3.3826008637746177,0.07702524212546001,0.0,0.0,0.0,0.0,1.0,0.0,0.0,0.0,0.0264265692482392,0.0006017597041051563,,,,
explain_sd_simple,speculative,manual,EleutherAI/pythia-14m,EleutherAI/pythia-1.4b,greedy,1,,,1.0,3,45.0,0.0,128.0,0.0,0.6753246753246753,0.0,0.6753246753246753,0.0,5.496414979298909,0.19043277034085682,23.315339571315082,0.7918599187273506,77.0,0.0,52.0,0.0,25.0,0.0,77.0,0.0,0.6042763392130533,0.020883869906157572,2.133370320002238,0.09573547703550765,2.6954418818155923,0.0797277704349236,0.10994047172988644,7.836141672278443e-05,0.3880052128068263,0.004190411307048488,0.49048811788139485,0.0030233228854398505,0.0264265692482392,0.0,0.00784774466510459,0.00027121908969035763,0.2969641874957902,0.010263121449577821
explain_sd_simple,speculative,manual,EleutherAI/pythia-14m,EleutherAI/pythia-1.4b,greedy,2,,,1.0,3,45.0,0.0,128.0,0.0,0.6576576576576577,0.0,1.3035714285714286,0.0,4.457254807154338,0.04799395388930488,28.72058205743631,0.31154897080933397,111.0,0.0,73.0,0.0,28.0,0.0,56.0,0.0,0.8322245279947916,0.012753735143773717,1.699485143025716,0.04140991324421735,1.8657326698303223,0.007164952886036001,0.1867303183750418,0.0032732500111816044,0.38122892723731944,0.005224162575550305,0.4186360600704404,0.005139582912669585,0.0264265692482392,0.0,0.007497518270223349,0.00011489851480877192,0.283711373950779,0.004347840755622408
explain_sd_simple,speculative,manual,EleutherAI/pythia-14m,EleutherAI/pythia-1.4b,greedy,4,,,1.0,3,45.0,0.0,128.0,0.0,0.4263157894736842,0.0,1.6875,0.0,4.494434674580892,0.07162469236177989,28.486822203193974,0.44902906795302344,190.0,0.0,81.0,0.0,39.0,0.0,48.0,0.0,1.3881417115529378,0.024401544920447608,1.4469995498657227,0.028442737844705895,1.5809717178344727,0.02252294467439712,0.308861530191704,0.0027597717672021155,0.32193684443340304,0.0016912032056927292,0.35178447889592784,0.003126729264994412,0.0264265692482392,0.0,0.0073060090081733566,0.00012842918379182974,0.27646452854110665,0.004859850803387457
explain_sd_simple,speculative,manual,EleutherAI/pythia-14m,EleutherAI/pythia-1.4b,greedy,6,,,1.0,3,45.0,0.0,128.0,0.0,0.32945736434108525,0.0,1.9767441860465116,0.0,4.564871152242024,0.019351479640300814,28.040726765214856,0.11909707561680725,258.0,0.0,85.0,0.0,38.0,0.0,43.0,0.0,1.8393465677897136,0.003537898692911646,1.2737385431925456,0.02877073979667763,1.3709382216135662,0.022584978574000797,0.40294557381297935,0.002484578865623236,0.27902560581168345,0.005945320773161149,0.30031511394683447,0.004226680027983929,0.0264265692482392,0.0,0.007129250262750828,1.3712785631440344e-05,0.2697758530735445,0.0005189014700557313
explain_sd_simple,speculative,manual,EleutherAI/pythia-14m,EleutherAI/pythia-1.4b,greedy,8,,,1.0,3,45.0,0.0,128.0,0.0,0.25072886297376096,0.0,2.0,0.0,5.313285748163859,0.046248407945296575,24.092380122532433,0.20973971802639324,343.0,0.0,86.0,0.0,41.0,0.0,43.0,0.0,2.5475827852884927,0.043979582697012486,1.289899508158366,0.015495016261385565,1.3781429926554363,0.017097533851010933,0.47945020577619213,0.005362121093573381,0.24276619750073153,0.0016632915911615454,0.25938948436652026,0.0034447480926453142,0.0264265692482392,0.0,0.007427355059150125,0.0001282203577172374,0.28105634860813455,0.004851948677590117
explain_sd_simple,baseline,hf,,EleutherAI/pythia-1.4b,top_k,,50,,1.0,3,45.0,0.0,128.0,0.0,,,,,3.5764137903849282,0.07985478029168426,35.80809090572195,0.808396575978554,,,,,,,,,0.0,0.0,3.5764137903849282,0.07985478029168426,0.0,0.0,0.0,0.0,1.0,0.0,0.0,0.0,0.027940732737382252,0.0006238654710287833,,,,
explain_sd_simple,baseline,manual,,EleutherAI/pythia-1.4b,top_k,,50,,1.0,3,45.0,0.0,128.0,0.0,,,,,3.6113036473592124,0.01017107276668351,35.444545647534966,0.0999871582097374,,,,,,,,,0.0,0.0,3.6113036473592124,0.01017107276668351,0.0,0.0,0.0,0.0,1.0,0.0,0.0,0.0,0.028213309744993847,7.946150598971492e-05,,,,
explain_sd_simple,speculative,manual,EleutherAI/pythia-14m,EleutherAI/pythia-1.4b,top_k,1,50,,1.0,3,45.0,0.0,128.0,0.0,0.47243203794927935,0.041481060345675,0.47243203794927935,0.041481060345675,6.803849220275879,0.26804141571679496,18.84295882842645,0.7635067480571057,87.0,2.449489742783178,41.0,2.449489742783178,46.0,4.898979485566356,87.0,2.449489742783178,0.6640346050262451,0.01940117460291165,2.4042054812113443,0.09517073437068295,3.046040932337443,0.10478227262800283,0.09766436213015692,0.002474659925138972,0.353373109776458,0.0032821600627803275,0.44778552375025027,0.002464087953049812,0.028213309744993847,0.0,0.00763620495295964,0.0002418129417697197,0.27065966460438423,0.008570881755999099
explain_sd_simple,speculative,manual,EleutherAI/pythia-14m,EleutherAI/pythia-1.4b,top_k,2,50,,1.0,3,45.0,0.0,128.0,0.0,0.3797949717288163,0.05097157841247782,0.7556640983305816,0.09918724553624228,6.610177040100098,0.4059635453745129,19.434673973756414,1.149689473837449,146.0,8.831760866327848,55.0,4.320493798938574,53.333333333333336,4.988876515698588,73.33333333333333,4.189935029992179,1.1039878527323406,0.0598613073085597,2.232734123865763,0.15439440093175383,2.5025415420532227,0.12998962848439857,0.16709050673002054,0.00176145719906347,0.337617229229266,0.0027642715274876517,0.37880204523464117,0.0035479533638718146,0.028213309744993847,0.0,0.007565340589960102,0.00012494259337590943,0.2681479294113124,0.004428498269263841
explain_sd_simple,speculative,manual,EleutherAI/pythia-14m,EleutherAI/pythia-1.4b,top_k,4,50,,1.0,3,45.0,0.0,128.0,0.0,0.22252716785299098,0.03985534095061861,0.8819855112242266,0.16489224761343585,7.403131087621053,0.5823757996630488,17.40301736513278,1.4375269172310698,271.6666666666667,19.770910168449223,59.666666666666664,5.9066817155564495,63.666666666666664,7.586537784494028,68.66666666666667,5.436502143433364,2.0343291759490967,0.14905720097918695,2.0733964443206787,0.1606671550392454,2.321467161178589,0.1746264927699286,0.27492054868911064,0.002573786476322304,0.2801089852932842,0.001879473926076595,0.31366803159776924,0.001368966421353534,0.028213309744993847,0.0,0.0074880612632439005,2.9740258775465178e-05,0.26540882055047005,0.0010541215846092604
explain_sd_simple,speculative,manual,EleutherAI/pythia-14m,EleutherAI/pythia-1.4b,top_k,6,50,,1.0,3,45.0,0.0,128.0,0.0,0.15267888139671232,0.01629518371883567,0.897044203893519,0.09370460013968637,8.350606441497803,0.33280541892910925,15.352480700512064,0.608769172112984,399.6666666666667,21.761331658599286,60.666666666666664,3.39934634239519,66.0,2.8284271247461903,68.0,3.559026084010437,2.901877005894979,0.14746379944298932,2.023966630299886,0.09231326463448486,2.274249871571859,0.08688380353766184,0.3473838633311646,0.0055307038032076025,0.24231888009023775,0.001413782487964048,0.2724004725979944,0.004774617190247829,0.028213309744993847,0.0,0.007262133684600425,2.584929115722791e-05,0.25740098379946413,0.0009162091009834328
explain_sd_simple,speculative,manual,EleutherAI/pythia-14m,EleutherAI/pythia-1.4b,top_k,8,50,,1.0,3,45.0,0.0,128.0,0.0,0.15015310822008693,0.07968235738539912,1.1782239382239383,0.6316623305072544,8.835079669952393,2.1146955408941746,15.558948606137116,4.476640720657966,497.6666666666667,118.03201072402162,65.33333333333333,15.326085243430198,62.666666666666664,15.326085243430198,63.666666666666664,15.326085243430198,3.6148393154144287,0.8845291835239294,1.8559272289276123,0.4425304824050357,2.166696071624756,0.5249526193454995,0.4084859680056331,0.00306612035963845,0.2101386748491157,0.0012903740567326181,0.24501912569194412,0.0009758350224001987,0.028213309744993847,0.0,0.007247075507745453,7.103031794990413e-05,0.2568672578030789,0.0025176173441511275
explain_sd_simple,baseline,hf,,EleutherAI/pythia-1.4b,top_p,,,0.9,1.0,3,45.0,0.0,128.0,0.0,,,,,3.7743796507517495,0.07061168559479987,33.92459721549484,0.6275219677018915,,,,,,,,,0.0,0.0,3.7743796507517495,0.07061168559479987,0.0,0.0,0.0,0.0,1.0,0.0,0.0,0.0,0.029487341021498043,0.000551653793709374,,,,
explain_sd_simple,baseline,manual,,EleutherAI/pythia-1.4b,top_p,,,0.9,1.0,3,45.0,0.0,128.0,0.0,,,,,3.784250338872274,0.13835447760704658,33.8693754793006,1.2305261851254168,,,,,,,,,0.0,0.0,3.784250338872274,0.13835447760704658,0.0,0.0,0.0,0.0,1.0,0.0,0.0,0.0,0.02956445577243964,0.0010808943563050514,,,,
explain_sd_simple,speculative,manual,EleutherAI/pythia-14m,EleutherAI/pythia-1.4b,top_p,1,,0.9,1.0,3,45.0,0.0,128.0,0.0,0.45768607175525167,0.06773401981201638,0.45768607175525167,0.06773401981201638,6.648968458175659,0.44947930145495396,19.337519080593516,1.279400783889983,88.0,4.08248290463863,40.0,4.08248290463863,48.0,8.16496580927726,88.0,4.08248290463863,0.6926397482554117,0.06303309314057727,2.4754347801208496,0.18643614501855213,3.1259018580118814,0.17189024819073345,0.10401249107481114,0.0023917071927983783,0.37211350277534255,0.002813001250412835,0.4705266149134302,0.005817653645849275,0.02956445577243964,0.0,0.007855639620908923,0.0003609695482209483,0.2657123026844976,0.012209578657539447
explain_sd_simple,speculative,manual,EleutherAI/pythia-14m,EleutherAI/pythia-1.4b,top_p,2,,0.9,1.0,3,45.0,0.0,128.0,0.0,0.33773400991944036,0.00538994434845901,0.6739576213260424,0.008981728568889059,6.942886749903361,0.1383092772884195,18.4433532632665,0.36232589660712744,153.0,1.4142135623730951,51.666666666666664,0.4714045207910317,63.0,2.943920288775949,76.66666666666667,0.4714045207910317,1.2544106642405193,0.01851326257558577,2.481004317601522,0.009319354448523713,2.756614923477173,0.09834362099882311,0.1806956116820213,0.001204223954238613,0.35746069366101896,0.00584688319216575,0.39692156509435356,0.006361899810040142,0.02956445577243964,0.0,0.00819919497993902,0.00012567135240564324,0.27733285682811093,0.0042507581865516885
explain_sd_simple,speculative,manual,EleutherAI/pythia-14m,EleutherAI/pythia-1.4b,top_p,4,,0.9,1.0,3,45.0,0.0,128.0,0.0,0.2194541612498269,0.028563958700997764,0.8623227752639517,0.1089532961216235,7.5243048667907715,0.3657955525063957,17.050985902618514,0.8117173089198697,272.6666666666667,17.78263822446552,59.333333333333336,4.109609335312651,64.33333333333333,4.0276819911981905,69.33333333333333,4.189935029992179,2.2042253017425537,0.09649548922218827,2.2508124510447183,0.11738126424355044,2.448836167653402,0.12195984104823868,0.29303833416648134,0.0038092339247257556,0.2991170898358314,0.004843040758404174,0.3254410186781857,0.001044621838527989,0.02956445577243964,0.0,0.00809564726820869,0.0001985235437776547,0.273830417529808,0.006714939903027769
explain_sd_simple,speculative,manual,EleutherAI/pythia-14m,EleutherAI/pythia-1.4b,top_p,6,,0.9,1.0,3,45.0,0.0,128.0,0.0,0.13541128933282054,0.03163225050587387,0.7957323688969259,0.18063800690625645,8.992147525151571,0.8188096985063272,14.358167543884075,1.358484589143713,426.0,43.04261454264444,56.333333333333336,6.944222218666553,71.0,6.48074069840786,72.33333333333333,6.79869268479038,3.3964704672495523,0.3368876234495147,2.2669543425242105,0.21503146362218192,2.5193875630696616,0.2022087073117635,0.37742667623271375,0.0032076403358520036,0.2520095396213004,0.0019109796798088775,0.2804670909844786,0.0032410967631316453,0.02956445577243964,0.0,0.00797487751495226,4.5280238059541176e-05,0.26974545299719477,0.0015315769181772486
explain_sd_simple,speculative,manual,EleutherAI/pythia-14m,EleutherAI/pythia-1.4b,top_p,8,,0.9,1.0,3,45.0,0.0,128.0,0.0,0.11061383690648738,0.00922390674013488,0.8629567227472142,0.07165405002862986,9.680327415466309,0.2858073020540379,13.234022467689549,0.38374152492474933,538.3333333333334,23.213980461973534,59.333333333333336,2.494438257849294,68.66666666666667,2.494438257849294,69.0,2.943920288775949,4.213845332463582,0.08498441543843012,2.14831550916036,0.06708349772912246,2.379387855529785,0.11858684446365521,0.4354316923698656,0.005294292883940633,0.22191558971308908,0.0006018971021602102,0.2456532823139927,0.005066051241370077,0.02956445577243964,0.0,0.007835241068402393,0.00017913551623006835,0.2650223338697986,0.006059151489507898
sampling_diff,baseline,hf,,EleutherAI/pythia-1.4b,greedy,,,,1.0,3,77.0,0.0,128.0,0.0,,,,,3.6879096825917563,0.046490113080741136,34.713565292635636,0.4408212497490361,,,,,,,,,0.0,0.0,3.6879096825917563,0.046490113080741136,0.0,0.0,0.0,0.0,1.0,0.0,0.0,0.0,0.028811794395248096,0.0003632040084432901,,,,
sampling_diff,baseline,manual,,EleutherAI/pythia-1.4b,greedy,,,,1.0,3,77.0,0.0,128.0,0.0,,,,,3.8359668254852295,0.04217094046890532,33.37239260879841,0.3649714041215309,,,,,,,,,0.0,0.0,3.8359668254852295,0.04217094046890532,0.0,0.0,0.0,0.0,1.0,0.0,0.0,0.0,0.029968490824103355,0.0003294604724133228,,,,
sampling_diff,speculative,manual,EleutherAI/pythia-14m,EleutherAI/pythia-1.4b,greedy,1,,,1.0,3,77.0,0.0,128.0,0.0,0.5542168674698795,0.0,0.5542168674698795,0.0,6.2905997435251875,0.04957558494282821,20.349078301337723,0.15948870162018697,83.0,0.0,46.0,0.0,37.0,0.0,83.0,0.0,0.6872526804606119,0.005564387431397198,2.4352553685506186,0.017399843473125884,3.0806859334309897,0.044276704928371845,0.10925324763157009,0.0007720235861479977,0.387144497656293,0.0035621348060142616,0.48970913173140285,0.003957205561225534,0.029968490824103355,0.0,0.00828015277663388,6.704081242647181e-05,0.27629528711449947,0.0022370433272719567
sampling_diff,speculative,manual,EleutherAI/pythia-14m,EleutherAI/pythia-1.4b,greedy,2,,,1.0,3,77.0,0.0,128.0,0.0,0.43795620437956206,0.0,0.8695652173913043,0.0,5.924530903498332,0.03019005537231658,21.605645713656614,0.10982862134709118,137.0,0.0,60.0,0.0,45.0,0.0,69.0,0.0,1.0947802861531575,0.00956105248206075,2.2646525700887046,0.02187175452631498,2.4795031547546387,0.027347876733020374,0.18479692748959942,0.00226263874316463,0.3822457227839835,0.0025586071154790235,0.41851160770092605,0.003765954177650826,0.029968490824103355,0.0,0.007991096979220128,6.978870424861852e-05,0.266649963327248,0.0023287360267233775
sampling_diff,speculative,manual,EleutherAI/pythia-14m,EleutherAI/pythia-1.4b,greedy,4,,,1.0,3,77.0,0.0,128.0,0.0,0.28870292887029286,0.0,1.15,0.0,6.218614101409912,0.047333583798277526,20.584559299757437,0.15698845890877336,239.0,0.0,69.0,0.0,52.0,0.0,60.0,0.0,1.9790691534678142,0.04295767968093574,1.9755386511484783,0.03181668729174653,2.153906504313151,0.01202065909678171,0.31822166601389934,0.0049677482021285475,0.31767085045005994,0.0036556870150476276,0.3463990484261512,0.004561520138586737,0.029968490824103355,0.0,0.008280624073087089,0.0001797392455269281,0.2763110135138025,0.00599760750656038
sampling_diff,speculative,manual,EleutherAI/pythia-14m,EleutherAI/pythia-1.4b,greedy,6,,,1.0,3,77.0,0.0,128.0,0.0,0.21052631578947367,0.0,1.263157894736842,0.0,6.677414099375407,0.10329986645916575,19.17368491664818,0.29657184241761225,342.0,0.0,72.0,0.0,53.0,0.0,57.0,0.0,2.7329671382904053,0.07529697224931459,1.8144049644470215,0.03950863091503353,2.0105086167653403,0.01328365455949778,0.4092167307941971,0.005468370601041971,0.2716964238445016,0.0017727808064487475,0.30117832814577133,0.005887806128166043,0.029968490824103355,0.0,0.007991131983305278,0.00022016658552431173,0.26665113135687474,0.0073466023636810495
sampling_diff,speculative,manual,EleutherAI/pythia-14m,EleutherAI/pythia-1.4b,greedy,8,,,1.0,3,77.0,0.0,128.0,0.0,0.1592920353982301,0.0,1.263157894736842,0.0,7.4442159334818525,0.09014538088498791,17.19707807771398,0.2081451154861359,452.0,0.0,72.0,0.0,53.0,0.0,57.0,0.0,3.543413003285726,0.049256858770170185,1.7914130687713623,0.0042570565035633025,1.9667141437530518,0.05052053843974581,0.47599559623689314,0.00322198410979956,0.24067421067311567,0.0024297714886580115,0.2641552854374888,0.003995829533149199,0.029968490824103355,0.0,0.007839409299304703,0.00010897535126143858,0.26158839113111243,0.0036363309684513917
sampling_diff,baseline,hf,,EleutherAI/pythia-1.4b,top_k,,50,,1.0,3,77.0,0.0,104.33333333333333,33.46972097616325,,,,,3.1498950322469077,1.0298428459165612,33.22159591517064,0.632865262378551,,,,,,,,,0.0,0.0,3.1498950322469077,1.0298428459165612,0.0,0.0,0.0,0.0,1.0,0.0,0.0,0.0,0.030111973124899362,0.0005811754356409072,,,,
sampling_diff,baseline,manual,,EleutherAI/pythia-1.4b,top_k,,50,,1.0,3,77.0,0.0,128.0,0.0,,,,,3.8975629011789956,0.02844246904986406,32.842784767518765,0.23976721381799096,,,,,,,,,0.0,0.0,3.8975629011789956,0.02844246904986406,0.0,0.0,0.0,0.0,1.0,0.0,0.0,0.0,0.030449710165460903,0.00022220678945206296,,,,
sampling_diff,speculative,manual,EleutherAI/pythia-14m,EleutherAI/pythia-1.4b,top_k,1,50,,1.0,3,77.0,0.0,128.0,0.0,0.5326313241345921,0.03443145790284559,0.5326313241345921,0.03443145790284559,7.054659605026245,0.21311201957274872,18.160928400279445,0.5592078136727353,84.0,2.160246899469287,44.666666666666664,1.699673171197595,39.333333333333336,3.858612300930075,84.0,2.160246899469287,0.7221124172210693,0.017992053000423173,2.4969428380330405,0.11970575111316845,3.148545821507772,0.07248195573919308,0.10238862401176844,0.0016420173785118178,0.3537498913504344,0.006420376601080896,0.44640612257464635,0.00327254590426787,0.030449710165460903,0.0,0.00859755762683732,0.00011395771595798168,0.28235269170441984,0.003742489348461647
sampling_diff,speculative,manual,EleutherAI/pythia-14m,EleutherAI/pythia-1.4b,top_k,2,50,,1.0,3,77.0,0.0,128.0,0.0,0.4031146169224252,0.04240592500108302,0.8028425071974449,0.08718057252903887,6.8983884652455645,0.29874280691757,18.59084178681955,0.8264068939708284,142.0,5.715476066494082,57.0,3.559026084010437,52.0,4.242640687119285,71.33333333333333,3.0912061651652345,1.1635478337605794,0.061184801670957314,2.3237010637919107,0.09193433801412668,2.5581438541412354,0.09441972882419028,0.16859994946042958,0.001608955209728622,0.3369237064788726,0.0036778819670728585,0.3709434079531555,0.003262428460083391,0.030449710165460903,0.0,0.008189871266799183,0.00010620287424680368,0.26896384964901743,0.0034878123197136126
sampling_diff,speculative,manual,EleutherAI/pythia-14m,EleutherAI/pythia-1.4b,top_k,4,50,,1.0,3,77.0,0.0,128.0,0.0,0.23768995101018203,0.013812186923436059,0.9410438615744805,0.05301933967639625,7.54926856358846,0.2544650177691764,16.97500935261139,0.5851889015271681,262.6666666666667,7.408703590297622,62.333333333333336,1.8856180831641267,61.666666666666664,1.8856180831641267,66.33333333333333,1.699673171197595,2.08656636873881,0.06488444081723838,2.0960140228271484,0.025857306589753055,2.3572281201680503,0.11479462467515786,0.2764292824808827,0.0025827422490915047,0.2778529302339933,0.0062353531421276845,0.31208513380231717,0.004814506668688717,0.030449710165460903,0.0,0.007944107052669664,0.0001290968356556247,0.2608926984691192,0.0042396737096716125
sampling_diff,speculative,manual,EleutherAI/pythia-14m,EleutherAI/pythia-1.4b,top_k,6,50,,1.0,3,77.0,0.0,128.0,0.0,0.193818113878122,0.012773548401888312,1.1473879039216233,0.0821806050350718,7.9410622119903564,0.27049484845880256,16.137784815809084,0.5588904274808664,355.0,10.98483803552272,68.66666666666667,2.3570226039551585,57.666666666666664,2.6246692913372702,60.0,2.160246899469287,2.806522846221924,0.06276876499928567,1.8929622173309326,0.07089776035345977,2.1289025147755942,0.09847487109131936,0.35356573713014733,0.004458983582065218,0.23834838163223598,0.0008411215506473615,0.2679746753943193,0.003384224504354826,0.030449710165460903,0.0,0.007909032201616553,0.00015289810235218196,0.2597408040549354,0.005021331944420733
sampling_diff,speculative,manual,EleutherAI/pythia-14m,EleutherAI/pythia-1.4b,top_k,8,50,,1.0,3,77.0,0.0,128.0,0.0,0.14493950148155754,0.02488318800680409,1.1286653094753383,0.20702625908684047,8.938799381256104,0.784008378583721,14.428491527839412,1.2437203818872375,473.6666666666667,39.802289158065044,67.66666666666667,6.128258770283412,59.666666666666664,6.548960901462833,61.0,5.715476066494082,3.6799569924672446,0.283111183878,1.9059169292449951,0.16813618168553243,2.1314998467763266,0.20513282939694977,0.41206372479855485,0.004489000097781253,0.21320936231524745,0.00011911484987134378,0.2383034337564305,0.005680593334208067,0.030449710165460903,0.0,0.007773637554108746,5.491232044852245e-05,0.255294303685241,0.001803377442679542
sampling_diff,baseline,hf,,EleutherAI/pythia-1.4b,top_p,,,0.9,1.0,3,77.0,0.0,128.0,0.0,,,,,3.9883999029795327,0.07597055192577017,32.10468140353141,0.6096066515579277,,,,,,,,,0.0,0.0,3.9883999029795327,0.07597055192577017,0.0,0.0,0.0,0.0,1.0,0.0,0.0,0.0,0.0311593742420276,0.0005935199369200794,,,,
sampling_diff,baseline,manual,,EleutherAI/pythia-1.4b,top_p,,,0.9,1.0,3,77.0,0.0,128.0,0.0,,,,,3.845726251602173,0.0204106055409473,33.2846363569411,0.1763707409797183,,,,,,,,,0.0,0.0,3.845726251602173,0.0204106055409473,0.0,0.0,0.0,0.0,1.0,0.0,0.0,0.0,0.030044736340641975,0.00015945785578865077,,,,
sampling_diff,speculative,manual,EleutherAI/pythia-14m,EleutherAI/pythia-1.4b,top_p,1,,0.9,1.0,3,77.0,0.0,128.0,0.0,0.4597883597883598,0.04549649275493262,0.4597883597883598,0.04549649275493262,7.04223092397054,0.19110283769567102,18.189715285326272,0.503265580775909,88.0,2.8284271247461903,40.333333333333336,2.6246692913372702,47.666666666666664,5.436502143433364,88.0,2.8284271247461903,0.767959197362264,0.024535334927394414,2.6184802850087485,0.05857172862341206,3.274545192718506,0.10845210680089994,0.10904029692479518,0.001074446294250145,0.3718884106045295,0.0036336846332273597,0.4649229268643765,0.004395744906460119,0.030044736340641975,0.0,0.008727272288509147,8.164749882012907e-05,0.29047591530046585,0.0027175308810975735
sampling_diff,speculative,manual,EleutherAI/pythia-14m,EleutherAI/pythia-1.4b,top_p,2,,0.9,1.0,3,77.0,0.0,128.0,0.0,0.3465990804797749,0.0500523972702886,0.6901530592770717,0.09941940457403305,7.052052577336629,0.3977636814798373,18.20803958848527,1.0165576113481236,151.33333333333334,9.030811456096044,52.0,4.546060565661952,59.0,6.48074069840786,76.0,4.546060565661952,1.271039644877116,0.06760200716453199,2.5227442582448325,0.149565078807522,2.793668349583944,0.15508312619474215,0.1802693350207563,0.000577707544368032,0.3576744156878439,0.0010209842761476542,0.3961735072811027,0.002862093112626606,0.030044736340641975,0.0,0.00840217114912611,5.4271244902474374e-05,0.27965534640955947,0.0018063478503241462
sampling_diff,speculative,manual,EleutherAI/pythia-14m,EleutherAI/pythia-1.4b,top_p,4,,0.9,1.0,3,77.0,0.0,128.0,0.0,0.211780260616123,0.013933706501063141,0.8396804820796693,0.05157060736000144,7.570619344711304,0.2049110320277191,16.919671116770072,0.4509029463558314,277.6666666666667,9.977753031397176,58.666666666666664,1.8856180831641267,66.66666666666667,2.494438257849294,70.0,2.160246899469287,2.2500240008036294,0.04265865839026997,2.25303061803182,0.09112813457654917,2.454320510228475,0.0842428931501948,0.297273792649748,0.0029432112358467647,0.2975185893866067,0.005613815901936611,0.3241576040124183,0.0049905657863964035,0.030044736340641975,0.0,0.00810824289552176,0.00013786175654980363,0.2698723265064442,0.004588549388044259
sampling_diff,speculative,manual,EleutherAI/pythia-14m,EleutherAI/pythia-1.4b,top_p,6,,0.9,1.0,3,77.0,0.0,128.0,0.0,0.1756550252896967,0.03152187749823318,1.032967032967033,0.18973368947540617,8.005353848139444,0.872420269717608,16.18549755342941,1.8053189780556262,374.0,32.629230249374054,64.66666666666667,5.734883511361751,61.333333333333336,6.548960901462833,63.666666666666664,5.792715732327589,2.9611376921335855,0.279319891816657,2.018060048421224,0.25037373996068063,2.2998129526774087,0.277190874463082,0.3704972616632978,0.005578306833256956,0.251651483094491,0.004476375100829451,0.28694617488872226,0.003970002672849857,0.030044736340641975,0.0,0.00791270010047256,6.626926251107425e-05,0.2633639387199058,0.002205686272621103
sampling_diff,speculative,manual,EleutherAI/pythia-14m,EleutherAI/pythia-1.4b,top_p,8,,0.9,1.0,3,77.0,0.0,128.0,0.0,0.15487276657615015,0.047253245472738084,1.2244952354464245,0.37191393900179026,8.357561270395914,1.243673901202133,15.696538161103952,2.5651186570624023,469.3333333333333,71.15398013385399,69.33333333333333,9.104333522498441,58.0,10.03327796219494,59.333333333333336,8.956685895029603,3.6281155745188394,0.523747144338465,1.8548851013183594,0.2863853057699793,2.0547112623850503,0.32106216202044674,0.4344491736607299,0.002611272416632249,0.22174517920524756,0.0015430554973386056,0.24553420911434518,0.002701562526627744,0.030044736340641975,0.0,0.007740206525456461,6.960778140394583e-05,0.25762271426513284,0.002316804534902382
draft_target_interaction,baseline,hf,,EleutherAI/pythia-1.4b,greedy,,,,1.0,3,80.0,0.0,128.0,0.0,,,,,3.7844494183858237,0.1289623136884896,33.862759164785054,1.1779566030009838,,,,,,,,,0.0,0.0,3.7844494183858237,0.1289623136884896,0.0,0.0,0.0,0.0,1.0,0.0,0.0,0.0,0.029566011081139248,0.001007518075691325,,,,
draft_target_interaction,baseline,manual,,EleutherAI/pythia-1.4b,greedy,,,,1.0,3,80.0,0.0,128.0,0.0,,,,,3.7928172747294107,0.037142004711920446,33.751242929875744,0.3310942611567771,,,,,,,,,0.0,0.0,3.7928172747294107,0.037142004711920446,0.0,0.0,0.0,0.0,1.0,0.0,0.0,0.0,0.02963138495882352,0.0002901719118118785,,,,
draft_target_interaction,speculative,manual,EleutherAI/pythia-14m,EleutherAI/pythia-1.4b,greedy,1,,,1.0,3,80.0,0.0,128.0,0.0,0.8695652173913043,0.0,0.8695652173913043,0.0,5.210551738739014,0.08654994742362616,24.57234692359552,0.41001850575407334,69.0,0.0,60.0,0.0,9.0,0.0,69.0,0.0,0.5843595663706461,0.0202608610685238,2.005714734395345,0.02316147175126445,2.560525337855021,0.047321343851300005,0.11213093214322391,0.0027008025208681086,0.3849668147842117,0.002139200186455966,0.4914033703101142,0.002888286485125917,0.02963138495882352,0.0,0.008468979222762987,0.00029363566765976535,0.28581111664310266,0.009909616714433309
draft_target_interaction,speculative,manual,EleutherAI/pythia-14m,EleutherAI/pythia-1.4b,greedy,2,,,1.0,3,80.0,0.0,128.0,0.0,0.8526315789473684,0.0,1.6875,0.0,4.168660322825114,0.03818792938005403,30.7078976188488,0.2826679265084881,95.0,0.0,81.0,0.0,8.0,0.0,48.0,0.0,0.7730979124704996,0.013955849159898078,1.5988996028900146,0.03344528914771139,1.7427031993865967,0.016306233810052834,0.18549645419567662,0.004875288964352317,0.383510959288774,0.004543892504984287,0.41804875312116496,0.0007828509441876114,0.02963138495882352,0.0,0.008137872762847364,0.00014690367536734857,0.27463693560580943,0.0049577053374821696
draft_target_interaction,speculative,manual,EleutherAI/pythia-14m,EleutherAI/pythia-1.4b,greedy,4,,,1.0,3,80.0,0.0,128.0,0.0,0.7578125,0.0,3.03125,0.0,3.352832635243734,0.06056811251396394,38.1889961819851,0.6820979204683352,128.0,0.0,97.0,0.0,9.0,0.0,32.0,0.0,1.0584522883097331,0.02860950091900159,1.069852590560913,0.014210797965487689,1.1655488808949788,0.029972552904425655,0.31565781959008393,0.004505187647995547,0.31915091941951174,0.0049567489280304055,0.3475859474401408,0.002977400427549863,0.02963138495882352,0.0,0.00826915850241979,0.00022351172592969992,0.27906756683532713,0.007543073880626812
draft_target_interaction,speculative,manual,EleutherAI/pythia-14m,EleutherAI/pythia-1.4b,greedy,6,,,1.0,3,80.0,0.0,128.0,0.0,0.6688311688311688,0.0,3.9615384615384617,0.0,3.084850470225016,0.038621203227810215,41.49954468413728,0.5150003478653331,154.0,0.0,103.0,0.0,10.0,0.0,26.0,0.0,1.2333210309346516,0.015470287419332094,0.87767227490743,0.021483226274909374,0.9131231307983398,0.0380349335657179,0.39984559425509325,0.006134135032740923,0.28450451964732715,0.0057410896670841245,0.29594711873612545,0.01031959410644008,0.02963138495882352,0.0,0.008008578122952283,0.00010045641181384458,0.2702735000095741,0.0033902030550863977
draft_target_interaction,speculative,manual,EleutherAI/pythia-14m,EleutherAI/pythia-1.4b,greedy,8,,,1.0,3,80.0,0.0,128.0,0.0,0.5988700564971752,0.0,4.608695652173913,0.0,2.9870429039001465,0.031646304947522984,42.856563036663076,0.45480471346836876,177.0,0.0,106.0,0.0,10.0,0.0,23.0,0.0,1.392868995666504,0.033022646486897615,0.7543726762135824,0.012202139734201927,0.7759416103363037,0.011235629702959899,0.466243563946137,0.006421550094771468,0.2526150755423796,0.006560776991099512,0.2597589864507887,0.0011605304697602636,0.02963138495882352,0.0,0.007869316359697762,0.00018656862421976008,0.26557369392733926,0.006296318058673955
draft_target_interaction,baseline,hf,,EleutherAI/pythia-1.4b,top_k,,50,,1.0,3,80.0,0.0,128.0,0.0,,,,,3.9110899766286216,0.07837127738165431,32.74045315340642,0.6489648168534411,,,,,,,,,0.0,0.0,3.9110899766286216,0.07837127738165431,0.0,0.0,0.0,0.0,1.0,0.0,0.0,0.0,0.030555390442411106,0.0006122756045441743,,,,
draft_target_interaction,baseline,manual,,EleutherAI/pythia-1.4b,top_k,,50,,1.0,3,80.0,0.0,128.0,0.0,,,,,3.919816255569458,0.025496277664294253,32.65597933336665,0.21331119413618627,,,,,,,,,0.0,0.0,3.919816255569458,0.025496277664294253,0.0,0.0,0.0,0.0,1.0,0.0,0.0,0.0,0.03062356449663639,0.00019918966925229885,,,,
draft_target_interaction,speculative,manual,EleutherAI/pythia-14m,EleutherAI/pythia-1.4b,top_k,1,50,,1.0,3,80.0,0.0,128.0,0.0,0.4831917420297798,0.06362475376530091,0.4831917420297798,0.06362475376530091,7.285499334335327,0.3956247734141213,17.62301246719264,0.99207881904682,86.66666666666667,3.2998316455372216,41.666666666666664,3.7712361663282534,45.0,7.0710678118654755,86.66666666666667,3.2998316455372216,0.7264817555745443,0.03521230211997698,2.5732740561167398,0.09772304690761198,3.2642629941304526,0.14866099828987367,0.09974984370742207,0.0007622290936934392,0.3535434557051642,0.006644016718324435,0.4482791036869824,0.004963239162666614,0.03062356449663639,0.0,0.008379082685411167,9.094850239941006e-05,0.2736155252707928,0.002969886226320884
draft_target_interaction,speculative,manual,EleutherAI/pythia-14m,EleutherAI/pythia-1.4b,top_k,2,50,,1.0,3,80.0,0.0,128.0,0.0,0.36223169586865095,0.042969263793735175,0.7195966514459665,0.08515912024339839,7.074584722518921,0.38275301297071423,18.14737169133659,1.006622177065298,149.0,7.118052168020874,53.666666666666664,4.0276819911981905,55.333333333333336,5.557777333511022,75.0,3.559026084010437,1.1670963764190674,0.059608818889373465,2.3680683771769204,0.13013624366972878,2.6967729727427163,0.14621667559346893,0.16499806592542726,0.0006909276944436649,0.33471268933505693,0.00048529132288750834,0.38118916520265445,0.0011602851967336624,0.03062356449663639,0.0,0.007835712320331636,0.00026749628864716676,0.25587198776916675,0.008734982130396612
draft_target_interaction,speculative,manual,EleutherAI/pythia-14m,EleutherAI/pythia-1.4b,top_k,4,50,,1.0,3,80.0,0.0,128.0,0.0,0.2268036373513047,0.022261154258608765,0.8954674954674955,0.08410593059189136,7.610566139221191,0.4272433080101216,16.870117448174824,0.9156858235201253,267.3333333333333,13.424687043734846,60.333333333333336,3.0912061651652345,64.0,2.943920288775949,67.66666666666667,3.0912061651652345,2.053239901860555,0.12525744407721665,2.118504762649536,0.11533417864145307,2.4010799725850425,0.11749587252085661,0.2697168156070571,0.0012774317912867662,0.2783898796161659,0.0010580775931680094,0.31562702098396983,0.0032868608692940885,0.03062356449663639,0.0,0.007676418692289443,8.10560282633419e-05,0.25067031935921763,0.0026468515209013177
draft_target_interaction,speculative,manual,EleutherAI/pythia-14m,EleutherAI/pythia-1.4b,top_k,6,50,,1.0,3,80.0,0.0,128.0,0.0,0.18981308725077942,0.02486814544269292,1.1178157863641736,0.13900158427963405,8.382394790649414,0.8373081615841935,15.431853812933996,1.621521551815253,359.6666666666667,24.239545283597124,67.66666666666667,4.109609335312651,57.333333333333336,4.9216076867444665,61.0,3.7416573867739413,2.9999963442484536,0.31872503352905435,2.0348060925801597,0.1763795423406096,2.2520011266072593,0.2288351157991219,0.3576823032244525,0.0035714358633285345,0.2430966668965816,0.004569104066596783,0.26861071164562556,0.0005192942865664003,0.03062356449663639,0.0,0.008330824365616645,0.0005692331181353863,0.27203966953395253,0.01858807514709496
draft_target_interaction,speculative,manual,EleutherAI/pythia-14m,EleutherAI/pythia-1.4b,top_k,8,50,,1.0,3,80.0,0.0,128.0,0.0,0.12581012588801838,0.03197326841977345,0.9803735190248348,0.24654713964170272,9.296542326609293,1.257854716117046,14.008146936183214,1.7744876835670707,515.3333333333334,68.16320284598005,62.666666666666664,8.73053390247253,65.33333333333333,8.73053390247253,66.0,8.286535263104035,3.8600151538848877,0.5536043385191138,1.9972519874572754,0.2516618621345059,2.220578908920288,0.3097709418620692,0.41482844317280926,0.005074794235803346,0.21511276019374936,0.0026703862643100867,0.23875762708528203,0.0069803151203725496,0.03062356449663639,0.0,0.007481910999698685,0.00014741105300368238,0.2443187500436299,0.0048136477717959205
draft_target_interaction,baseline,hf,,EleutherAI/pythia-1.4b,top_p,,,0.9,1.0,3,80.0,0.0,112.66666666666667,21.684607956387456,,,,,3.3849755922953286,0.6402395085476559,33.26028959429063,0.4256014168063132,,,,,,,,,0.0,0.0,3.3849755922953286,0.6402395085476559,0.0,0.0,0.0,0.0,1.0,0.0,0.0,0.0,0.03007076774549678,0.0003816829440848462,,,,
draft_target_interaction,baseline,manual,,EleutherAI/pythia-1.4b,top_p,,,0.9,1.0,3,80.0,0.0,128.0,0.0,,,,,3.670417308807373,0.0566566048416847,34.881821402145256,0.544350552036195,,,,,,,,,0.0,0.0,3.670417308807373,0.0566566048416847,0.0,0.0,0.0,0.0,1.0,0.0,0.0,0.0,0.028675135225057602,0.0004426297253256617,,,,
draft_target_interaction,speculative,manual,EleutherAI/pythia-14m,EleutherAI/pythia-1.4b,top_p,1,,0.9,1.0,3,80.0,0.0,128.0,0.0,0.42170294805398195,0.09816916037745939,0.42170294805398195,0.09816916037745939,7.081866820653279,0.4964469757241146,18.164375430202362,1.2860355393893579,90.66666666666667,5.792715732327589,37.666666666666664,6.236095644623235,53.0,12.027745701779143,90.66666666666667,5.792715732327589,0.75455109278361,0.04596633379668722,2.6513561407725015,0.21080441805587052,3.3136022090911865,0.21698326264508744,0.10661748984727702,0.0010422396444758485,0.374140515033384,0.0035878335081736224,0.46805086234996607,0.002316385719613476,0.028675135225057602,0.0,0.008324480028822967,8.556471561994343e-05,0.29030307838090574,0.0029839341627645815
draft_target_interaction,speculative,manual,EleutherAI/pythia-14m,EleutherAI/pythia-1.4b,top_p,2,,0.9,1.0,3,80.0,0.0,128.0,0.0,0.3633431500100707,0.05733664091732945,0.7238288129062254,0.11590178806128001,6.508347352345784,0.45698898274127264,19.763150676700036,1.3701884400271185,149.33333333333334,10.338708279513881,53.666666666666664,4.988876515698588,56.0,6.683312551921141,75.0,5.354126134736337,1.1549444198608398,0.08261223584748129,2.3289711475372314,0.15853327212904567,2.6003204186757407,0.20102220058993328,0.17744830614447626,0.0012910892164108526,0.3578952600821636,0.0015186426789822768,0.39933973113461385,0.0027988424241858823,0.028675135225057602,0.0,0.007732925014553405,3.195257266158712e-05,0.2696735326219502,0.001114295448332015
draft_target_interaction,speculative,manual,EleutherAI/pythia-14m,EleutherAI/pythia-1.4b,top_p,4,,0.9,1.0,3,80.0,0.0,128.0,0.0,0.18233209781749518,0.03486861700292527,0.7214313050133946,0.1354505262726836,7.946924448013306,0.621351992712803,16.2109775440973,1.3321266716404847,297.0,23.50886357667394,53.333333333333336,5.557777333511022,72.33333333333333,5.436502143433364,75.0,5.715476066494082,2.3178719679514566,0.19199213322957864,2.395565986633301,0.1674782761964029,2.6054329872131348,0.21861458614594104,0.29155675584808616,0.0014501960176253402,0.3016518357183463,0.002636960254777124,0.3277001607342645,0.0019892353782366805,0.028675135225057602,0.0,0.007801994627759231,4.245288460462787e-05,0.27208222616999217,0.001480477224307219
draft_target_interaction,speculative,manual,EleutherAI/pythia-14m,EleutherAI/pythia-1.4b,top_p,6,,0.9,1.0,3,80.0,0.0,128.0,0.0,0.1580265160223777,0.02433339169734005,0.9311839634077534,0.14756934076996667,7.804159482320149,0.5460115164046123,16.483313009463682,1.1705367893410905,394.3333333333333,26.662499674428293,61.666666666666664,5.312459150169742,64.33333333333333,6.599663291074443,67.0,4.898979485566356,2.9419731299082437,0.20869180969777335,1.9883187611897786,0.12247784338865696,2.1887551148732505,0.17449836368560537,0.3769486538464306,0.0003876114374753783,0.2549280045106743,0.002166698103929098,0.2802681598073915,0.0028027517478044738,0.028675135225057602,0.0,0.00745894850647902,2.6034198865731105e-05,0.26011903511307805,0.0009079015203032473
draft_target_interaction,speculative,manual,EleutherAI/pythia-14m,EleutherAI/pythia-1.4b,top_p,8,,0.9,1.0,3,80.0,0.0,128.0,0.0,0.10978624322349088,0.025014721299126273,0.8520959017380167,0.18835749376957628,9.330491701761881,0.8218817506262897,13.829845025267018,1.2660928837468137,544.3333333333334,57.045790574083746,58.333333333333336,6.944222218666553,69.33333333333333,7.363574011458174,70.0,6.97614984548545,4.056443929672241,0.37253281887172196,2.100847005844116,0.15832362561473265,2.2950294812520347,0.2138325865964927,0.4345976812713363,0.002005544624854339,0.2254290048932508,0.003204869196751646,0.24586078200057457,0.0014494288462532858,0.028675135225057602,0.0,0.007462624183958076,0.00010507604149667335,0.26024721855319816,0.0036643608015090694
low_acceptance_reason,baseline,hf,,EleutherAI/pythia-1.4b,greedy,,,,1.0,3,73.0,0.0,128.0,0.0,,,,,3.5366647243499756,0.006145265052226595,36.19240060406623,0.06289496539596057,,,,,,,,,0.0,0.0,3.5366647243499756,0.006145265052226595,0.0,0.0,0.0,0.0,1.0,0.0,0.0,0.0,0.027630193158984184,4.8009883220520274e-05,,,,
low_acceptance_reason,baseline,manual,,EleutherAI/pythia-1.4b,greedy,,,,1.0,3,73.0,0.0,128.0,0.0,,,,,3.6056546370188394,0.03619821791456979,35.503365072314715,0.3556306029678389,,,,,,,,,0.0,0.0,3.6056546370188394,0.03619821791456979,0.0,0.0,0.0,0.0,1.0,0.0,0.0,0.0,0.028169176851709683,0.0002827985774575765,,,,
low_acceptance_reason,speculative,manual,EleutherAI/pythia-14m,EleutherAI/pythia-1.4b,greedy,1,,,1.0,3,73.0,0.0,128.0,0.0,0.6538461538461539,0.0,0.6538461538461539,0.0,5.648160696029663,0.10588873663742647,22.67029770439497,0.42956333574937333,78.0,0.0,51.0,0.0,27.0,0.0,78.0,0.0,0.6130649248758951,0.0022652769921170067,2.1850877602895102,0.03591805689338863,2.778486887613932,0.06362070235149592,0.10857640967097262,0.0018394642874111195,0.3868865731273276,0.0016759545634037623,0.4918904107733497,0.0023047056617511133,0.028169176851709683,0.0,0.007859806729178144,2.9042012719449013e-05,0.2790215266336796,0.0010309854942632743
low_acceptance_reason,speculative,manual,EleutherAI/pythia-14m,EleutherAI/pythia-1.4b,greedy,2,,,1.0,3,73.0,0.0,128.0,0.0,0.5619834710743802,0.0,1.1147540983606556,0.0,5.171368996302287,0.08928225247521906,24.75911634428784,0.4315281812076954,121.0,0.0,68.0,0.0,34.0,0.0,61.0,0.0,0.9484860102335612,0.01438878075856173,1.9782356421152751,0.04128650512212676,2.1705802281697593,0.03174394508454994,0.18342125916086724,0.0011804788232339218,0.38251860899873197,0.0026574302360932696,0.419757075761241,0.002691676872152127,0.028169176851709683,0.0,0.007838727357302159,0.00011891554345918767,0.2782732132560132,0.004221477400109763
low_acceptance_reason,speculative,manual,EleutherAI/pythia-14m,EleutherAI/pythia-1.4b,greedy,4,,,1.0,3,73.0,0.0,128.0,0.0,0.3737864077669903,0.0,1.4807692307692308,0.0,5.19291337331136,0.02625107334131769,24.64960863707461,0.12503641373595065,206.0,0.0,77.0,0.0,44.0,0.0,52.0,0.0,1.6176830132802327,0.02973721825940356,1.677544355392456,0.028043368963817702,1.8116013209025066,0.0409712502125845,0.3115076408118948,0.004906397839240628,0.32302782105256916,0.00393638805332208,0.3488843101972846,0.008689662559593764,0.028169176851709683,0.0,0.007852830161554528,0.00014435542844370666,0.2787738599141179,0.005124588098673734
low_acceptance_reason,speculative,manual,EleutherAI/pythia-14m,EleutherAI/pythia-1.4b,greedy,6,,,1.0,3,73.0,0.0,128.0,0.0,0.26,0.0,1.56,0.0,5.71079436937968,0.05270171046707807,22.415601197435556,0.20662192509702967,300.0,0.0,78.0,0.0,45.0,0.0,50.0,0.0,2.315007289250692,0.07952601538925136,1.5759702523549397,0.024196202567748477,1.723297357559204,0.014456754672923837,0.4052866633007502,0.01049968154027557,0.27601713414357854,0.006435379590176669,0.3017926393782811,0.004199775809320838,0.028169176851709683,0.0,0.007716690964168973,0.0002650867179641715,0.27394094633264443,0.009410524111501766
low_acceptance_reason,speculative,manual,EleutherAI/pythia-14m,EleutherAI/pythia-1.4b,greedy,8,,,1.0,3,73.0,0.0,128.0,0.0,0.22615803814713897,0.0,1.8043478260869565,0.0,5.93196686108907,0.14785756219677565,21.591189741413707,0.5290397217878595,367.0,0.0,83.0,0.0,43.0,0.0,46.0,0.0,2.81907590230306,0.07346295667430709,1.423479159673055,0.028794231685965326,1.5812050501505535,0.040045280139262875,0.4752225426077997,0.0011571638973788625,0.24000851877124343,0.002817595237883364,0.2665586168881739,0.0015889830472459183,0.028169176851709683,0.0,0.007681405728346212,0.00020017154407168112,0.27268832769886214,0.007106048754120118
low_acceptance_reason,baseline,hf,,EleutherAI/pythia-1.4b,top_k,,50,,1.0,3,73.0,0.0,128.0,0.0,,,,,3.7725884119669595,0.03632290699493578,33.93212061646312,0.32830976930465816,,,,,,,,,0.0,0.0,3.7725884119669595,0.03632290699493578,0.0,0.0,0.0,0.0,1.0,0.0,0.0,0.0,0.02947334696849187,0.0002837727108979358,,,,
low_acceptance_reason,baseline,manual,,EleutherAI/pythia-1.4b,top_k,,50,,1.0,3,73.0,0.0,128.0,0.0,,,,,3.7376254399617515,0.0593086219515195,34.25495547859094,0.5428390724422623,,,,,,,,,0.0,0.0,3.7376254399617515,0.0593086219515195,0.0,0.0,0.0,0.0,1.0,0.0,0.0,0.0,0.029200198749701183,0.0004633486089962461,,,,
low_acceptance_reason,speculative,manual,EleutherAI/pythia-14m,EleutherAI/pythia-1.4b,top_k,1,50,,1.0,3,73.0,0.0,128.0,0.0,0.4926916221033868,0.02739768421652886,0.4926916221033868,0.02739768421652886,6.952648401260376,0.1761055464619524,18.421898584313432,0.4598832766743102,86.0,1.4142135623730951,42.333333333333336,1.699673171197595,43.666666666666664,3.0912061651652345,86.0,1.4142135623730951,0.6944567362467448,0.018706114992881107,2.4288853804270425,0.062299360458630895,3.1035746733347573,0.05171520512164114,0.09989650681862598,0.0018573002443445783,0.3493470608245171,0.0014114085744704869,0.4464919769567383,0.004686134997455131,0.029200198749701183,0.0,0.008074153574605251,0.00012153384418356363,0.27651022665343594,0.004162089622242972
low_acceptance_reason,speculative,manual,EleutherAI/pythia-14m,EleutherAI/pythia-1.4b,top_k,2,50,,1.0,3,73.0,0.0,128.0,0.0,0.3738846845696161,0.015753130911463263,0.7459563673262304,0.029507389468149178,6.939483642578125,0.19391221042528017,18.459350942740134,0.5072869432661081,146.33333333333334,2.8674417556808756,54.666666666666664,1.247219128924647,54.666666666666664,1.699673171197595,73.33333333333333,1.247219128924647,1.1518983840942383,0.041431793960916105,2.3266022205352783,0.07174620248357656,2.6130309104919434,0.07740654676495577,0.1659554118100209,0.0013154777015049214,0.33527078602282684,0.004395944732502712,0.37653977309522946,0.003230655572676983,0.029200198749701183,0.0,0.007870215047136774,0.00017622270465104934,0.26952607804483913,0.0060349830547935055
low_acceptance_reason,speculative,manual,EleutherAI/pythia-14m,EleutherAI/pythia-1.4b,top_k,4,50,,1.0,3,73.0,0.0,128.0,0.0,0.2651951750712012,0.02011334147988723,1.0397435897435898,0.07796305536159363,7.073395729064941,0.3107070347339209,18.132056481078916,0.8214058251360763,248.33333333333334,9.46337971105226,65.66666666666667,2.3570226039551585,59.0,4.546060565661952,63.333333333333336,2.3570226039551585,1.947062333424886,0.09156946844625105,1.9939061800638835,0.0797682608393202,2.164074977238973,0.06592794494118631,0.27525801170878283,0.003964524771930666,0.281941476431443,0.0017716203097152662,0.30613561124634703,0.00446222059260442,0.029200198749701183,0.0,0.007838491661778985,0.00012119895343071521,0.26843966813271086,0.004150620838906279
low_acceptance_reason,speculative,manual,EleutherAI/pythia-14m,EleutherAI/pythia-1.4b,top_k,6,50,,1.0,3,73.0,0.0,128.0,0.0,0.16217552939632177,0.02633720741519168,0.9517352703793381,0.15397692458767595,8.427969376246134,0.6294303523896948,15.277386794204595,1.2032949643361939,389.3333333333333,30.64129385141706,62.333333333333336,4.714045207910317,65.33333333333333,5.185449728701348,66.33333333333333,5.185449728701348,2.926898797353109,0.23122221980828717,2.081878344217936,0.14876193001708926,2.2510608037312827,0.17377296419068253,0.34716527937104424,0.0016987590298650473,0.247111886700984,0.0037468089052022724,0.2670418419997278,0.0008455169330378873,0.029200198749701183,0.0,0.0075175904137442335,2.7249882958558708e-05,0.25744997416571225,0.0009332088179309942
low_acceptance_reason,speculative,manual,EleutherAI/pythia-14m,EleutherAI/pythia-1.4b,top_k,8,50,,1.0,3,73.0,0.0,128.0,0.0,0.13430982039250378,0.020066044595020354,1.0489750947416852,0.15400391506170452,9.099623044331869,0.7450386368212486,14.159929251603337,1.1426727296627668,492.3333333333333,39.60078562632593,65.33333333333333,4.496912521077347,62.0,5.354126134736337,63.0,4.898979485566356,3.7489962577819824,0.27656360663978263,1.9847619533538818,0.1744603252587926,2.145876169204712,0.17514650816569458,0.4122834770658092,0.004374460678862548,0.2180188091902601,0.0038466358815676047,0.2358256499353144,0.00011511549399663293,0.029200198749701183,0.0,0.007620114496488521,0.0001258121345997007,0.2609610489917128,0.004308605420056871
low_acceptance_reason,baseline,hf,,EleutherAI/pythia-1.4b,top_p,,,0.9,1.0,3,73.0,0.0,128.0,0.0,,,,,3.837510347366333,0.06740597754637526,33.365144359715565,0.5798819568214265,,,,,,,,,0.0,0.0,3.837510347366333,0.06740597754637526,0.0,0.0,0.0,0.0,1.0,0.0,0.0,0.0,0.029980549588799477,0.0005266091995810567,,,,
low_acceptance_reason,baseline,manual,,EleutherAI/pythia-1.4b,top_p,,,0.9,1.0,3,73.0,0.0,128.0,0.0,,,,,3.7821372350056968,0.048559407427893726,33.848832069419416,0.43098259584564114,,,,,,,,,0.0,0.0,3.7821372350056968,0.048559407427893726,0.0,0.0,0.0,0.0,1.0,0.0,0.0,0.0,0.029547947148482006,0.00037937037053041974,,,,
low_acceptance_reason,speculative,manual,EleutherAI/pythia-14m,EleutherAI/pythia-1.4b,top_p,1,,0.9,1.0,3,73.0,0.0,128.0,0.0,0.5211434906556858,0.04951242367266331,0.5211434906556858,0.04951242367266331,6.553621053695679,0.28244808019940626,19.56834543282619,0.8623734151454739,84.66666666666667,2.494438257849294,44.0,2.943920288775949,40.666666666666664,5.436502143433364,84.66666666666667,2.494438257849294,0.6882436275482178,0.03230720286631889,2.411421855290731,0.13785600651735125,3.1175553798675537,0.10104355699876212,0.10500860331324245,0.0015017270950418188,0.3677240240117213,0.005388231845575862,0.4759367107406613,0.006132482654153695,0.029547947148482006,0.0,0.008127656037052343,0.00027016581533084407,0.27506669063031314,0.00914330237472094
low_acceptance_reason,speculative,manual,EleutherAI/pythia-14m,EleutherAI/pythia-1.4b,top_p,2,,0.9,1.0,3,73.0,0.0,128.0,0.0,0.3263880162839134,0.05827442327761918,0.6504550631669436,0.11817410945681693,7.1056093374888105,0.5143334286490804,18.113212237734235,1.371971235944537,156.0,10.03327796219494,50.333333333333336,5.436502143433364,61.666666666666664,7.586537784494028,78.33333333333333,5.2493385826745405,1.2799384593963623,0.10222438870237913,2.5861446062723794,0.19003995626631118,2.7918597062428794,0.1904989019624877,0.18002791181713346,0.0014269328760177515,0.36394119613630843,0.002360289375695899,0.39303325586479626,0.002099377482190136,0.029547947148482006,0.0,0.008196164466591202,0.0001334505826202575,0.277385241871609,0.004516407923354275
low_acceptance_reason,speculative,manual,EleutherAI/pythia-14m,EleutherAI/pythia-1.4b,top_p,4,,0.9,1.0,3,73.0,0.0,128.0,0.0,0.2006713748627836,0.028383114588769298,0.7944333946015678,0.11716649968208612,7.633342504501343,0.5508483408922334,16.85438575585855,1.1908709300047604,284.6666666666667,16.131404843417148,56.666666666666664,4.988876515698588,67.33333333333333,5.792715732327589,72.0,4.546060565661952,2.2396246592203775,0.17346545854216888,2.2557450930277505,0.1403772234157423,2.5371092160542807,0.19454103779632678,0.29330033356442037,0.0021875378329887247,0.29572223102911505,0.003567247756128526,0.33227294582519085,0.0019534516431387434,0.029547947148482006,0.0,0.007858606615064535,0.00016366751295003614,0.2659611706889175,0.005539048520954342
low_acceptance_reason,speculative,manual,EleutherAI/pythia-14m,EleutherAI/pythia-1.4b,top_p,6,,0.9,1.0,3,73.0,0.0,128.0,0.0,0.1617275383178691,0.028500239731699743,0.9582220723126365,0.17022167919064843,8.354702313741049,0.30070790825662913,15.34069587457843,0.555352630648084,391.0,31.874754901018456,62.333333333333336,5.792715732327589,65.0,5.354126134736337,66.0,5.354126134736337,3.141895055770874,0.11683137192080761,2.1176815032958984,0.08539002726057854,2.3530073960622153,0.09578475682150533,0.3760910532406179,0.005452319149326338,0.25347982757162063,0.005220285963769487,0.28159120377659497,0.0013713973174686563,0.029547947148482006,0.0,0.008067361635876126,0.00041190629975146965,0.27302612920405805,0.013940267920528989
low_acceptance_reason,speculative,manual,EleutherAI/pythia-14m,EleutherAI/pythia-1.4b,top_p,8,,0.9,1.0,3,73.0,0.0,128.0,0.0,0.12275668756990217,0.027349692661600162,0.9609587348653323,0.21376442252308267,9.149348338445028,0.7689681135660769,14.095929025160324,1.25956436643614,519.3333333333334,52.01495511442412,62.333333333333336,6.847546194724712,65.33333333333333,7.3181661333667165,66.33333333333333,6.599663291074443,4.010468085606893,0.35633463035644597,2.0210001468658447,0.15004849748968557,2.24789031346639,0.19872668258688836,0.4381520831052141,0.003294252032589553,0.22108602299801397,0.0024030517672158683,0.24559684202874482,0.0017880542015129204,0.029547947148482006,0.0,0.007731826749611943,9.494916781977829e-05,0.2616705218389142,0.0032133930436062962
ALL,baseline,hf,,EleutherAI/pythia-1.4b,greedy,,,,1.0,12,68.75,13.935117509371782,128.0,0.0,,,,,3.5973761479059854,0.17055800718767844,35.66130836325086,1.6859473857287628,,,,,,,,,0.0,0.0,3.5973761479059854,0.17055800718767844,0.0,0.0,0.0,0.0,1.0,0.0,0.0,0.0,0.02810450115551551,0.0013324844311537378,,,,
ALL,baseline,manual,,EleutherAI/pythia-1.4b,greedy,,,,1.0,12,68.75,13.935117509371782,128.0,0.0,,,,,3.654259900252024,0.1862644437703431,35.12182047277271,1.8501574280108912,,,,,,,,,0.0,0.0,3.654259900252024,0.1862644437703431,0.0,0.0,0.0,0.0,1.0,0.0,0.0,0.0,0.02854890547071894,0.0014551909669558054,,,,
ALL,speculative,manual,EleutherAI/pythia-14m,EleutherAI/pythia-1.4b,greedy,1,,,1.0,12,68.75,13.935117509371782,128.0,0.0,0.6882382285080033,0.11422650389397458,0.6882382285080033,0.11422650389397458,5.661431789398193,0.41351466138008053,22.726765625160823,1.61355925413978,76.75,5.018714974971183,52.25,5.018714974971183,24.5,10.037429949942366,76.75,5.018714974971183,0.6222383777300516,0.04168687855707409,2.1898570458094277,0.1648005010874395,2.778785010178884,0.2002070586138674,0.10997526529391327,0.0021451305768222344,0.38675077459366464,0.003262013923903425,0.4908727576740654,0.0032122019252939222,0.02854890547071894,0.0013995971994698118,0.008114170848419899,0.00033698761411930003,0.284523029471768,0.010770368129362714
ALL,speculative,manual,EleutherAI/pythia-14m,EleutherAI/pythia-1.4b,greedy,2,,,1.0,12,68.75,13.935117509371782,128.0,0.0,0.6275572280147421,0.15150327147888004,1.2438476860808472,0.2988088108731523,4.930453757445018,0.6824808616027348,26.448310433557392,3.5350856565828574,116.0,15.264337522473747,70.5,7.632168761236874,28.75,13.442005058770064,58.5,7.632168761236874,0.9121471842130026,0.12354509841764691,1.8853182395299275,0.2617795210893221,2.0646298130353293,0.28662476014347615,0.18511123980529626,0.003417612646560388,0.3823760545772022,0.0040058849684367825,0.4187383741634431,0.003536627090135572,0.02854890547071894,0.0013995971994698118,0.00786630384239825,0.00026451842780086135,0.2758178715349624,0.0074247504722519805
ALL,speculative,manual,EleutherAI/pythia-14m,EleutherAI/pythia-1.4b,greedy,4,,,1.0,12,68.75,13.935117509371782,128.0,0.0,0.4616544065277418,0.17789844927270348,1.8373798076923076,0.7154460315829583,4.814698696136475,1.0446739216741008,27.97749658050278,6.537806601988482,190.75,40.307412469668655,81.0,10.198039027185569,36.0,16.263455967290593,48.0,10.198039027185569,1.5108365416526794,0.33708570297591084,1.5424837867418926,0.33207116260437614,1.6780071059862773,0.36041147566287934,0.31356216415189553,0.005680758598270432,0.320446608838886,0.004317285924068786,0.3486634462398761,0.005723573565241848,0.02854890547071894,0.0013995971994698118,0.00792715543630869,0.00043383451310643816,0.27765424220108853,0.006107772192619999
ALL,speculative,manual,EleutherAI/pythia-14m,EleutherAI/pythia-1.4b,greedy,6,,,1.0,12,68.75,13.935117509371782,128.0,0.0,0.3672037122404319,0.1791956694690998,2.1903601355804536,1.0535371768705082,5.0094825228055315,1.3408053800532003,27.782389390858967,8.537408165327982,263.5,69.84804936431654,84.5,11.629703349613008,36.5,16.194134740701646,44.0,11.510864433221338,2.0301605065663657,0.5609553966294891,1.3854465087254841,0.35144475680030984,1.5044668316841125,0.4104340812634486,0.404323640540755,0.007595538916434357,0.27781092086177267,0.007066616600480735,0.2998083000517531,0.007029284911170935,0.02854890547071894,0.0013995971994698118,0.007711412833294341,0.0003982822347451702,0.27016035769315944,0.00672795345480499
ALL,speculative,manual,EleutherAI/pythia-14m,EleutherAI/pythia-1.4b,greedy,8,,,1.0,12,68.75,13.935117509371782,128.0,0.0,0.3087622482540763,0.17080340619354695,2.419050343249428,1.2926809647208748,5.419127861658732,1.6064988161347658,26.434302744580798,9.804735377219828,334.75,99.67541070896071,86.75,12.275483697190918,36.75,16.099301227071937,42.25,12.275483697190918,2.575735171635946,0.7756332553456062,1.3147911032040913,0.37246013697647545,1.4255009492238362,0.4318275448800542,0.47422797714175546,0.006649154492329116,0.24401600062186757,0.00637154875659461,0.2624655932857429,0.004126157704060704,0.02854890547071894,0.0013995971994698118,0.0077043716116247,0.00023764476381013191,0.2702266903413621,0.00930746480524671
ALL,baseline,hf,,EleutherAI/pythia-1.4b,top_k,,50,,1.0,12,68.75,13.935117509371782,122.08333333333333,19.623363342936116,,,,,3.6024968028068542,0.5924744873408087,33.925565147690534,1.325422142721623,,,,,,,,,0.0,0.0,3.6024968028068542,0.5924744873408087,0.0,0.0,0.0,0.0,1.0,0.0,0.0,0.0,0.02952036081829615,0.0011292816301204185,,,,
ALL,baseline,manual,,EleutherAI/pythia-1.4b,top_k,,50,,1.0,12,68.75,13.935117509371782,128.0,0.0,,,,,3.7915770610173545,0.13054459774348096,33.79956630675283,1.1773083794919426,,,,,,,,,0.0,0.0,3.7915770610173545,0.13054459774348096,0.0,0.0,0.0,0.0,1.0,0.0,0.0,0.0,0.029621695789198082,0.001019879669870945,,,,
ALL,speculative,manual,EleutherAI/pythia-14m,EleutherAI/pythia-1.4b,top_k,1,50,,1.0,12,68.75,13.935117509371782,128.0,0.0,0.49523668155425954,0.04943408493200467,0.49523668155425954,0.04943408493200467,7.024164140224457,0.326984051669744,18.262199570052992,0.8474918935010484,85.91666666666667,2.6912925436591904,42.416666666666664,2.899952106884219,43.5,5.575242894559244,85.91666666666667,2.6912925436591904,0.7017713785171509,0.03461167852322006,2.475826938947042,0.11628940698108794,3.140606105327606,0.12910797570028762,0.09992483416699335,0.0024526586866848,0.35250337941414345,0.005279279575275702,0.4472406817421543,0.0040622380267892385,0.029621695789198082,0.0009811421556094612,0.008171749709953345,0.0003921525539812317,0.2757845270582582,0.00686013238695552
ALL,speculative,manual,EleutherAI/pythia-14m,EleutherAI/pythia-1.4b,top_k,2,50,,1.0,12,68.75,13.935117509371782,128.0,0.0,0.3797564922723771,0.042947884488273,0.7560149060750558,0.0854133105293818,6.880658467610677,0.3717182495335656,18.658059598663172,1.0226555971198155,145.83333333333334,6.974158650969225,55.083333333333336,3.707162736589204,53.833333333333336,4.561310727801336,73.25,3.467107343785787,1.1466326117515564,0.06153851464441576,2.3127764463424683,0.12663627376641157,2.5926223198572793,0.1357853624332341,0.16666098348147457,0.0019433564047483707,0.3361311027665056,0.003402818121455717,0.37686859787142013,0.0048123884861734,0.029621695789198082,0.0009811421556094612,0.007865284806056924,0.0002853594884827385,0.26562746121858394,0.008251516346071505
ALL,speculative,manual,EleutherAI/pythia-14m,EleutherAI/pythia-1.4b,top_k,4,50,,1.0,12,68.75,13.935117509371782,128.0,0.0,0.23805398282141974,0.030756134739552667,0.9395601145024481,0.12088266364283481,7.409090379873912,0.46259013703115326,17.345050161749477,1.1076267615245161,262.5,15.997395621371206,62.0,4.339738855430512,62.083333333333336,5.155229276073848,66.5,3.9895697345286076,2.030299444993337,0.12363183390119595,2.0704553524653115,0.11723683346017155,2.3109625577926636,0.15311103041504448,0.2740811646214583,0.0037846716330749612,0.27957331789372164,0.003772452519252883,0.3118789494076008,0.005148924921299175,0.029621695789198082,0.0009811421556094612,0.007736769667495498,0.00019852204409361187,0.2613528766278794,0.007488684304900812
ALL,speculative,manual,EleutherAI/pythia-14m,EleutherAI/pythia-1.4b,top_k,6,50,,1.0,12,68.75,13.935117509371782,128.0,0.0,0.17462140298048387,0.027278401283702527,1.0284957911396635,0.16112854420817857,8.275508205095926,0.5986145366951647,15.549876530864935,1.1437865418121906,375.9166666666667,29.85927642942623,64.83333333333333,5.063485843654437,61.583333333333336,5.765679106189968,63.833333333333336,5.112620550059322,2.9088237484296164,0.223544029993617,2.0084033211072287,0.14701414594010329,2.2265535791714988,0.16797879127478377,0.3514492957642022,0.006006712888319592,0.24271895383000983,0.004368181602008004,0.26900692540941673,0.0035998177390606993,0.029621695789198082,0.0009811421556094612,0.0077548951663944645,0.0005008480323844806,0.2616578578885161,0.011398738974789538
ALL,speculative,manual,EleutherAI/pythia-14m,EleutherAI/pythia-1.4b,top_k,8,50,,1.0,12,68.75,13.935117509371782,128.0,0.0,0.13880313899554167,0.046767703093714266,1.0840594653664493,0.37053953482093943,9.042511105537415,1.3551259150569677,14.53887908044077,2.622959533960104,494.75,75.1876818368541,65.25,9.764945809714803,62.416666666666664,9.987144514602537,63.416666666666664,9.656244381515805,3.725951929887136,0.5653482439008541,1.9359645247459412,0.2878016983243298,2.1661627491315207,0.33498639188879714,0.4119154032607016,0.004869444629707872,0.21411990163709316,0.003757436652005327,0.23947645911724277,0.005654681993814885,0.029621695789198082,0.0009811421556094612,0.007530684639510351,0.00022105214676474062,0.25436034013091563,0.007121896971855338
ALL,baseline,hf,,EleutherAI/pythia-1.4b,top_p,,,0.9,1.0,12,68.75,13.935117509371782,124.16666666666667,12.713728363029032,,,,,3.746316373348236,0.394804765936052,33.16367814325811,0.8708039500221045,,,,,,,,,0.0,0.0,3.746316373348236,0.394804765936052,0.0,0.0,0.0,0.0,1.0,0.0,0.0,0.0,0.030174508149455475,0.0008015810656497955,,,,
ALL,baseline,manual,,EleutherAI/pythia-1.4b,top_p,,,0.9,1.0,12,68.75,13.935117509371782,128.0,0.0,,,,,3.770632783571879,0.10139835027337275,33.9711663269516,0.9156019829744595,,,,,,,,,0.0,0.0,3.770632783571879,0.10139835027337275,0.0,0.0,0.0,0.0,1.0,0.0,0.0,0.0,0.029458068621655304,0.0007921746115107246,,,,
ALL,speculative,manual,EleutherAI/pythia-14m,EleutherAI/pythia-1.4b,top_p,1,,0.9,1.0,12,68.75,13.935117509371782,128.0,0.0,0.4650802175633198,0.07722345448584132,0.4650802175633198,0.07722345448584132,6.83167181412379,0.44227080968757954,18.814988807237086,1.2188690210402424,87.83333333333333,4.543004390146336,40.5,4.7871355387816905,47.333333333333336,9.321420969406375,87.83333333333333,4.543004390146336,0.7258484164873759,0.05666989937343413,2.5391732652982077,0.18767623913587944,3.2079011599222818,0.17965246864567191,0.10616972029003145,0.0024828755603657567,0.37146661310624435,0.004603676133607201,0.46985927871710853,0.006347422912135365,0.029458068621655308,0.0004941052750795082,0.008258761993823345,0.00039395221567301253,0.28038949674904556,0.013159880860399747
ALL,speculative,manual,EleutherAI/pythia-14m,EleutherAI/pythia-1.4b,top_p,2,,0.9,1.0,12,68.75,13.935117509371782,128.0,0.0,0.34351606417329983,0.04986760790038094,0.6845986391690707,0.10026478348950127,6.902224004268646,0.4667252081124508,18.631938941546508,1.2930935260606786,152.41666666666666,8.87372839090512,51.916666666666664,4.499228328897696,59.916666666666664,6.73867362484801,76.5,4.55521678957215,1.2400832970937092,0.08970508725436385,2.4797160824139914,0.17292245087219246,2.735615849494934,0.1841882729013698,0.17961029116609684,0.0017282791877116835,0.35924289139183374,0.0042612268152172166,0.39636701484371656,0.004505613530348867,0.029458068621655308,0.0004941052750795082,0.008132613902552434,0.0002638430936020469,0.2760117444328074,0.005001300583171283
ALL,speculative,manual,EleutherAI/pythia-14m,EleutherAI/pythia-1.4b,top_p,4,,0.9,1.0,12,68.75,13.935117509371782,128.0,0.0,0.20355947363655716,0.03086516884193075,0.8044669892396459,0.12061100895576705,7.668797791004181,0.49356758350207647,16.759005079836108,1.0577607866906924,283.0,19.765289440498126,57.0,4.949747468305833,67.66666666666667,5.467073155618908,71.58333333333333,4.872684635347906,2.2529364824295044,0.145651526507137,2.2887885371843972,0.14581798652052913,2.511424720287323,0.17627044976251083,0.293792304057184,0.003463743997092597,0.2985024364924749,0.004838460511100571,0.3273929323125148,0.004241351482673506,0.029458068621655308,0.0004941052750795082,0.007966122851638554,0.0002015435808464014,0.27043653522379046,0.0057791009186380455
ALL,speculative,manual,EleutherAI/pythia-14m,EleutherAI/pythia-1.4b,top_p,6,,0.9,1.0,12,68.75,13.935117509371782,128.0,0.0,0.157705092240691,0.03253499185335119,0.9295263593960872,0.19287825777944123,8.289090792338053,0.8115384990483793,15.5919184953389,1.5423524568374674,396.3333333333333,38.908725099762506,61.25,6.7097565778002215,65.41666666666667,7.181670341145497,67.25,6.5717197140474575,3.110369086265564,0.3091075087101679,2.097753663857778,0.21128823771997565,2.340240756670634,0.23140138995769688,0.37524091124576503,0.005054784775924467,0.25301721369952157,0.003949098120113863,0.28231815736429683,0.004049003638658257,0.029458068621655308,0.0004941052750795082,0.007853471939444991,0.0003148139627699334,0.2665636390085592,0.008746783062193151
ALL,speculative,manual,EleutherAI/pythia-14m,EleutherAI/pythia-1.4b,top_p,8,,0.9,1.0,12,68.75,13.935117509371782,128.0,0.0,0.12450738356900765,0.035449103187535885,0.9751266486992469,0.2805049614221326,9.129432181517283,0.9791966100257251,14.21408366980521,1.819091531568925,517.8333333333334,61.31589425988084,62.333333333333336,8.034647195462632,65.33333333333333,8.595864638818417,66.16666666666667,7.914473380389177,3.977218230565389,0.427941528152103,2.03126194079717,0.21439179911939885,2.244254728158315,0.25452868285638375,0.4356576576017865,0.003826871718728133,0.22254394920240034,0.0027509593356939426,0.2456612788644143,0.0030952165250066055,0.029458068621655308,0.0004941052750795082,0.007692474631857218,0.00018305156514959552,0.26114069713176097,0.004856867827332672
